word,source_lists,cefr_level,frequency_rank,pos,en_definition,ja_translation
the,NGSL|NGSL-Spoken|CEFR-J,A1,1,article,used to point to something already mentioned,その
be,NGSL|NGSL-Spoken|CEFR-J,A1,2,verb,used to show the identity of a thing,である
and,NGSL|NGSL-Spoken|CEFR-J,A1,3,conjunction,used to join words or groups of words,～と
of,NGSL|NGSL-Spoken|CEFR-J,A1,4,preposition,belonging to or connected with something,の
to,NGSL|NGSL-Spoken|CEFR-J,A1,5,preposition,used to indicate place or direction,～へ
in,NGSL|NGSL-Spoken|CEFR-J,A2,7,preposition,used to indicate being inside of or surrounded by something else,～の中
have,NGSL|NGSL-Spoken|CEFR-J,A1,8,verb,"to own, possess, or hold something",持つ
it,NGSL|NGSL-Spoken|CEFR-J,A2,9,pronoun,a thing that has been previously mentioned,それ
you,NGSL|NGSL-Spoken|CEFR-J,A1,10,pronoun,used to refer to the person the speaker is addressing,あなた
he,NGSL|NGSL-Spoken|CEFR-J,A1,11,pronoun,used to refer to a male person that is the subject,彼
for,NGSL|NGSL-Spoken|CEFR-J,A2,12,preposition,indicating the purpose or need of something,～のため
they,NGSL|NGSL-Spoken|CEFR-J,A1,13,pronoun,"used to refer to two or more people, animals, or things",彼ら
not,NGSL|NGSL-Spoken|CEFR-J,A1,14,adverb,used to make an expression negative,～でない
that,NGSL|NGSL-Spoken|CEFR-J,B2,15,adjective,"used to identify a specific person, thing, fact or idea",あの
we,NGSL|NGSL-Spoken|CEFR-J,A1,16,pronoun,used to refer to the speaker and another person as the subject,私たち
on,NGSL|NGSL-Spoken|CEFR-J,A2,17,preposition,touching and being supported or physically in contact by something,～に接して
with,NGSL|NGSL-Spoken|CEFR-J,A1,18,preposition,used to express that people or things are together,～と一緒
this,NGSL|NGSL-Spoken|CEFR-J,A1,19,adjective,"used to identify a specific person, thing, or idea that is close",この
do,NGSL|NGSL-Spoken|CEFR-J,A1,21,verb,to perform an action or activity; to work on something,する
as,NGSL|NGSL-Spoken|CEFR-J,A2,22,conjunction,used to refer to the same degree or amount,～のように
at,NGSL|NGSL-Spoken|CEFR-J,A1,23,preposition,"used to indicate place, location, or arrival",～で
she,NGSL|NGSL-Spoken|CEFR-J,A1,24,pronoun,used to refer to a female that is the subject,彼女
but,NGSL|NGSL-Spoken|CEFR-J,A1,25,conjunction,used to contrast a statement with a to previous one,でも
from,NGSL|NGSL-Spoken|CEFR-J,A1,26,preposition,indicating the starting point of motion or action ,～から
by,NGSL|NGSL-Spoken|CEFR-J,A1,27,preposition,"close to or next to, up to and beyond, beside a place",の近くに
will,NGSL|NGSL-Spoken|CEFR-J,A1,28,verb,"expressing the future, to say something is expected to happen",～だろう
or,NGSL|NGSL-Spoken|CEFR-J,A1,29,conjunction,"used to link alternatives, to introduce another choice",～か
say,NGSL|NGSL-Spoken|CEFR-J,B2,30,verb,to use your voice to express something with words,言う
go,NGSL|NGSL-Spoken|CEFR-J,B1,31,verb,to move or travel from one place to another,行く
so,NGSL|NGSL-Spoken|CEFR-J,A2,32,adverb,to a  degree that is suggested or stated,とても
all,NGSL|NGSL-Spoken|CEFR-J,A2,33,determiner,"the whole, entire or total amount",全て
if,NGSL|NGSL-Spoken|CEFR-J,A1,34,conjunction,introducing a condition for something to happen,もし
one,NGSL|NGSL-Spoken|CEFR-J,A1,35,noun,"the number 1, a single person or thing",1、ひとり、ひとつ
would,NGSL|NGSL-Spoken|CEFR-J,A1,36,verb,indicating someone thinking about what will happen,～だろう
about,NGSL|NGSL-Spoken|CEFR-J,A1,37,preposition,"on the subject of, or concerning something",～について
can,NGSL|NGSL-Spoken|CEFR-J,A1,38,verb,to be able to do something,～できる
which,NGSL|NGSL-Spoken|CEFR-J,A1,39,pronoun,"what one or ones of a group, one or more people or things",どちらか
there,NGSL|NGSL-Spoken|CEFR-J,A1,40,adverb,"in that place or position, at that location",そこ
know,NGSL|NGSL-Spoken|CEFR-J,A1,41,verb,"to have in your mind, be aware of something",知る
more,NGSL|NGSL-Spoken|CEFR-J,B1,42,adverb,"greater in amount, number, or size",もっと
get,NGSL|NGSL-Spoken|CEFR-J,A1,43,verb,"to obtain, receive or be given something",得る
who,NGSL|NGSL-Spoken|CEFR-J,A1,44,pronoun,"what or which person or people, to ask about, talking about",誰
like,NGSL|NGSL-Spoken|CEFR-J,B1,45,verb,to find something agreeable or enjoyable,好む
when,NGSL|NGSL-Spoken|CEFR-J,A1,46,adverb,"at what time, at, in, during which, how soon",どこ
think,NGSL|NGSL-Spoken|CEFR-J,A1,47,verb,to believe or have a particular idea,思う
make,NGSL|NGSL-Spoken|CEFR-J,B2,48,verb,"to build, create, or produce something",作る
time,NGSL|NGSL-Spoken|CEFR-J,A1,49,noun,"something measured in minutes, hours, days, etc.",時間
see,NGSL|NGSL-Spoken|CEFR-J,A1,50,verb,to notice or become aware of with the eyes,見る
what,NGSL|NGSL-Spoken|CEFR-J,A1,51,pronoun,asking for information about someone or something,なに
up,NGSL|NGSL-Spoken|CEFR-J,A2,52,adverb,to move towards a high place from a lower one,上がる
some,NGSL|NGSL-Spoken|CEFR-J,A1,53,adjective,used to refer to an unspecified amount or number,いくらか
other,NGSL|NGSL-Spoken|CEFR-J,A1,54,adjective,used to mention a person or thing is different from already mentioned,他
out,NGSL|NGSL-Spoken|CEFR-J,A1,55,adverb,in a direction or movement away from the inside or center,外へ
good,NGSL|NGSL-Spoken|CEFR-J,A1,56,adjective,of high quality,良い
people,NGSL|NGSL-Spoken|CEFR-J,A1,57,noun,"human beings in general, plural of person",人々
year,NGSL|NGSL-Spoken|CEFR-J,A1,58,noun,a unit of time equal to 12 months or 365 days,年
take,NGSL|NGSL-Spoken|CEFR-J,B1,59,verb,"to carry or move with one's hands, to reach for",持っていく、取る
no,NGSL|NGSL-Spoken|CEFR-J,A1,60,adverb,"not at all, in a way that shows a negative response",いいえ、ない
well,NGSL|NGSL-Spoken|CEFR-J,A1,61,adverb,"in a successful way, in a good or satisfactory way",上手く、上手に
because,NGSL|NGSL-Spoken|CEFR-J,A1,62,conjunction,for a reason,なぜならば
very,NGSL|NGSL-Spoken|CEFR-J,B2,63,adverb,to a high degree,とても
just,NGSL|NGSL-Spoken|CEFR-J,A1,64,adverb,"exactly, to an exact degree or manner",ただ～
come,NGSL|NGSL-Spoken|CEFR-J,A1,65,verb,"to move toward someone, to approach",来る
could,NGSL|NGSL-Spoken|CEFR-J,A1,66,verb,"used as the past tense of can, to indicate possibility",できた
work,NGSL|NGSL-Spoken|CEFR-J,A1,67,verb,to have a job or activity involving mental or physical effort,働く
use,NGSL|NGSL-Spoken|CEFR-J,A2,68,verb,to do something with another thing,使う
than,NGSL|NGSL-Spoken|CEFR-J,A1,69,conjunction,used to introduce a second part that is being compared,～より
now,NGSL|NGSL-Spoken|CEFR-J,A1,70,adverb,at the present time or moment,今
then,NGSL|NGSL-Spoken|CEFR-J,A1,71,adverb,"at that time, at the time mentioned, after that",その時、それから
also,NGSL|NGSL-Spoken|CEFR-J,A1,72,adverb,"in addition, too, in a similar way",～もまた
into,NGSL|NGSL-Spoken|CEFR-J,A1,73,preposition,introduce movement toward the inside of something,～の中に
only,NGSL|NGSL-Spoken|CEFR-J,A1,74,adverb,alone in a class or category,たった
look,NGSL|NGSL-Spoken|CEFR-J,A1,75,verb,to direct one's gaze in a particular direction,見る
want,NGSL|NGSL-Spoken|CEFR-J,B2,76,verb,to desire or wish for,欲しい
give,NGSL|NGSL-Spoken|CEFR-J,A1,77,verb,to hand over or present something to another,与える
first,NGSL|NGSL-Spoken|CEFR-J,A1,78,ord,coming before all others in time or place,最初
new,NGSL|NGSL-Spoken|CEFR-J,A1,79,adjective,"not old, recently born, built or created",新しい
way,NGSL|NGSL-Spoken|CEFR-J,A1,80,noun,a manner or characteristic of something,方法
find,NGSL|NGSL-Spoken|CEFR-J,A1,81,verb,to discover something,見つける
over,NGSL|NGSL-Spoken|CEFR-J,A2,82,preposition,in an upward direction across something,超える
any,NGSL|NGSL-Spoken|CEFR-J,A1,83,determiner,used to refer to something not particular or specific,何か
after,NGSL|NGSL-Spoken|CEFR-J,A2,84,preposition,"following in time, at a later time",後で
day,NGSL|NGSL-Spoken|CEFR-J,A1,85,noun,each of the 24 hours beginning at midnight,日
where,NGSL|NGSL-Spoken|CEFR-J,A1,86,adverb,to be in at or in what place?,どこ
thing,NGSL|NGSL-Spoken|CEFR-J,A1,87,noun,"an object, animal, or quality doesn't have a specific name",物
most,NGSL|NGSL-Spoken|CEFR-J,A2,88,adverb,almost all of something,もっとも
should,NGSL|NGSL-Spoken|CEFR-J,A1,89,verb,used to indicate what is proper or reasonable,～すべき
need,NGSL|NGSL-Spoken|CEFR-J,A1,90,verb,require because it is essential or important,必要とする
much,NGSL|NGSL-Spoken|CEFR-J,A1,91,adverb,large in amount or extent,たくさん
right,NGSL|NGSL-Spoken|CEFR-J,A1,92,adjective,"to be true, correct or acceptable",正しい
how,NGSL|NGSL-Spoken|CEFR-J,A1,93,adverb,by what means or manner?,どのようにして
back,NGSL|NGSL-Spoken|CEFR-J,A2,94,noun,the rear surface of something,背
mean,NGSL|NGSL-Spoken|CEFR-J,A2,95,verb,to have in mind as your purpose or intention,～するつもりだ
even,NGSL|NGSL-Spoken|CEFR-J,B1,96,adverb,"being flat, equal or smooth ",平らな、等しい
may,NGSL|NGSL-Spoken|CEFR-J,A1,97,verb,used to express possibility or probability,かもしれない
here,NGSL|NGSL-Spoken|CEFR-J,A1,98,adverb,"in this place, at this location or position",ここ
many,NGSL|NGSL-Spoken|CEFR-J,A1,99,determiner,used to refer a large number of things,たくさん
such,NGSL|NGSL-Spoken|CEFR-J,A2,100,adjective,like or similar,そのような
last,NGSL|NGSL-Spoken|CEFR-J,B1,101,ord,"coming after others, final",最後
child,NGSL|NGSL-Spoken|CEFR-J,A1,102,noun,a young person,子供
tell,NGSL|NGSL-Spoken|CEFR-J,A1,103,verb,to say or communicate information to someone,話す
really,NGSL|NGSL-Spoken|CEFR-J,A1,104,adverb,very or very much,本当に
call,NGSL|NGSL-Spoken|CEFR-J,A1,105,verb,"to speak, announce or shout in a loud voice",呼ぶ
before,NGSL|NGSL-Spoken|CEFR-J,A1,106,preposition,"at an earlier time, in front of",以前
company,NGSL|NGSL-Spoken|CEFR-J,A2,107,noun,a business that sells thing or provides services,会社
through,NGSL|NGSL-Spoken|CEFR-J,B1,108,preposition,into one side and out of the other side,～の間
down,NGSL|NGSL-Spoken|CEFR-J,B2,109,adverb,going from a higher position to a lower position,下へ
show,NGSL|NGSL-Spoken|CEFR-J,A2,110,verb,to cause or allow to be seen,見せる
life,NGSL|NGSL-Spoken|CEFR-J,A1,111,noun,the existence of a human being or animal,生命
man,NGSL|NGSL-Spoken|CEFR-J,A1,112,noun,an adult male human being,男性
change,NGSL|NGSL-Spoken|CEFR-J,A1,113,verb,to make or become different,変える
place,NGSL|NGSL-Spoken|CEFR-J,A1,114,noun,a particular area or region,場所
long,NGSL|NGSL-Spoken|CEFR-J,A1,115,adjective,extending a great distance ,長い
between,NGSL|NGSL-Spoken|CEFR-J,A1,116,preposition,in the space that separates to objects,～の間
feel,NGSL|NGSL-Spoken|CEFR-J,A2,117,verb,to be aware of or experience an emotion or sensation,感じる
too,NGSL|NGSL-Spoken|CEFR-J,A1,118,adverb,"in addition, also",～もまた
still,NGSL|NGSL-Spoken|CEFR-J,A1,119,adverb,used to express that an action or condition continues,まだ
problem,NGSL|NGSL-Spoken|CEFR-J,A1,120,noun,something that is difficult to deal with or needs to overcome,問題
write,NGSL|NGSL-Spoken|CEFR-J,A1,121,verb,to compose letters and words on a surface,書く
same,NGSL|NGSL-Spoken|CEFR-J,A1,122,adjective,"identical, not different",同じ
lot,NGSL|NGSL-Spoken|CEFR-J,A1,123,noun,a small piece of land that is or could be used for building something or for some other purpose ,用地
great,NGSL|NGSL-Spoken|CEFR-J,A1,124,adjective,"very large in size, extent or amount",巨大な、多量の
try,NGSL|NGSL-Spoken|CEFR-J,A1,125,verb,"to make an effort, to attempt to do something",試す
leave,NGSL|NGSL-Spoken|CEFR-J,B1,126,verb,"to go away from, depart from",去る
number,NGSL|NGSL-Spoken|CEFR-J,A1,127,noun,a word or symbol that stands for a specific amount or quantity,数字
both,NGSL|NGSL-Spoken|CEFR-J,A1,128,determiner,used to emphasis two things at the same time,両方とも
own,NGSL|NGSL-Spoken|CEFR-J,A1,129,determiner,when something belongs to someone,自身の
part,NGSL|NGSL-Spoken|CEFR-J,A2,130,noun,one of the pieces of a whole,部品
point,NGSL|NGSL-Spoken|CEFR-J,A1,131,noun,an idea that you try to make others accept or understand,主張
little,NGSL|NGSL-Spoken|CEFR-J,A1,132,adjective,"small in size, amount, or degree",少し、小さい
help,NGSL|NGSL-Spoken|CEFR-J,A2,133,verb,to assist in order to make it easier for someone to do a job,助ける
ask,NGSL|NGSL-Spoken|CEFR-J,A1,134,verb,to request,求める
meet,NGSL|NGSL-Spoken|CEFR-J,A1,135,verb,to be introduced for the first time,会う
start,NGSL|NGSL-Spoken|CEFR-J,A1,136,verb,to begin doing something,始める
talk,NGSL|NGSL-Spoken|CEFR-J,B1,137,verb,using words to express opinions or give information,話す
something,NGSL|NGSL-Spoken|CEFR-J,A1,138,pronoun,"a thing that is not yet know, specified or named",何か
put,NGSL|NGSL-Spoken|CEFR-J,A1,139,verb,to move or place in a particular position,置く
another,NGSL|NGSL-Spoken|CEFR-J,A1,140,determiner,one more in addition,もう一つ
become,NGSL|NGSL-Spoken|CEFR-J,A1,141,verb,"to begin to be, grow to be, develop into",なる
interest,NGSL|NGSL-Spoken|CEFR-J,A2,142,noun,a feeling of wanting to know or learn about something,興味
country,NGSL|NGSL-Spoken|CEFR-J,A2,143,noun,"an area, nation that is controlled by government",国
old,NGSL|NGSL-Spoken|CEFR-J,A1,144,adjective,"having lived for many years, no longer young",古い
each,NGSL|NGSL-Spoken|CEFR-J,A1,145,adjective,every one of two more things,各々
school,NGSL|NGSL-Spoken|CEFR-J,A1,146,noun,a place where children go to learn,学校
late,NGSL|NGSL-Spoken|CEFR-J,A1,147,adjective,happening near the end of a given time,遅れる
high,NGSL|NGSL-Spoken|CEFR-J,A1,148,adjective,rising upward a great distance,高い
different,NGSL|NGSL-Spoken|CEFR-J,A1,149,adjective,"not of the same kind, unlike in nature",違う
off,NGSL|NGSL-Spoken|CEFR-J,A1,150,adverb,away from a place or at a distance,離れて
next,NGSL|NGSL-Spoken|CEFR-J,A2,151,ord,coming immediately after this time,次
end,NGSL|NGSL-Spoken|CEFR-J,A1,152,noun,a point that marks the limit of something,終わり
live,NGSL|NGSL-Spoken|CEFR-J,B1,153,verb,"to be alive, to remain or continue to be alive",生きる
why,NGSL|NGSL-Spoken|CEFR-J,A1,154,adverb,for what reason or purpose,なぜ
while,NGSL|NGSL-Spoken|CEFR-J,A2,155,conjunction,"during the time that, at the same time",間
world,NGSL|NGSL-Spoken|CEFR-J,A1,156,noun,the earth and all people and things on it,世界
week,NGSL|NGSL-Spoken|CEFR-J,A1,157,noun,"a period of seven days,  starts on Sunday and end on Saturday",週
play,NGSL|NGSL-Spoken|CEFR-J,A1,158,verb,to do activities for fun or enjoyment,遊ぶ
might,NGSL|NGSL-Spoken|CEFR-J,A2,159,verb,to say something is possible,～かもしれない
must,NGSL|NGSL-Spoken|CEFR-J,A1,160,verb,used to say that something is required or necessary,～しなければならない
home,NGSL|NGSL-Spoken|CEFR-J,A2,161,noun,the place where a person or a family lives,住まい
never,NGSL|NGSL-Spoken|CEFR-J,A1,162,adverb,"not ever, not at any time",決して～しない
include,NGSL|NGSL-Spoken|CEFR-J,A2,163,verb,to have as a part of a group,含む
course,NGSL|NGSL-Spoken|CEFR-J,A1,164,noun,the route or direction that something moves along,進路
house,NGSL|NGSL-Spoken|CEFR-J,A1,165,noun,a building in which a family lives,家
report,NGSL|NGSL-Spoken|CEFR-J,A2,166,noun,a story given about a particular matter,報告
group,NGSL|NGSL-Spoken|CEFR-J,A1,167,noun,a number of people or things located or gathered together,集団
case,NGSL|NGSL-Spoken|CEFR-J,A1,168,noun,an example or instance of something,事例
woman,NGSL|NGSL-Spoken|CEFR-J,A1,169,noun,an adult female human being,女性
around,NGSL|NGSL-Spoken|CEFR-J,A2,170,preposition,located on every side or along something,～の周りに
book,NGSL|NGSL-Spoken|CEFR-J,A1,171,noun,a printed or written work that is bound together and has a cover,本
family,NGSL|NGSL-Spoken|CEFR-J,A1,172,noun,a group of people who are related to each other,家族
seem,NGSL|NGSL-Spoken|CEFR-J,A2,173,verb,to appear to be something,～のように思われる
let,NGSL|NGSL-Spoken|CEFR-J,A1,174,verb,to allow or permit to do something,させる
again,NGSL|NGSL-Spoken|CEFR-J,A1,175,adverb,"one more time, once more",再び
kind,NGSL|NGSL-Spoken|CEFR-J,A2,176,adjective,"having a friendly, gentle nature",親切
keep,NGSL|NGSL-Spoken|CEFR-J,A1,177,verb,to continue holding or retaining possession of,保つ
hear,NGSL|NGSL-Spoken|CEFR-J,A1,178,verb,"to be aware of sound, to perceive with the ear",聞く
system,NGSL|NGSL-Spoken|CEFR-J,A2,179,noun,a set of related parts that move or work together,システム
every,NGSL|NGSL-Spoken|CEFR-J,A1,180,determiner,including each person or thing in a group,毎
question,NGSL|NGSL-Spoken|CEFR-J,A1,181,verb,to ask for or elicit information,質問する
during,NGSL|NGSL-Spoken|CEFR-J,A2,182,preposition,throughout the entire time,間
always,NGSL|NGSL-Spoken|CEFR-J,A1,183,adverb,at all times,いつも
big,NGSL|NGSL-Spoken|CEFR-J,A1,184,adjective,large in size or extent,大きい
set,NGSL|NGSL-Spoken|CEFR-J,A2,185,verb,to put or stand something in a place or position,設置する
small,NGSL|NGSL-Spoken|CEFR-J,A1,186,adjective,"little in size, not great in amount",小さい
study,NGSL|NGSL-Spoken|CEFR-J,A2,187,verb,devoting time to learn about something,勉強する、研究する
follow,NGSL|NGSL-Spoken|CEFR-J,A2,188,verb,"to come after, to move or travel behind",ついて行く
begin,NGSL|NGSL-Spoken|CEFR-J,A1,189,verb,"to do the first part of an action, to start",始める
important,NGSL|NGSL-Spoken|CEFR-J,A1,190,adjective,having great significance,大切
since,NGSL|NGSL-Spoken|CEFR-J,B2,191,conjunction,"because, for the reason that",～なので、～だから
run,NGSL|NGSL-Spoken|CEFR-J,A1,192,verb,to move with your legs at a speed that is faster than walking,走る
under,NGSL|NGSL-Spoken|CEFR-J,A1,193,preposition,to be below something,下に
turn,NGSL|NGSL-Spoken|CEFR-J,A1,194,verb,to move around a central point,回る
few,NGSL|NGSL-Spoken|CEFR-J,A2,195,determiner,"not many, a small number",少し
bring,NGSL|NGSL-Spoken|CEFR-J,A1,196,verb,"to take or go with to a place,",持っていく
early,NGSL|NGSL-Spoken|CEFR-J,A2,197,adjective,"at or near the beginning of time, done before the expected time",早い
hand,NGSL|NGSL-Spoken|CEFR-J,A1,198,noun,the body parts at the end of a person's arm,手
state,NGSL|NGSL-Spoken|CEFR-J,B2,199,noun,a way of living or existing,状態
move,NGSL|NGSL-Spoken|CEFR-J,A1,200,verb,to cause to go in a specified direction or manner,動かす
money,NGSL|NGSL-Spoken|CEFR-J,A1,201,noun,something used to pay for goods and services,金
fact,NGSL|NGSL-Spoken|CEFR-J,A2,202,noun,something that is known or proved to be true,事実
however,NGSL|CEFR-J,A2,203,adverb,used to introduce a different statement,しかし
area,NGSL|NGSL-Spoken|CEFR-J,A2,204,noun,a part or section in a large place,地域
provide,NGSL|NGSL-Spoken|CEFR-J,A2,205,verb,"to make available, to supply for use",提供する
name,NGSL|NGSL-Spoken|CEFR-J,A1,206,noun,a word that addressed or refers to a specific person,名前
read,NGSL|NGSL-Spoken|CEFR-J,A1,207,verb,to look at and comprehend the meaning of something written,読む
friend,NGSL|NGSL-Spoken|CEFR-J,A1,208,noun,a person who you like and enjoy being with,友達
month,NGSL|NGSL-Spoken|CEFR-J,A1,209,noun,one of the 12 periods of time a year is broken into  ,口
large,NGSL|NGSL-Spoken|CEFR-J,A1,210,adjective,"great in size, extent, or capacity",大きい
business,NGSL|NGSL-Spoken|CEFR-J,A1,211,noun,"the activity of making, buying, selling or providing goods",ビジネス、商売
without,NGSL|NGSL-Spoken|CEFR-J,A2,212,preposition,"not having or including something, in the absence of",～なしに
information,NGSL|NGSL-Spoken|CEFR-J,A1,213,noun,"facts or data about a situation, person, event, etc.",情報
open,NGSL|NGSL-Spoken|CEFR-J,A1,214,adjective,not closed,開いている
order,NGSL|NGSL-Spoken|CEFR-J,A1,215,noun,an instruction or direction that must be obeyed,命令
government,NGSL|NGSL-Spoken|CEFR-J,A2,216,noun,the group of people who officially control a country,政府
word,NGSL|NGSL-Spoken|CEFR-J,A1,217,noun,a unit of language that has a meaning,語
issue,NGSL|NGSL-Spoken|CEFR-J,A2,218,noun,problems that people are talking or thinking about,問題
market,NGSL|NGSL-Spoken|CEFR-J,A2,219,noun,a place that products are bought and sold,市場
pay,NGSL|NGSL-Spoken|CEFR-J,A1,220,verb,give money for goods or work done,はらう
build,NGSL|NGSL-Spoken|CEFR-J,A1,221,verb,to construct by putting parts or materials together,建てる
hold,NGSL|NGSL-Spoken|CEFR-J,A1,222,verb,to have or keep in your hand,手に持つ
service,NGSL|NGSL-Spoken|CEFR-J,B1,223,noun,the action of helping or doing work for someone,奉仕、勤務
against,NGSL|NGSL-Spoken|CEFR-J,A2,224,preposition,in opposition to,反対に、逆らって
believe,NGSL|NGSL-Spoken|CEFR-J,A1,225,verb,to accept that something is true,信じる
second,NGSL|NGSL-Spoken|CEFR-J,A1,226,ord,"a unit of time, one sixtieth of a minute",秒
though,NGSL|NGSL-Spoken|CEFR-J,B2,227,conjunction,"although, despite the fact that",だが
yes,NGSL|NGSL-Spoken|CEFR-J,A1,228,interjection,"used to give a positive answer or reply to a question, request, or offer ",はい
love,NGSL|NGSL-Spoken|CEFR-J,A1,229,noun,feel great affection for,愛
increase,NGSL|NGSL-Spoken|CEFR-J,B1,230,verb,"to become larger or greater in size, amount, or degree",増える
job,NGSL|NGSL-Spoken|CEFR-J,A1,231,noun,the regular work of earning money,仕事
plan,NGSL|NGSL-Spoken|CEFR-J,A1,232,noun,"a set of actions as a way to do, detailed proposal for doing",予定
result,NGSL|NGSL-Spoken|CEFR-J,A1,233,noun,a thing that is caused by something else that happened,結果
away,NGSL|NGSL-Spoken|CEFR-J,A1,234,adverb,at a distance from a particular person or place,離れて・去って
example,NGSL|NGSL-Spoken|CEFR-J,A1,235,noun,a thing which is seen as a model,例
happen,NGSL|NGSL-Spoken|CEFR-J,A1,236,verb,to take place or occur,起こる
offer,NGSL|NGSL-Spoken|CEFR-J,A2,237,verb,to give someone the opportunity to accept something,申し出る
young,NGSL|NGSL-Spoken|CEFR-J,A1,238,adjective,in an early stage of life  or growth,若い
close,NGSL|NGSL-Spoken|CEFR-J,A1,239,verb,to move so that things cannot path through,閉める
program,NGSL|NGSL-Spoken|CEFR-J,A1,240,noun,a plan of things that are done to achieve a result,プログラム
lead,NGSL|NGSL-Spoken|CEFR-J,B1,241,verb,"to guide someone to a place , to go with, be in charge",導く
buy,NGSL|NGSL-Spoken|CEFR-J,A1,242,verb,to get something by paying money for it;  purchase,買う
understand,NGSL|NGSL-Spoken|CEFR-J,A2,243,verb,"to know, to perceive or comprehend something",理解する
thank,NGSL|NGSL-Spoken|CEFR-J,A1,244,verb,to tell (someone) that you are grateful for something that he or she has done or given,感謝する
far,NGSL|NGSL-Spoken|CEFR-J,B2,245,adverb,to a great distance in space or time,遠い
today,NGSL|NGSL-Spoken|CEFR-J,A1,246,noun,"this day, this present day, at the present time",今日
hour,NGSL|NGSL-Spoken|CEFR-J,A1,247,noun,a period of time equal to 60 minutes,時間
student,NGSL|NGSL-Spoken|CEFR-J,A1,248,noun,a person who attends a school,生徒
face,NGSL|NGSL-Spoken|CEFR-J,A1,249,noun,"the front part of a person's head, the surface of a thing",顔
hope,NGSL|NGSL-Spoken|CEFR-J,A1,250,noun,"a feeling of expectation, to want something to happen",望む
idea,NGSL|NGSL-Spoken|CEFR-J,A1,251,noun,"a thought, suggestion, opinion or plan",アイデア
cost,NGSL|NGSL-Spoken|CEFR-J,A2,252,noun,the price of something,費用
less,NGSL|NGSL-Spoken|CEFR-J,A2,253,adverb,"not so much, a smaller amount of",より少ない
room,NGSL|NGSL-Spoken|CEFR-J,A1,254,noun,a space that can be occupied which has its own floor and ceiling,部屋
until,NGSL|NGSL-Spoken|CEFR-J,B1,255,conjunction,"up to, to indicate the point in time when a particular situation",まで
reason,NGSL|NGSL-Spoken|CEFR-J,A1,256,noun,a cause for an action or event,理由
form,NGSL|NGSL-Spoken|CEFR-J,A1,257,noun,"a type or kind of something, the visible shape, style",形
spend,NGSL|NGSL-Spoken|CEFR-J,A1,258,verb,to use money to pay for something,費やす
head,NGSL|NGSL-Spoken|CEFR-J,A1,259,noun,the upper part of the body,頭
car,NGSL|NGSL-Spoken|CEFR-J,A1,260,noun,a vehicle with four wheels and engine that can carry things,車
learn,NGSL|NGSL-Spoken|CEFR-J,A1,261,verb,to acquire knowledge by study or experience,学ぶ
level,NGSL|NGSL-Spoken|CEFR-J,B1,262,noun,a specific height or line,高さ
person,NGSL|NGSL-Spoken|CEFR-J,A1,263,noun,a human being,人
experience,NGSL|NGSL-Spoken|CEFR-J,A2,264,noun,the act of having things happen to you,経験
once,NGSL|NGSL-Spoken|CEFR-J,A1,265,adverb,one time only,一度
member,NGSL|NGSL-Spoken|CEFR-J,A2,266,noun,a person or country belonging to a group or team,メンバー
enough,NGSL|NGSL-Spoken|CEFR-J,A2,267,adverb,"equal to what is needed, as much as required",十分
bad,NGSL|NGSL-Spoken|CEFR-J,A1,268,adjective,"low or poor in quality, not correct or proper",悪い
city,NGSL|NGSL-Spoken|CEFR-J,A1,269,noun,many people living in a place larger than a town,都市
night,NGSL|NGSL-Spoken|CEFR-J,A1,270,noun,the period of time of darkness between sunset and sunrise,夜
able,NGSL|NGSL-Spoken|CEFR-J,B1,271,adjective,"having the power, skill, money, or means to do something",できる
support,NGSL|NGSL-Spoken|CEFR-J,A2,272,verb,to give assistance to,支える
whether,NGSL|NGSL-Spoken|CEFR-J,B1,273,conjunction,expressing a doubt between alternatives,～かどうか
line,NGSL|NGSL-Spoken|CEFR-J,A1,274,noun,a long narrow mark or band on a surface ,線
present,NGSL|NGSL-Spoken|CEFR-J,B1,275,adjective,"existing or happening now, not in the past or future",現在
side,NGSL|NGSL-Spoken|CEFR-J,A1,276,noun,a position or direction that is away from the center,端
quite,NGSL|NGSL-Spoken|CEFR-J,A2,277,adverb,"to a very large degree, very",かなり
although,NGSL|NGSL-Spoken|CEFR-J,A2,278,conjunction,"despite the fact that, however, ",だけれども
sure,NGSL|NGSL-Spoken|CEFR-J,A1,279,adjective,"completely confident of being right, not having any doubt",確信
term,NGSL|NGSL-Spoken|CEFR-J,B1,280,noun,a word or phrase that describes something else,用語
least,NGSL|NGSL-Spoken|CEFR-J,B1,281,determiner,"smallest in amount, extent or degree",最小
age,NGSL|NGSL-Spoken|CEFR-J,A1,282,noun,the amount of time a person has lived,年齢
low,NGSL|NGSL-Spoken|CEFR-J,A2,283,adjective,not rising or extending upward,低い
speak,NGSL|NGSL-Spoken|CEFR-J,A1,284,verb,to use words to tell information or express thoughts,話す
within,NGSL|NGSL-Spoken|CEFR-J,A2,285,preposition,inside something,以内に
process,NGSL|NGSL-Spoken|CEFR-J,B1,286,noun,a series of actions that produce achievement,過程
public,NGSL|NGSL-Spoken|CEFR-J,B1,287,adjective,concerning or affecting all or most of the people in a group,公共
often,NGSL|NGSL-Spoken|CEFR-J,A1,288,adverb,"many times, frequently, on many occasions",しばしば
train,NGSL|NGSL-Spoken|CEFR-J,A1,289,noun,a group of connected vehicles traveling on railways,電車
possible,NGSL|NGSL-Spoken|CEFR-J,A2,290,adjective,to be able to be done,可能性
actually,NGSL|NGSL-Spoken|CEFR-J,A2,291,adverb,used when you are saying what is the truth of a situation,実際
rather,NGSL|NGSL-Spoken|CEFR-J,A2,292,adverb,to a certain extent,やや、割に
view,NGSL|NGSL-Spoken|CEFR-J,A2,293,noun,an opinion or way of thinking,見解
together,NGSL|NGSL-Spoken|CEFR-J,A1,294,adverb,to be with each other or in one group,一緒に
consider,NGSL|NGSL-Spoken|CEFR-J,A2,295,verb,to think about carefully,よく考える
price,NGSL|NGSL-Spoken|CEFR-J,A1,296,noun,the amount of money that you pay for something or that something costs,価格
parent,NGSL|NGSL-Spoken|CEFR-J,A1,297,noun,a person who is a father or mother,親
hard,NGSL|NGSL-Spoken|CEFR-J,A1,298,adjective,something that is firm or difficult to bend,固い
party,NGSL|NGSL-Spoken|CEFR-J,A1,299,noun,an organization of people who have the same political beliefs ,政党
local,NGSL|NGSL-Spoken|CEFR-J,A2,300,adjective,"relating or restricted to a particular area, city, or town",地方の
control,NGSL|NGSL-Spoken|CEFR-J,A2,301,verb,to direct or influence the behavior of something or someone,操作する
already,NGSL|NGSL-Spoken|CEFR-J,A1,302,adverb,before this time,すでに
concern,NGSL|NGSL-Spoken|CEFR-J,A2,303,noun,a feeling of worry or anxiety,心配する
product,NGSL|NGSL-Spoken|CEFR-J,A2,304,noun,something that is made or grown to be sold or used,製品、生産物
lose,NGSL|NGSL-Spoken|CEFR-J,A2,305,verb,to be unable to find something you once had,失う
story,NGSL|NGSL-Spoken|CEFR-J,A1,306,noun,a description of how something happened,物語
almost,NGSL|NGSL-Spoken|CEFR-J,A1,307,adverb,"only a little less than, nearly, not quite",ほとんど
continue,NGSL|NGSL-Spoken|CEFR-J,A2,308,verb,to do something without stopping,続ける
stand,NGSL|NGSL-Spoken|CEFR-J,A1,309,verb,to be in an upright position supported by on your feet,立つ
whole,NGSL|NGSL-Spoken|CEFR-J,A2,310,adjective,"complete or full, all of something",全体
yet,NGSL|NGSL-Spoken|CEFR-J,A1,311,adverb,"until now, up until the present",まだ
rate,NGSL|NGSL-Spoken|CEFR-J,A2,312,noun,the measure of speed or frequency over a particular period of time ,速度、率
care,NGSL|NGSL-Spoken|CEFR-J,A1,313,noun,effort made to do something correctly or well,注意
expect,NGSL|NGSL-Spoken|CEFR-J,A2,314,verb,to be regarded as likely to happen,期待する
effect,NGSL|NGSL-Spoken|CEFR-J,A2,315,noun,a change or results of something being done,効果
sort,NGSL|NGSL-Spoken|CEFR-J,B1,316,noun,a group of people or things that have some shared quality,一部
ever,NGSL|NGSL-Spoken|CEFR-J,A2,317,adverb,"at any time, at all times",今までに
anything,NGSL|NGSL-Spoken|CEFR-J,A1,318,pronoun,"a thing of any kind, used to refer to a thing, no matter what",何でも
cause,NGSL|NGSL-Spoken|CEFR-J,B2,319,noun,something that produces an effect,要因
fall,NGSL|NGSL-Spoken|CEFR-J,B1,320,verb,to come or go down from a higher to a lower place,落ちる
deal,NGSL|NGSL-Spoken|CEFR-J,A2,321,verb,to trade or do business with someone,取引
water,NGSL|NGSL-Spoken|CEFR-J,A1,322,noun,"the clear liquid which forms the seas, rivers and rain",水
send,NGSL|NGSL-Spoken|CEFR-J,A2,323,verb,to cause to go to another destination,送る
allow,NGSL|NGSL-Spoken|CEFR-J,A2,324,verb,to permit or treat as acceptable,許可する
soon,NGSL|NGSL-Spoken|CEFR-J,A1,325,adverb,at a time not long from now,すぐに
watch,NGSL|NGSL-Spoken|CEFR-J,A1,326,verb,to pay attention to what is happening,見る
base,NGSL|NGSL-Spoken|CEFR-J,A2,327,noun,the bottom or lowest part of something : the part on which something rests or is supported ,土台
probably,NGSL|NGSL-Spoken|CEFR-J,A2,328,adverb,used to mean that something is very likely,おそらく
suggest,NGSL|NGSL-Spoken|CEFR-J,A2,329,verb,to mention something as a possible thing to be done,提案する
past,NGSL|NGSL-Spoken|CEFR-J,B1,330,preposition,a time before the present,過去
power,NGSL|NGSL-Spoken|CEFR-J,A2,331,noun,"the ability, capacity or right to control things",力
test,NGSL|NGSL-Spoken|CEFR-J,A1,332,noun,a set of questions designed to measure a person's ability,テスト
visit,NGSL|NGSL-Spoken|CEFR-J,A1,333,verb,to go somewhere to spend time with,訪問する
center,NGSL|NGSL-Spoken|CEFR-J,A2,334,noun,the middle point or part,中央
grow,NGSL|NGSL-Spoken|CEFR-J,A1,335,verb,to become larger,育つ
nothing,NGSL|NGSL-Spoken|CEFR-J,A1,336,pronoun,"not anything, no a single thing",無
return,NGSL|CEFR-J,A2,337,verb,to come back to a place again,戻る
mother,NGSL|NGSL-Spoken|CEFR-J,A1,338,noun,a female who has a child or children,母
walk,NGSL|NGSL-Spoken|CEFR-J,A1,339,verb,"to move with your legs, to go on foot",歩く
matter,NGSL|NGSL-Spoken|CEFR-J,A1,340,noun,the physical substance things are made of,物質
mind,NGSL|NGSL-Spoken|CEFR-J,A1,341,noun,"the part of person that enables us to think, feel, and reason",心
value,NGSL|NGSL-Spoken|CEFR-J,A2,342,noun,the amount of money something is worth,価値
office,NGSL|NGSL-Spoken|CEFR-J,A1,343,noun,a building of set of rooms used to do business or professional activities,事務所
record,NGSL|NGSL-Spoken|CEFR-J,B1,344,noun,an official piece of evidence or document about past events,記録
stay,NGSL|NGSL-Spoken|CEFR-J,B1,345,verb,to continue to be in the same place;  remain,とどまる
force,NGSL|NGSL-Spoken|CEFR-J,A2,346,verb,"to use physical strength, power, or energy used on something",強いる
stop,NGSL|NGSL-Spoken|CEFR-J,A1,347,verb,to not move or come to an end,止まる
several,NGSL|NGSL-Spoken|CEFR-J,A2,348,adjective,more than two but not many,数個の
light,NGSL|NGSL-Spoken|CEFR-J,A1,349,noun,the form of energy that makes things visible,光、明かり
develop,NGSL|NGSL-Spoken|CEFR-J,A2,350,verb,to cause to grow or bigger or more advanced,発展させる
remember,NGSL|NGSL-Spoken|CEFR-J,A1,351,verb,to bring a previous image or idea to your mind,思い出す
bit,NGSL|NGSL-Spoken|CEFR-J,A2,352,noun,a small piece of something,少し
share,NGSL|NGSL-Spoken|CEFR-J,A2,353,verb,to have or use something with others,共有する
real,NGSL|NGSL-Spoken|CEFR-J,A1,354,adjective,"actually existing or happening, not imagined or supposed",本当の
answer,NGSL|NGSL-Spoken|CEFR-J,A1,355,noun,a reaction to a question someone asks,答え
sit,NGSL|NGSL-Spoken|CEFR-J,A1,356,verb,to be in a resting position on a chair or couch,座る
figure,NGSL|NGSL-Spoken|CEFR-J,A2,357,noun,a an amount that is expressed in numbers,図
letter,NGSL|NGSL-Spoken|CEFR-J,A1,358,noun,"a written, typed or printed message",文字
decide,NGSL|NGSL-Spoken|CEFR-J,A2,359,verb,to make a choice about something or choose after thinking,決める
language,NGSL|NGSL-Spoken|CEFR-J,A1,360,noun,the system of words or signs that people use to express thoughts and feelings to each other ,言語
subject,NGSL|NGSL-Spoken|CEFR-J,A1,361,noun,the thing being discussed or described,主題
class,NGSL|NGSL-Spoken|CEFR-J,A1,362,noun,a group of students who often meet and are taught together,クラス
development,NGSL|NGSL-Spoken|CEFR-J,B1,363,noun,when someone or something grows or changes and becomes more advanced,開発
town,NGSL|NGSL-Spoken|CEFR-J,A1,364,noun,"a place people live, larger than a village, smaller than a city",町
half,NGSL|NGSL-Spoken|CEFR-J,B1,365,determiner,one of two equal parts something can be divided into,半分
minute,NGSL|NGSL-Spoken|CEFR-J,A1,366,noun,a period of time equal to 60 seconds,分
food,NGSL|NGSL-Spoken|CEFR-J,A1,367,noun,the things that people and animals eat,食べ物
break,NGSL|NGSL-Spoken|CEFR-J,A2,368,verb,to separate into pieces,壊す
clear,NGSL|NGSL-Spoken|CEFR-J,A2,369,adjective,very obvious or easy to perceive,明らかに
future,NGSL|NGSL-Spoken|CEFR-J,B1,370,noun,the period of time coming after the present,未来
either,NGSL|NGSL-Spoken|CEFR-J,A1,371,adjective,one or the other of two,どちらか
ago,NGSL|NGSL-Spoken|CEFR-J,A1,372,adverb,in the past,以前に
per,NGSL|NGSL-Spoken|CEFR-J,B1,373,preposition,"for each one, by means of, as directed by or stated in",～につき
remain,NGSL|CEFR-J,A2,374,verb,"to be left behind, to continue to exist",残る
top,NGSL|NGSL-Spoken|CEFR-J,B1,375,noun,"the highest part, point, or level of something",最上部
among,NGSL|CEFR-J,A2,376,preposition,"situated centrally, in relation to several things",～の間で
win,NGSL|NGSL-Spoken|CEFR-J,B2,377,verb,to achieve victory in a fight or game,勝つ
color,NGSL|NGSL-Spoken|CEFR-J,A1,378,noun,"a quality such as red, blue, green, etc.",色
involve,NGSL|NGSL-Spoken|CEFR-J,B1,379,verb,to have or include in a part of something,巻き込む
reach,NGSL|CEFR-J,B1,380,verb,to come to or arrive at a goal or destination,届く
social,NGSL|CEFR-J,A1,381,adjective,involving activities among people,社会の
period,NGSL|NGSL-Spoken|CEFR-J,A1,382,noun,a length or portion of time during a series of events,期間
across,NGSL|NGSL-Spoken|CEFR-J,A2,383,preposition,from one side to the other of something,横切って
note,NGSL|NGSL-Spoken|CEFR-J,A1,384,noun,"a brief, short record of something",メモ
history,NGSL|CEFR-J,A1,385,noun,the study of past event,歴史
create,NGSL|NGSL-Spoken|CEFR-J,A2,386,verb,"to make, cause, or bring into existence",作る
drive,NGSL|NGSL-Spoken|CEFR-J,A1,387,verb,to control the movement of a car,運転する
along,NGSL|NGSL-Spoken|CEFR-J,A1,388,preposition,at a point on something,沿って
type,NGSL|NGSL-Spoken|CEFR-J,A1,389,noun,a particular category of people or objects with a common characteristic,型
sound,NGSL|NGSL-Spoken|CEFR-J,B2,390,noun,something that is heard,音
eye,NGSL|NGSL-Spoken|CEFR-J,A1,391,noun,the part of the body that you see with,目
music,NGSL|NGSL-Spoken|CEFR-J,A1,392,noun,the art of making sounds that are sung or played,音楽
game,NGSL|NGSL-Spoken|CEFR-J,A1,393,noun,one of the games that are part of a larger contest,ゲーム、競技
political,NGSL|CEFR-J,A2,394,adjective,relating to government or public affairs,政治の
free,NGSL|NGSL-Spoken|CEFR-J,A1,395,adjective,without control by others,自由
receive,NGSL|NGSL-Spoken|CEFR-J,A2,396,verb,to get or be presented with something,受け取る
moment,NGSL|NGSL-Spoken|CEFR-J,A1,397,noun,a very short or brief period of time,瞬間
sale,NGSL|NGSL-Spoken|CEFR-J,A1,398,noun,the act of selling something or exchanging for money,販売
policy,NGSL|NGSL-Spoken|CEFR-J,B1,399,noun,a course of action proposed by an organization,政策
further,NGSL|NGSL-Spoken|CEFR-J,A2,400,adverb,at a more distant place than here,さらに
body,NGSL|NGSL-Spoken|CEFR-J,A1,401,noun,a person's physical self,体
require,NGSL|NGSL-Spoken|CEFR-J,B1,402,verb,"to need something, to make it necessary",必要とする
wait,NGSL|NGSL-Spoken|CEFR-J,B2,403,verb,to stay or remain until an expected event happens,待つ
general,NGSL|NGSL-Spoken|CEFR-J,B1,404,adjective,"widespread, normal or usual",一般的な
appear,NGSL|CEFR-J,A2,405,verb,come into sight,現れる
toward,NGSL|NGSL-Spoken|CEFR-J,A2,406,preposition,in the direction of,向かって
team,NGSL|NGSL-Spoken|CEFR-J,A1,407,noun,"a group of people who compete in a sport, game",チーム
easy,NGSL|NGSL-Spoken|CEFR-J,A1,408,adjective,"not hard to do, not difficult",簡単な
individual,NGSL|NGSL-Spoken|CEFR-J,B1,409,adjective,existing as just one member,個人の
full,NGSL|NGSL-Spoken|CEFR-J,A1,410,adjective,containing or holding as much as possible,いっぱい
black,NGSL|NGSL-Spoken|CEFR-J,A1,411,adjective,having the very dark color of coal or the night sky,黒い
sense,NGSL|NGSL-Spoken|CEFR-J,A2,412,noun,one of our natural abilities for receiving information,感覚
perhaps,NGSL|NGSL-Spoken|CEFR-J,A2,413,adverb,"possibly but not certainly, maybe",ひょっとして
add,NGSL|NGSL-Spoken|CEFR-J,A1,414,verb,to put something together with another thing,加える
rule,NGSL|NGSL-Spoken|CEFR-J,A1,415,noun,something that is not allowed in some situations,規則
pass,NGSL|NGSL-Spoken|CEFR-J,A2,416,verb,to move past something,通る
produce,NGSL|NGSL-Spoken|CEFR-J,A2,417,verb,to use machines to make something from raw materials,生産する
sell,NGSL|NGSL-Spoken|CEFR-J,A1,418,verb,to exchange (something) for money,売る
short,NGSL|NGSL-Spoken|CEFR-J,A1,419,adjective,a small distance from one end to the other ,短い
agree,NGSL|NGSL-Spoken|CEFR-J,A1,420,verb,to  the same opinion about something,賛成する
law,NGSL|NGSL-Spoken|CEFR-J,A2,421,noun,the system or rules made by the government,法律
everything,NGSL|NGSL-Spoken|CEFR-J,A1,422,pronoun,every thing there is or all that exists,すべて
research,NGSL|NGSL-Spoken|CEFR-J,A2,423,noun,careful study to find and report new knowledge,調査研究
cover,NGSL|NGSL-Spoken|CEFR-J,A1,424,verb,put something over or on top of something else,覆う
paper,NGSL|NGSL-Spoken|CEFR-J,A1,425,noun,the material that is used in the form of thin sheets for writing,紙
position,NGSL|NGSL-Spoken|CEFR-J,A2,426,noun,the place something is located in,位置
near,NGSL|NGSL-Spoken|CEFR-J,B1,427,preposition,close to something,近く
human,NGSL|CEFR-J,A2,428,adjective,relating to or characteristic of people,人
computer,NGSL|NGSL-Spoken|CEFR-J,A1,429,noun,an electronic machine that can store and process large amounts of information,コンピューター
situation,NGSL|NGSL-Spoken|CEFR-J,A2,430,noun,"a condition, location or position",状況
staff,NGSL|NGSL-Spoken|CEFR-J,A2,431,noun,a group of people who work for an organization or business,スタッフ
activity,NGSL|CEFR-J,A1,432,noun,something which you do for enjoyment; action,活動
film,NGSL|CEFR-J,A2,433,noun,movie or a special material that is used for taking photographs ,フィルム
morning,NGSL|NGSL-Spoken|CEFR-J,A1,434,noun,the early part of the day,朝
war,NGSL|NGSL-Spoken|CEFR-J,A1,435,noun,"a period of fighting or conflict between countries, ",戦争
account,NGSL|NGSL-Spoken|CEFR-J,A2,436,noun,a story or report about something,報告
shop,NGSL|NGSL-Spoken|CEFR-J,A1,437,noun,a building or room where goods and services are sold,店
major,NGSL|NGSL-Spoken|CEFR-J,A2,438,adjective,"important, serious,  or large in number",主要な
someone,NGSL|NGSL-Spoken|CEFR-J,A1,439,pronoun,some person;  somebody,だれか
above,NGSL|CEFR-J,B1,440,preposition,in a higher place,～の上
design,NGSL|CEFR-J,A1,441,verb,to make something for a specific use or purpose,設計する
event,NGSL|CEFR-J,A1,442,noun,something especially something important or notable that happens,行事
special,NGSL|NGSL-Spoken|CEFR-J,A1,443,adjective,"different from what is usual, better or greater than normal",特別
sometimes,NGSL|NGSL-Spoken|CEFR-J,B1,444,adverb,"occasionally; only at certain times,",ときどき
condition,NGSL|CEFR-J,A2,445,noun,a way or quality of living or existing,状況
carry,NGSL|NGSL-Spoken|CEFR-J,A1,446,verb,to move something from one place to another,運ぶ
choose,NGSL|NGSL-Spoken|CEFR-J,A1,447,verb,to decide that a particular person or thing is the one that you want,選ぶ
father,NGSL|NGSL-Spoken|CEFR-J,A1,448,noun,a male parent,父親
decision,NGSL|NGSL-Spoken|CEFR-J,B1,449,noun,a choice that you make about something after thinking about it,決断
table,NGSL|NGSL-Spoken|CEFR-J,A1,450,noun,a piece of furniture with a flat top and legs,テーブル
certain,NGSL|NGSL-Spoken|CEFR-J,A2,451,adjective,not having any doubt about something,確かな
forward,NGSL|NGSL-Spoken|CEFR-J,A2,452,adverb,toward the front : to or toward what is ahead or in front ,前方の
main,NGSL|NGSL-Spoken|CEFR-J,B1,453,adjective, most important,主要な
die,NGSL|NGSL-Spoken|CEFR-J,A2,454,verb,to stop living or end life,死ぬ
bear,NGSL|NGSL-Spoken|CEFR-J,A1,455,verb,to accept or endure difficulties,耐える、負う
cut,NGSL|NGSL-Spoken|CEFR-J,B1,456,verb,to use a sharp tool or object to open or divide something,切る
describe,NGSL|CEFR-J,A1,457,verb,"to tell someone the appearance, sound or smell of",言い表す
himself,NGSL|CEFR-J,A2,458,pronoun,the reflexive form of the pronoun 'he',彼自身
available,NGSL|NGSL-Spoken|CEFR-J,B1,459,adjective,when something is there to be used easily,利用できる
especially,NGSL|NGSL-Spoken|CEFR-J,A2,460,adverb,"more than usually;  very, extremely",特に
strong,NGSL|NGSL-Spoken|CEFR-J,A1,461,adjective,having physical power or strength,強い
rise,NGSL|CEFR-J,B1,462,verb,to move from a lower position to a higher one,昇る
girl,NGSL|NGSL-Spoken|CEFR-J,A1,463,noun,"a female child,  a young woman",少女
maybe,NGSL|NGSL-Spoken|CEFR-J,A1,464,adverb,possibly but not certainly : perhaps,～かもしれない
community,NGSL|NGSL-Spoken|CEFR-J,B2,465,noun,a group of people who share a common idea or area,社会
else,NGSL|NGSL-Spoken|CEFR-J,A1,466,adjective,in a different or additional manner or place,他の
particular,NGSL|NGSL-Spoken|CEFR-J,B2,467,adjective,used to single out an individual member,特定の
role,NGSL|CEFR-J,A1,468,noun,the character played by an actor,役
join,NGSL|CEFR-J,A1,469,verb,to put or bring (two or more things) together ,合わせる
difficult,NGSL|NGSL-Spoken|CEFR-J,A1,470,adjective,not easy : requiring much work or skill to do or make ,難しい
please,NGSL|NGSL-Spoken|CEFR-J,A1,471,adverb,used to ask for something in a polite way,どうか
detail,NGSL|NGSL-Spoken|CEFR-J,A2,472,noun,a small part of something,詳細
difference,NGSL|NGSL-Spoken|CEFR-J,A1,473,noun,a quality that is unlike something else,違い
action,NGSL|NGSL-Spoken|CEFR-J,A1,474,noun,something that a person does,行動
health,NGSL|NGSL-Spoken|CEFR-J,A1,475,noun,the condition of being well or free from disease,健康
eat,NGSL|NGSL-Spoken|CEFR-J,A1,476,verb,to take food into your mouth and swallow it,食べる
step,NGSL|NGSL-Spoken|CEFR-J,A2,477,verb,moving by lifting  a foot and putting it down in a different place,一歩歩む
true,NGSL|NGSL-Spoken|CEFR-J,A1,478,adjective,"agreeing with the facts, not false, real or actual",本当の
phone,NGSL|NGSL-Spoken|CEFR-J,A1,479,noun,a communication system that is used to talk to someone who is in another place,電話
themselves,NGSL|NGSL-Spoken|CEFR-J,A2,480,pronoun,the reflexive form of the pronoun 'they',彼ら自身
draw,NGSL|NGSL-Spoken|CEFR-J,A2,481,verb,to produce by making lines on a paper,描く
white,NGSL|NGSL-Spoken|CEFR-J,A1,482,adjective,"having the color of snow, to be light or pale in color",白
date,NGSL|NGSL-Spoken|CEFR-J,A1,483,noun,a particular day of a month or year ,日付
practice,NGSL|CEFR-J,A1,484,noun,to do something again and again in order to become better at it,練習する
model,NGSL|CEFR-J,B1,485,noun,a usually small copy of something ,模型
raise,NGSL|NGSL-Spoken|CEFR-J,A2,486,verb,to lift or move something to a higher position,上げる
customer,NGSL|CEFR-J,A2,487,noun,someone who buys goods or services from a business ,顧客
front,NGSL|NGSL-Spoken|CEFR-J,A1,488,noun,the forward part of an object,前
explain,NGSL|NGSL-Spoken|CEFR-J,A2,489,verb,to make clear or easy to understand by describing,説明する
door,NGSL|NGSL-Spoken|CEFR-J,A1,490,noun,a movable entrance to a building or room,ドア
outside,NGSL|NGSL-Spoken|CEFR-J,B2,491,noun,an area around or near something such as a building,外
behind,NGSL|NGSL-Spoken|CEFR-J,A1,492,preposition,in or toward the back,後ろに
economic,NGSL|CEFR-J,B1,493,adjective,"relating to trade, industry, and money",経済の
site,NGSL|NGSL-Spoken|CEFR-J,A1,494,noun,"the place where something is, was, or will be located",現場
approach,NGSL|CEFR-J,B1,495,noun,to get close to reaching something or somewhere,近づく
teacher,NGSL|NGSL-Spoken|CEFR-J,A1,496,noun,"someone whose job is to teach in a school, college, etc.",教師
land,NGSL|NGSL-Spoken|CEFR-J,B1,497,noun,the solid part of the surface of the Earth,陸
charge,NGSL|NGSL-Spoken|CEFR-J,B1,498,verb,to ask for money as a price for a service or goods,請求する
finally,NGSL|CEFR-J,A2,499,adverb,after a long time or some difficulty;  the last point or idea,最後に
sign,NGSL|NGSL-Spoken|CEFR-J,A1,500,noun,"something which shows that something else exists, is true, or will happen",しるし
claim,NGSL|CEFR-J,B1,501,noun,to say something is true when others may not agree,主張する
relationship,NGSL|NGSL-Spoken|CEFR-J,B1,502,noun,a connection between two or more people or things,関係
travel,NGSL|NGSL-Spoken|CEFR-J,A2,503,verb,to go on a trip or journey : to go to a place and especially one that is far away ,旅する
enjoy,NGSL|NGSL-Spoken|CEFR-J,A1,504,verb,to take pleasure in (something) ,楽しむ
death,NGSL|CEFR-J,A2,505,noun,"the end of life, the fact of dying, being killed",死
nice,NGSL|NGSL-Spoken|CEFR-J,A1,506,adjective,giving pleasure or joy : good and enjoyable ,素晴らしい
amount,NGSL|NGSL-Spoken|CEFR-J,B1,507,noun,a quantity of something,量
improve,NGSL|CEFR-J,A2,508,verb,to make or to become something better,改善する
picture,NGSL|NGSL-Spoken|CEFR-J,A1,509,noun,"a painting, drawing or photograph on paper or screen ",写真、絵
boy,NGSL|NGSL-Spoken|CEFR-J,A1,510,noun,"a male child or youth, a young man",男の子
regard,NGSL|CEFR-J,B2,511,verb,to care or think about something in a specific way,顧慮する
organization,NGSL|CEFR-J,B1,512,noun,an official group of people who work together for the same purpose,組織
happy,NGSL|NGSL-Spoken|CEFR-J,A1,513,adjective,feeling pleasure and enjoyment because of your life,幸福な
couple,NGSL|NGSL-Spoken|CEFR-J,A2,514,noun,two people or things being together,一対
act,NGSL|CEFR-J,A2,515,noun,take action,行動する
range,NGSL|CEFR-J,A2,516,noun,the area of variation on a particular scale,範囲、幅
quality,NGSL|NGSL-Spoken|CEFR-J,B1,517,noun,how good or bad something is ,質、品質
project,NGSL|NGSL-Spoken|CEFR-J,B2,518,noun,a planned piece of work for specific purpose,企画
round,NGSL|NGSL-Spoken|CEFR-J,B1,519,adjective,shaped like a circle or ball ,丸い
opportunity,NGSL|NGSL-Spoken|CEFR-J,A2,520,noun,an amount of time or a situation in which something can be done,機会
road,NGSL|NGSL-Spoken|CEFR-J,A2,521,noun,a hard flat surface for people or vehicles can use,道
accord,NGSL,,522,noun,a formal or official agreement,合意
list,NGSL|NGSL-Spoken|CEFR-J,A1,523,noun,"a series of written names, words or numbers ",リスト
wish,NGSL|NGSL-Spoken|CEFR-J,A1,524,verb,to want something to be true or to happen,願う
therefore,NGSL|NGSL-Spoken|CEFR-J,A2,525,adverb,for that reason or because of that,従って、だから
wear,NGSL|NGSL-Spoken|CEFR-J,A1,526,verb,to use or have as clothing over part of your body,着る
fund,NGSL|NGSL-Spoken|CEFR-J,B1,527,noun,a sum of money that is used for a special purpose,資金
rest,NGSL|NGSL-Spoken|CEFR-J,B1,528,noun,"not at work, to have time to relax, sleep or do nothing",休憩
kid,NGSL|NGSL-Spoken|CEFR-J,A1,529,noun,a child or young person,子供
industry,NGSL|CEFR-J,B1,530,noun,referring to the making of all products in a given field,産業
education,NGSL|NGSL-Spoken|CEFR-J,A2,531,noun,the process of giving or receiving instruction,教育
measure,NGSL|CEFR-J,B1,532,verb,"an amount or degree of something, ascertain in size or degree",測る
kill,NGSL|NGSL-Spoken|CEFR-J,A1,533,verb,"to cause the death of a person, animal or plant",殺す
serve,NGSL|CEFR-J,A2,534,verb,to give or provide something to another person,供給する、～を出す
likely,NGSL|CEFR-J,A2,535,adjective,used to indicate the chance that something will happen,～しそうだ
certainly,NGSL|NGSL-Spoken|CEFR-J,A2,536,adverb,used to emphasize something and show that there is no doubt about it; used to agree to a request,確実な
national,NGSL|NGSL-Spoken|CEFR-J,A2,537,adjective,relating to the whole of a country,国の
itself,NGSL|NGSL-Spoken|CEFR-J,A2,538,pronoun,the reflexive form of the pronoun 'it',それなり
teach,NGSL|NGSL-Spoken|CEFR-J,A1,539,verb,to instruct or help to learn,教える
field,NGSL|CEFR-J,A1,540,noun,"an open area of land, especially without trees or buildings",野原
security,NGSL|CEFR-J,B1,541,noun,the things that are done to keep someone or something safe,警備
air,NGSL|NGSL-Spoken|CEFR-J,A2,542,noun,the invisible mixture of gases that we breathe,空気
benefit,NGSL|NGSL-Spoken|CEFR-J,B1,543,noun,"a good result or effect, something helpful",利益、恩恵
trade,NGSL|NGSL-Spoken|CEFR-J,A2,544,noun,"the activity of buying, selling, or exchanging",交換する
risk,NGSL|CEFR-J,B1,545,noun,the possibility that something bad or unpleasant (such as an injury or a loss) will happen ,リスク
news,NGSL|NGSL-Spoken|CEFR-J,A1,546,noun, new information or a report about something that has happened recently,ニュース
standard,NGSL|NGSL-Spoken|CEFR-J,B2,547,adjective,a level of quality or achievement that is considered acceptable,基準
vote,NGSL|NGSL-Spoken|CEFR-J,A1,548,verb,to make an official choice for or against someone or something,投票する
percent,NGSL|NGSL-Spoken|CEFR-J,B1,549,noun,a certain part of a whole ,㌫
focus,NGSL|NGSL-Spoken|CEFR-J,B2,550,noun,the main purpose or center of interest or activity,焦点
stage,NGSL|NGSL-Spoken|CEFR-J,A1,551,noun,a particular point in a process,段階
space,NGSL|CEFR-J,A2,552,noun,"the amount of an area, room, or surface",場所
instead,NGSL|NGSL-Spoken|CEFR-J,A2,553,adverb,used to say that one thing is done or is chosen when another is not chosen,代わり
realize,NGSL|NGSL-Spoken|CEFR-J,A2,554,verb,to understand or become aware of something,気づく
usually,NGSL|NGSL-Spoken|CEFR-J,A1,555,adverb,in the way that most often happens,たいてい
data,NGSL|CEFR-J,B2,556,noun,facts or information used usually to calculate or analyze,データ
single,NGSL|NGSL-Spoken|CEFR-J,A2,557,adjective,"not having or including another, only one",単独
address,NGSL|NGSL-Spoken|CEFR-J,A1,558,noun,"the words and numbers that are used to describe the location of a building and that are written on letters, envelopes, and packages so that they can be mailed to that location ",住所
performance,NGSL|CEFR-J,A2,559,noun, an activity (such as singing a song or acting in a play) that a person or group does to entertain an audience ,演技
chance,NGSL|NGSL-Spoken|CEFR-J,A2,560,noun,an opportunity to do something;  an amount of time or a situation in which something can be done,機会
accept,NGSL|NGSL-Spoken|CEFR-J,A2,561,verb,to receive or take something that is offered,引き受ける
society,NGSL|CEFR-J,A2,562,noun,a community of people living together,社会
technology,NGSL|CEFR-J,A1,563,noun,"the use, knowledge of science in industry, engineering",科学技術、テクノロジー
mention,NGSL|NGSL-Spoken|CEFR-J,A2,564,verb,"to talk about, write about, or refer to (something or someone) especially in a brief way ",言及する
choice,NGSL|NGSL-Spoken|CEFR-J,A2,565,noun, the act of choosing : the act of picking or deciding between two or more possibilities ,選択
save,NGSL|NGSL-Spoken|CEFR-J,A1,566,verb,"to keep (someone or something) safe : to stop (someone or something) from dying or being hurt, damaged, or lost ",救う
common,NGSL|CEFR-J,A2,567,adjective,something that is found or done often,一般的な
culture,NGSL|CEFR-J,A1,568,noun,the beliefs and customs of a particular group,文化
total,NGSL|CEFR-J,B1,569,adjective,the whole number or amount of something,合計
demand,NGSL|CEFR-J,B1,570,noun,forcefully saying that something must be done or given to you,需要
material,NGSL|CEFR-J,A2,571,noun,a substance from which a thing is made of,材料
limit,NGSL|CEFR-J,B1,572,noun,a point beyond which it is not possible to pass,限度
listen,NGSL|NGSL-Spoken|CEFR-J,A1,573,verb,"to pay attention to someone or something in order to hear what is being said, sung, played, etc. ",聞く
due,NGSL|CEFR-J,A1,574,adjective,required or expected to happen : expected to be in a particular place at a particular time ,期限
wrong,NGSL|NGSL-Spoken|CEFR-J,A1,575,adjective, not agreeing with the facts or truth : incorrect ,悪い、間違いの
foot,NGSL|NGSL-Spoken|CEFR-J,B1,576,noun,the part of the leg below ankle,足（くるぶしから下）
effort,NGSL|NGSL-Spoken|CEFR-J,A2,577,noun,work done by the mind or body,努力
attention,NGSL|CEFR-J,A2,578,noun,an act or power of carefully thinking about,注意
upon,NGSL|CEFR-J,A2,579,preposition,"more formal term for ""on""",～の上に
check,NGSL|NGSL-Spoken|CEFR-J,A1,580,verb,"to look at (something) carefully to find mistakes, problems, etc.",確認する
complete,NGSL|CEFR-J,A2,581,adjective,having all necessary parts,完璧
lie,NGSL|CEFR-J,B1,582,verb,to be in a horizontal or flat position,横になる
pick,NGSL|NGSL-Spoken|CEFR-J,B1,583,verb,to choose or select (someone or something) from a group ,選ぶ
reduce,NGSL|CEFR-J,B1,584,verb,"to make something smaller in size, amount or number",減らす
personal,NGSL|CEFR-J,A1,585,adjective,relating to or belonging to a particular person; someone's private information,個人的な
ground,NGSL|CEFR-J,A1,586,noun,the solid surface of the earth that we stand on,地面
animal,NGSL|CEFR-J,A1,587,noun, a living thing that is not a human being or plant ,動物
arrive,NGSL|CEFR-J,A1,588,verb,"to come to or reach a place after traveling, being sent, etc.",到着する
patient,NGSL|CEFR-J,B1,589,adjective,able to remain calm and not become annoyed when waiting for a long time or when dealing with problems or difficult people,忍耐強い
current,NGSL|CEFR-J,B1,590,adjective,happening or existing now :belonging to or existing in the present time ,現在の
century,NGSL|CEFR-J,A2,591,noun,a period of 100 years,世紀
evidence,NGSL|CEFR-J,A2,592,noun,something that makes you believe that something is true or exists,証拠
exist,NGSL|CEFR-J,A2,593,verb,to have actual being or to be real,存在する
similar,NGSL|CEFR-J,A2,594,adjective,"almost the same, alike as something else",似ている
fight,NGSL|CEFR-J,A1,595,verb,take part in a battle to defeat an enemy,戦う
leader,NGSL|CEFR-J,A1,596,noun,"a person in control of a group, country, or situation",リーダー
fine,NGSL|NGSL-Spoken|CEFR-J,A1,597,adjective,"good, acceptable, or satisfactory",よい
street,NGSL|NGSL-Spoken|CEFR-J,A1,598,noun,a public road in a city or town,街路
former,NGSL|CEFR-J,B1,599,determiner,used to say what someone or something was in the past,前の
contact,NGSL|NGSL-Spoken|CEFR-J,A2,600,noun,the state or condition where two things are touching,接触
particularly,NGSL|NGSL-Spoken|CEFR-J,B1,601,adverb,especially,特に
wife,NGSL|NGSL-Spoken|CEFR-J,A1,602,noun,a married woman,妻
sport,NGSL|CEFR-J,A1,603,noun,a contest or game in which people do certain physical activities according to a specific set of rules and compete against each other,スポーツ
prepare,NGSL|CEFR-J,A2,604,verb,to make something ready for use ,用意する
discuss,NGSL|NGSL-Spoken|CEFR-J,A1,605,verb, to talk about (something) with another person or group ,議論する
response,NGSL|NGSL-Spoken|CEFR-J,A2,606,noun, an answer or reaction to something that has been said or done,応答
voice,NGSL|CEFR-J,A2,607,noun,the sound a person produces with their mouth,声
piece,NGSL|NGSL-Spoken|CEFR-J,A1,608,noun,a part that is cut or separated from a whole,一切れ
finish,NGSL|NGSL-Spoken|CEFR-J,A1,609,verb, to reach the end of (something) : to stop doing (something) because it is completed,終り
suppose,NGSL|NGSL-Spoken|CEFR-J,B1,610,verb,to think of something as happening or being true in order to imagine what might happen,想定する
apply,NGSL|NGSL-Spoken|CEFR-J,A2,611,verb,to ask formally for something such as a job,申し込む
president,NGSL|CEFR-J,B1,612,noun,the head of a government,大統領
fire,NGSL|NGSL-Spoken|CEFR-J,A1,613,noun,"the light, heat and the flame produced by burning something",火
compare,NGSL|CEFR-J,A2,614,verb,to say that (something) is similar to something else ,比べる
court,NGSL|CEFR-J,A2,615,noun,a formal legal meeting place that judges about crimes,裁判所
police,NGSL|NGSL-Spoken|CEFR-J,A2,616,noun,"the people or the department of people who enforce laws, investigate crimes, and make arrests",警察
store,NGSL|CEFR-J,A1,617,noun,a building or room where things are sold ,店
poor,NGSL|CEFR-J,A1,618,adjective,having little money or few possessions : not having enough money for the basic things that people need to live properly ,貧しい
knowledge,NGSL|CEFR-J,A2,619,noun,"information, understanding, or skill that you get from experience or education",知識
laugh,NGSL|NGSL-Spoken|CEFR-J,B1,620,verb,to show that you are happy or that you think something is funny by smiling and making a sound from your throat,笑う
arm,NGSL|CEFR-J,A1,621,noun,each of the two long body parts from shoulder to the hand,腕
heart,NGSL|CEFR-J,A1,622,noun,the organ in your chest that pumps blood through your body,心
source,NGSL|CEFR-J,A2,623,noun,produces or provides what is wanted or needed,源
employee,NGSL|CEFR-J,B2,624,noun,a person who works for another person or for a company for wages or a salary ,従業員
manage,NGSL|CEFR-J,A2,625,verb,to control or be in charge of something,管理する
simply,NGSL|CEFR-J,A2,626,adverb,in a way which is not complicated or difficult to understand,簡単に
bank,NGSL|CEFR-J,A1,627,noun," the higher ground that is along the edge of a river, stream, etc. ",堤防
firm,NGSL|CEFR-J,B1,628,adjective,fairy hard or solid; not soft,堅い
cell,NGSL|CEFR-J,B1,629,noun,the smallest living part of an animal or a plant,細胞
article,NGSL|CEFR-J,A1,630,noun," a piece of writing about a particular subject that is included in a magazine, newspaper, etc. ",記事
fast,NGSL|CEFR-J,A1,631,adjective,moving or able to move quickly ,速い
attack,NGSL|CEFR-J,A2,632,noun,"to act violently against or to try to hurt, injure or destroy",攻撃する
foreign,NGSL|CEFR-J,A1,633,adjective,coming from or belonging to a different place or country,異国（の）
surprise,NGSL|NGSL-Spoken|CEFR-J,A1,634,noun,"an unexpected event, piece of information, etc.",驚く
feature,NGSL|CEFR-J,A2,635,noun,a distinctive or important point of something,特徴
factor,NGSL|CEFR-J,B2,636,noun,something that influences a result,要因
pretty,NGSL|NGSL-Spoken|CEFR-J,A1,637,adverb,large or impressive,かなりの、すてきな
recently,NGSL|CEFR-J,A2,638,adverb,not long ago,最近
affect,NGSL|NGSL-Spoken|CEFR-J,B1,639,verb,to make an effect on someone or something,影響を与える
drop,NGSL|NGSL-Spoken|CEFR-J,A2,640,verb,to let something fall,落とす
recent,NGSL|CEFR-J,A2,641,adjective,"happening or beginning not long ago, close to the present",最近
relate,NGSL|NGSL-Spoken|CEFR-J,B1,642,verb,to show or make a connection between (two or more things) ,関連付ける
official,NGSL|CEFR-J,A2,643,adjective,of or relating to the job or work of someone in a position of authority ,職務上の
financial,NGSL|CEFR-J,B1,644,adjective,relating to money or how money is managed,財政的な
miss,NGSL|NGSL-Spoken|CEFR-J,A1,645,verb,"to fail to hit, catch, reach, or get (something)",外す、逃す
art,NGSL|CEFR-J,A1,646,noun,a human creative skill using the imagination,芸術
campaign,NGSL|CEFR-J,B2,647,noun,a series of organized activities or events intended to achieve a result,キャンペーン
private,NGSL|CEFR-J,A2,648,adjective,for the use of a single person or group,私的な
pause,NGSL|NGSL-Spoken|CEFR-J,B1,649,noun,a temporary stop : a period of time in which something is stopped before it is started again ,一時停止
everyone,NGSL|NGSL-Spoken|CEFR-J,A1,650,pronoun,every person;  everybody,全員
forget,NGSL|NGSL-Spoken|CEFR-J,A1,651,verb,to be unable to think of or remember (something),忘れる
page,NGSL|NGSL-Spoken|CEFR-J,A1,652,noun,"one side of a sheet of paper especially in a book, magazine, etc. ",ページ
worry,NGSL|NGSL-Spoken|CEFR-J,A1,653,verb,to think about problems or fears,心配する
summer,NGSL|NGSL-Spoken|CEFR-J,A1,654,noun,the warmest season of the year that is after spring and before autumn,夏
drink,NGSL|NGSL-Spoken|CEFR-J,A1,655,verb,to take a liquid into your mouth and swallow it,飲む
opinion,NGSL|CEFR-J,A2,656,noun,"a belief, judgment, or way of thinking about something : what someone thinks about a particular thing",意見
park,NGSL|NGSL-Spoken|CEFR-J,A1,657,noun,a piece of public land in or near a city that can be used for pleasure and exercise,公園
represent,NGSL|CEFR-J,A2,658,verb,to act or speak officially for someone or something,代表を務める
key,NGSL|CEFR-J,A1,659,noun,a device that is used to open a lock or start an automobile ◊The usual type of key is a small metal object that you insert into a narrow opening and turn. ,鍵
inside,NGSL|CEFR-J,B2,660,preposition,"an inner side, edge, or surface of something",内側
manager,NGSL|CEFR-J,A2,661,noun,"someone in control of an office, shop, team, etc.",経営者、管理者、部長
international,NGSL|CEFR-J,A2,662,adjective,involving two or more countries,国際的な
contain,NGSL|CEFR-J,B1,663,verb,to have something inside or include something,含む
notice,NGSL|NGSL-Spoken|CEFR-J,A2,664,noun,"to become aware of (something or someone) by seeing, hearing, etc. ",気づく
wonder,NGSL|NGSL-Spoken|CEFR-J,B1,665,noun,something that is very surprising or amazing,驚くべきこと
nature,NGSL|CEFR-J,A2,666,noun,the physical world and everything in it,物質界
structure,NGSL|CEFR-J,A2,667,noun,"the way that something is built, arranged, or organized",構造
section,NGSL|CEFR-J,A1,668,noun,one of the parts that form something,部分
myself,NGSL|NGSL-Spoken|CEFR-J,A2,669,pronoun,the reflexive form of the pronouns 'me' or 'I',自分自身
exactly,NGSL|NGSL-Spoken|CEFR-J,A2,670,adverb,completely correct,まさに
plant,NGSL|CEFR-J,A2,671,noun,a living thing that grows in the ground such as a tree or flower,植物
paint,NGSL|CEFR-J,A1,672,noun,a liquid that dries to form a thin colored layer,ペンキ
worker,NGSL|CEFR-J,A1,673,noun,someone who works for a company or organization but does not have a powerful position,従業員
press,NGSL|NGSL-Spoken|CEFR-J,B1,674,noun,"newspapers, magazines, and TV news reports",新聞、雑誌、報道機関
whatever,NGSL|NGSL-Spoken|CEFR-J,A2,675,pronoun,anything or everything that or no matter what,なんでも
necessary,NGSL|CEFR-J,A2,676,adjective,needing to be done,必要
region,NGSL|CEFR-J,B1,677,noun,"a part of a country, of the world, area, etc.",地域
growth,NGSL|CEFR-J,B1,678,noun,the process of growing,成長
evening,NGSL|NGSL-Spoken|CEFR-J,A1,679,noun,the last part of the day and early part of the night ,夕べ
influence,NGSL|CEFR-J,A2,680,noun, the power to change or affect someone or something,影響
respect,NGSL|CEFR-J,B1,681,noun,a feeling of admiring someone that is good or valuable,尊敬
various,NGSL|NGSL-Spoken|CEFR-J,B1,682,adjective,used to refer to several different or many different things,さまざまな
catch,NGSL|NGSL-Spoken|CEFR-J,A1,683,verb,to use your hands to stop and hold,捕まえる
thus,NGSL|CEFR-J,B1,684,adverb,"as a result, in this way",そのように
skill,NGSL|CEFR-J,A1,685,noun,"the ability to do something that comes from training, experience, or practice",技術
attempt,NGSL|CEFR-J,A2,686,verb,to try to do something or to accomplish or complete,試みる
son,NGSL|CEFR-J,A1,687,noun,a male child,息子
simple,NGSL|CEFR-J,A2,688,adjective,not hard to understand or do,易しい、単純な
medium,NGSL|CEFR-J,B1,689,noun,"a middle size, something between other things",中くらい
average,NGSL|CEFR-J,A2,690,noun,a number that is calculated by adding quantities together and then dividing the total by the number of quantities,平均
stock,NGSL|CEFR-J,B2,691,noun,the supply of goods available for sale in a store,在庫
management,NGSL|CEFR-J,B1,692,noun,"the people who are in control of an office, shop, team, etc.",経営者
character,NGSL|CEFR-J,A1,693,noun,"the way someone thinks, feels and behaves",性格
bed,NGSL|NGSL-Spoken|CEFR-J,A1,694,noun,a piece of furniture that people sleep on,ベッド
hit,NGSL|NGSL-Spoken|CEFR-J,B1,695,verb,"to move your hand, a bat, etc., quickly so that it touches someone or something in a forceful or violent way",打つ
establish,NGSL|CEFR-J,A2,696,verb,to set or create something that last for a long time,設立する
indeed,NGSL|CEFR-J,A2,697,adverb,without any question- used to stress the truth of a statement,実に、まさに
final,NGSL|CEFR-J,A2,698,adjective,happening or coming at the end of a series,最終
economy,NGSL|CEFR-J,B1,699,noun,a large system of production and consumption,経済
fit,NGSL|NGSL-Spoken|CEFR-J,A2,700,adjective,proper or acceptable : morally or socially correct,適切である
guy,NGSL|NGSL-Spoken|CEFR-J,A1,701,noun,a man,男
function,NGSL|CEFR-J,B1,702,noun,a particular purpose for which something is used,機能
yesterday,NGSL|NGSL-Spoken|CEFR-J,A1,703,noun,the day before today,昨日
image,NGSL|CEFR-J,A2,704,noun,"a picture, sculpture or painting of something",絵、像
size,NGSL|NGSL-Spoken|CEFR-J,A1,705,noun,the total amount of physical space that a person or thing occupies,サイズ、寸法
behavior,NGSL|CEFR-J,A2,706,noun,the way a person or animal acts or behaves,態度、行動
addition,NGSL|CEFR-J,A2,707,noun,a new or extra thing which is added to something,追加物
determine,NGSL|CEFR-J,B1,708,verb,cause to occur in a particular way,決定する
station,NGSL|CEFR-J,A1,709,noun,a place where buses or trains regularly stop,駅
population,NGSL|CEFR-J,A2,710,noun,the number of people who live in a place,人口
fail,NGSL|CEFR-J,A2,711,verb,to not succeed : to end without success,失敗する
environment,NGSL|CEFR-J,B2,712,noun,"the conditions that surround people, animals or plants",環境
production,NGSL|CEFR-J,A2,713,noun,the process of making or growing something for sale or use,生産
contract,NGSL|CEFR-J,B2,714,noun,a legal written agreement between people,契約
player,NGSL|CEFR-J,A1,715,noun,someone who plays a sport or game,プレーヤー
comment,NGSL|NGSL-Spoken|CEFR-J,B1,716,verb,to discuss or write an opinion on something,コメントする
enter,NGSL|CEFR-J,A2,717,verb,to go or come into something,入る
occur,NGSL|CEFR-J,B1,718,verb,"to happen, to take place",起こる
alone,NGSL|CEFR-J,A2,719,adjective,not including or without anyone or anything else,単独
significant,NGSL|CEFR-J,A2,720,adjective,large enough to be noticed or have an effect,著しい
drug,NGSL|CEFR-J,A2,721,noun,a chemical substance used as a medicine; an illegal substance taken for recreation,薬
wall,NGSL|CEFR-J,A1,722,noun,the layer of brick or stone that separates areas,壁
series,NGSL|CEFR-J,B1,723,noun,a number of things that happen one after another,一続き、連続の
direct,NGSL|CEFR-J,A2,724,adjective,to cause to turn or move in a desired way,向かわせる
success,NGSL|CEFR-J,A2,725,noun,to accomplish a purpose or achieving something,成功
tomorrow,NGSL|NGSL-Spoken|CEFR-J,A1,726,noun,the day after today,明日
director,NGSL|CEFR-J,A2,727,noun,a person who manages an organized group of people or a part of an organization ,監督
clearly,NGSL|CEFR-J,A2,728,adverb,"in a way that is easy to see, hear, read, or understand",はっきりと
lack,NGSL|CEFR-J,A2,729,verb,to not have something,欠けている
review,NGSL|NGSL-Spoken|CEFR-J,A1,730,noun,an act of carefully looking at or examining the quality or condition of something or someone,精査
depend,NGSL|NGSL-Spoken|CEFR-J,A2,731,verb,"to need (someone or something) for support, help, etc. ",頼る
race,NGSL|CEFR-J,B1,732,noun,one of the groups that people can be divided into based on certain physical qualities (such as skin color),人種
recognize,NGSL|CEFR-J,B1,733,verb,to know and remember because of previous knowledge or experience,認識する
window,NGSL|NGSL-Spoken|CEFR-J,A1,734,noun,an opening in a wall or door that usually contains a sheet of glass,窓
purpose,NGSL|NGSL-Spoken|CEFR-J,A2,735,noun,the reason for which something is done,目的
department,NGSL|CEFR-J,B1,736,noun, a division of a larger part or organization,部門
gain,NGSL|CEFR-J,B1,737,verb,to get something wanted or valued,得る
tree,NGSL|CEFR-J,A1,738,noun,"a usually tall plant that has a thick, wooden stem and many large branches ",木
college,NGSL|NGSL-Spoken|CEFR-J,A1,739,noun,an school or educational institution for adults,大学
argue,NGSL|CEFR-J,A2,740,verb," give reasons for or against something : to say or write things in order to change someone's opinion about what is true, what should be done, etc.",主張する
board,NGSL|NGSL-Spoken|CEFR-J,A1,741,noun,"a long, thin, flat piece of wood ",板
holiday,NGSL|NGSL-Spoken|CEFR-J,A1,742,noun,a special day of celebration ,休日
mark,NGSL|CEFR-J,A2,743,verb,to make or leave a visible mark on something,印をつける
church,NGSL|NGSL-Spoken|CEFR-J,A1,744,noun,a building used for Christian religious worship or services,教会
machine,NGSL|NGSL-Spoken|CEFR-J,A1,745,noun,"a piece of equipment with moving parts that does work when it is given power from electricity, gasoline, etc. ",機械
achieve,NGSL|CEFR-J,A2,746,verb,"to reach a goal, to get something",達成する
item,NGSL|NGSL-Spoken|CEFR-J,A1,747,noun,"an individual article, unit or piece of information",品物
prove,NGSL|CEFR-J,B1,748,verb,"to show the existence, truth, or correctness of (something) by using evidence, logic, etc. ",証明する
cent,NGSL|CEFR-J,A2,749,noun,a unit of money that is equal to 1/100 of the basic unit of money,セント
season,NGSL|CEFR-J,B1,750,noun,"one of the four periods (spring, summer, autumn, and winter) into which the year is commonly divided ",季節
floor,NGSL|NGSL-Spoken|CEFR-J,A1,751,noun,the part of a room on which you stand,床
stuff,NGSL|NGSL-Spoken|CEFR-J,A2,752,noun,"materials, supplies, or equipment ",材料
wide,NGSL|CEFR-J,A2,753,adjective,extending a great distance from one side to the other;  not narrow,広い
anyone,NGSL|NGSL-Spoken|CEFR-J,A1,754,pronoun,any person,だれか
method,NGSL|CEFR-J,A2,755,noun,a way of doing something,方法
analysis,NGSL|CEFR-J,B1,756,noun,the process of analyzing something,分析
election,NGSL|CEFR-J,B1,757,noun,the act or process of choosing someone for a public office by voting ,選挙
military,NGSL|CEFR-J,A2,758,adjective,of or relating to soldiers or the armed forces,軍の
hotel,NGSL|CEFR-J,A1,759,noun,"a place that has rooms in which people can stay especially when they are traveling :a place that provides food, lodging, and other services for paying guests ",ホテル
club,NGSL|CEFR-J,A1,760,noun,a group of people who meet to participate in an activity,クラブ
below,NGSL|CEFR-J,A1,761,preposition,in or to a lower place,下に
movie,NGSL|NGSL-Spoken|CEFR-J,A1,762,noun,a film or video,映画
doctor,NGSL|NGSL-Spoken|CEFR-J,A1,763,noun,"a person who skilled to treat people who are ill, sick and injured",医師
discussion,NGSL|NGSL-Spoken|CEFR-J,A2,764,noun,the act of talking about something with another person or a group of people : a conversation about something,議論
sorry,NGSL|NGSL-Spoken|CEFR-J,A1,765,adjective,feeling sorrow or regret ,気の毒に思う
challenge,NGSL|CEFR-J,A2,766,verb,"to try, to say or show that something may not be true",異議を申し立てる
nation,NGSL|CEFR-J,A2,767,noun,"a large area of land controlled by government, territory",国家
nearly,NGSL|CEFR-J,A2,768,adverb,almost,ほとんど
statement,NGSL|NGSL-Spoken|CEFR-J,A2,769,noun,something that someone says or writes officially,声明
link,NGSL|CEFR-J,B1,770,noun,"to join or connect together, a relationship",結びつける
despite,NGSL|CEFR-J,B1,771,preposition,without being affected by something: in spite of,にもかかわらず
introduce,NGSL|CEFR-J,A1,772,verb,to make (someone) known to someone else by name ,紹介する
advantage,NGSL|CEFR-J,A2,773,noun,something (such as a good position or condition) that helps to make someone or something better or more likely to succeed than others ,利点
ready,NGSL|NGSL-Spoken|CEFR-J,A1,774,adjective,prepared to do something,準備ができている
marry,NGSL|NGSL-Spoken|CEFR-J,A2,775,verb,to become the husband or wife of (someone),結婚する
strike,NGSL|CEFR-J,A2,776,verb,to hit something in a forceful way,打つ
mile,NGSL|NGSL-Spoken|CEFR-J,B1,777,noun,a unit of measurement used in the US that is about 1600 meters,マイル
seek,NGSL|CEFR-J,A2,778,verb,to search for;  to try to find;  look for,探し求める
ability,NGSL|CEFR-J,A2,779,noun,the power or skill to do something,能力
unit,NGSL|CEFR-J,A2,780,noun,"a single thing, person or group that is a part of something larger",単位
card,NGSL|NGSL-Spoken|CEFR-J,A1,781,noun,"a small piece of stiff paper that is marked with symbols or pictures to show its value, comes in a set, and is used for playing games",カード
hospital,NGSL|NGSL-Spoken|CEFR-J,A1,782,noun,a place where sick or injured people are given care or treatment and where children are often born ,病院
quickly,NGSL|CEFR-J,A1,783,adverb,fast or in a short time,速く
interview,NGSL|CEFR-J,A1,784,noun,a meeting in which someone asks you questions to see if you are suitable for a job or course,面接
agreement,NGSL|CEFR-J,B1,785,noun,a promise or decision made between two or more people,合意
release,NGSL|CEFR-J,A2,786,verb,"to allow to leave a jail, cage, prison, etc.",釈放する
tax,NGSL|NGSL-Spoken|CEFR-J,B1,787,noun,money that a government requires people to pay,税金
solution,NGSL|CEFR-J,A2,788,noun,something that is used or done to deal with and end a problem : something that solves a problem ,解決策
capital,NGSL|CEFR-J,A2,789,noun,having the main offices of a government,首都
popular,NGSL|CEFR-J,A2,790,adjective,liked or enjoyed by many people ,人気がある
specific,NGSL|NGSL-Spoken|CEFR-J,A2,791,adjective,"special or particular, clearly presented or stated",独特な、特に
beautiful,NGSL|CEFR-J,A1,792,adjective,very attractive,美しい
fear,NGSL|CEFR-J,A2,793,noun,an unpleasant feeling caused by being aware of danger,恐れ
aim,NGSL|CEFR-J,B1,794,noun,to have a specified goal or purpose,狙う
television,NGSL|CEFR-J,A1,795,noun,"a piece of equipment with a screen on the front, used for watching programs",テレビ
serious,NGSL|CEFR-J,B1,796,adjective,having an important or dangerous possible result,深刻な
target,NGSL|CEFR-J,A2,797,noun,something that you are trying to do or achieve,目的
degree,NGSL|NGSL-Spoken|CEFR-J,A2,798,noun,a unit for measuring temperature or the size of an angle,度
pull,NGSL|NGSL-Spoken|CEFR-J,A2,799,verb,to hold onto and move (someone or something) in a particular direction and especially toward yourself,引く
red,NGSL|NGSL-Spoken|CEFR-J,A1,800,adjective,having the color of blood,赤
husband,NGSL|NGSL-Spoken|CEFR-J,A1,801,noun,a married man : the man someone is married to,夫
access,NGSL|CEFR-J,B1,802,noun,a way of getting near to somewhere,アクセス
movement,NGSL|CEFR-J,B1,803,noun,a change of position or place,動き
treat,NGSL|CEFR-J,B1,804,verb,the way you behave towards someone,扱う
identify,NGSL|CEFR-J,B2,805,verb,to indicate who  or what someone or something is,識別する
loss,NGSL|CEFR-J,B1,806,noun,failure to keep or to continue to have something,失うこと
shall,NGSL|NGSL-Spoken|CEFR-J,A2,807,verb,"expressing the future tense, to expect to happen",～となるだろう
modern,NGSL|CEFR-J,A2,808,adjective,relating to the present or recent time ,現代的な
pressure,NGSL|CEFR-J,A2,809,noun,the weight or force that is produced when something presses or pushes against something,圧力
bus,NGSL|NGSL-Spoken|CEFR-J,A1,810,noun,a large vehicle that is used for carrying passengers especially along a particular route at particular times,バス
treatment,NGSL|CEFR-J,B1,811,noun,"something which you do to try to cure an illness or injury, especially something suggested or done by a doctor",治療
yourself,NGSL|NGSL-Spoken|CEFR-J,A1,812,pronoun,the reflexive form of the pronoun 'you',あなた自身
supply,NGSL|CEFR-J,B1,813,noun,the amount of something that is available to be used,供給
village,NGSL|CEFR-J,A2,814,noun, a small town in the country ,村
worth,NGSL|NGSL-Spoken|CEFR-J,B1,815,noun,used to indicate the value of something,価値
natural,NGSL|CEFR-J,A2,816,adjective,something that exists or happens because of nature; not made or done by people,自然
express,NGSL|CEFR-J,A2,817,verb,to talk or write about (something that you are thinking or feeling) ,表現する、伝える
indicate,NGSL|CEFR-J,A2,818,verb,"to show something, direct attention to or point out",指し示す
attend,NGSL|CEFR-J,B1,819,verb,"to go to and be present at (an event, meeting, etc.)",出席する
brother,NGSL|NGSL-Spoken|CEFR-J,A1,820,noun,a boy or man who has one or both of the same parents as you ,兄弟
investment,NGSL|CEFR-J,B2,821,noun,"the money that you put in a bank, business, etc. in order to make a profit",投資
score,NGSL|NGSL-Spoken|CEFR-J,B1,822,noun,the number of points someone gets in a game or test,スコア
organize,NGSL|CEFR-J,A2,823,verb,to arrange systematically,まとめる
trip,NGSL|CEFR-J,A1,824,noun,a journey to a place ,旅
beyond,NGSL|CEFR-J,A2,825,preposition,"on or to the farther part or side, in addition",～を越えて
sleep,NGSL|NGSL-Spoken|CEFR-J,B1,826,verb,to rest your mind and body by closing your eyes and becoming unconscious ,寝る
fish,NGSL|CEFR-J,A1,827,noun,"a cold-blooded animal that lives in water, breathes with gills, and usually has fins and scales ",魚
promise,NGSL|CEFR-J,A2,828,noun,a statement telling someone that you will definitely do something or that something will definitely happen in the future ,約束
potential,NGSL|CEFR-J,B2,829,adjective,having or showing a capacity for the future,潜在能力
energy,NGSL|CEFR-J,B2,830,noun,having physical or mental strength,エネルギー
trouble,NGSL|NGSL-Spoken|CEFR-J,A2,831,noun,problems or difficulties,困難
relation,NGSL|CEFR-J,B1,832,noun,a person who is a member of your family,関係
touch,NGSL|CEFR-J,A1,833,verb,"to put your hand, fingers, etc., on someone or something",触る
file,NGSL|CEFR-J,A1,834,noun,a folder or box for documents that are similar,ファイル
middle,NGSL|NGSL-Spoken|CEFR-J,A1,835,noun,equally distant from the ends or sides : halfway between two points ,中間
bar,NGSL|CEFR-J,A1,836,noun,a building or room where alcoholic drinks and sometimes food are served ,酒場
suffer,NGSL|CEFR-J,B1,837,verb,"to experience pain, illness, or injury ",苦しむ
strategy,NGSL|CEFR-J,A2,838,noun,a careful plan or method for reaching a goal ,戦略
deep,NGSL|CEFR-J,B2,839,adjective,having a large distance to the bottom from the surface or highest point,深い
except,NGSL|CEFR-J,A2,840,conjunction,not including or other than,～以外
clean,NGSL|NGSL-Spoken|CEFR-J,A1,841,adjective,"free from dirt, marks, etc. : not dirty ",綺麗にする、きれいな
tend,NGSL|NGSL-Spoken|CEFR-J,B1,842,verb,used to describe what often happens or what someone often does or is likely to do,傾向がある
advance,NGSL|CEFR-J,B2,843,noun,to move forward,進む
fill,NGSL|NGSL-Spoken|CEFR-J,A1,844,verb,to make something full or to spread through,満たす
star,NGSL|CEFR-J,A1,845,noun,any one of the objects in space that are made of burning gas and that look like points of light in the night sky ,星
network,NGSL|CEFR-J,B1,846,noun,"a system of lines, wires, etc., that are connected to each other ",ネットワーク
generally,NGSL|CEFR-J,B1,847,adverb,"usually, or in most situations",一般的に
operation,NGSL|CEFR-J,B1,848,noun,when a doctor cuts into someone's body to remove a sick part,手術
match,NGSL|CEFR-J,A1,849,noun,someone or something that is equal to or as good as another person or thing ,匹敵する
avoid,NGSL|CEFR-J,A2,850,verb, to stay away from (someone or something) ,避ける
seat,NGSL|CEFR-J,A1,851,noun,something (such as a chair) that you sit on,席
throw,NGSL|NGSL-Spoken|CEFR-J,A1,852,verb,to cause (something) to move out of your hand and through the air by quickly moving your arm forward,投げる
task,NGSL|CEFR-J,A2,853,noun,a piece of work to have done given by a person,仕事
normal,NGSL|CEFR-J,A2,854,adjective,"conforming to a standard, usual, ordinary, not strange",普通
goal,NGSL|CEFR-J,A1,855,noun,"something you try to do or achieve, an aim or result",目標
associate,NGSL|CEFR-J,B1,856,verb,"to relate two things, people, etc. in your mind",関連付ける、連想する
blue,NGSL|CEFR-J,A1,857,adjective,having the color of the clear sky ,青
positive,NGSL|CEFR-J,B1,858,adjective,"good or useful in qualities, constructive, confident",前向きな
option,NGSL|CEFR-J,B1,859,noun,something which may be chosen,選択
box,NGSL|NGSL-Spoken|CEFR-J,A1,860,noun,"a container that is made of a hard material (such as wood, metal, or cardboard) and that usually has four straight sides",箱
huge,NGSL|CEFR-J,B1,861,adjective,extremely large,とてつもなく大きい
message,NGSL|CEFR-J,A1,862,noun,a piece of information that is sent or given to someone ,"メッセージ,伝言"
instance,NGSL|CEFR-J,B1,863,noun,an example of a particular action or situation,事例
style,NGSL|CEFR-J,A2,864,noun,a particular way something is done or created,型
refer,NGSL|CEFR-J,A2,865,verb,to talk about or write about (someone or something) especially briefly : to mention (someone or something) in speech or in writing ,言及する
cold,NGSL|NGSL-Spoken|CEFR-J,A1,866,adjective,having a very low temperature,冷たい
push,NGSL|NGSL-Spoken|CEFR-J,B1,867,verb, to use force to move (someone or something) forward or away from you,押す
quarter,NGSL|CEFR-J,A1,868,noun,one of four equal parts of something ,４分の１
assume,NGSL|CEFR-J,B1,869,verb,to accept a responsibility or debt,負う
baby,NGSL|NGSL-Spoken|CEFR-J,A1,870,noun,a very young child,赤ん坊
successful,NGSL|CEFR-J,A1,871,adjective,achieving what you want to achieve,成功した
sing,NGSL|NGSL-Spoken|CEFR-J,A1,872,verb,to use your voice to make musical sounds in the form of a song or tune,歌う
doubt,NGSL|CEFR-J,A2,873,verb,to be uncertain about something,疑う
competition,NGSL|CEFR-J,A2,874,noun,the act or process of trying to get or win something (such as a prize or a higher level of success) that someone else is also trying to get or win,競争
theory,NGSL|CEFR-J,B1,875,noun,an idea that is explain facts or events academically,理論
propose,NGSL|CEFR-J,B1,876,verb,"to suggest (something, such as a plan or theory) to a person or group of people to consider ",提案する
reference,NGSL|CEFR-J,B2,877,noun, the act of mentioning something in speech or in writing,言及する
argument,NGSL|CEFR-J,A2,878,noun,an angry discussion with someone in which you both disagree,口論
adult,NGSL|CEFR-J,A2,879,noun,a person or animal that is grown up,大人
fly,NGSL|CEFR-J,A1,880,verb,to move through the air with wings ,飛ぶ
document,NGSL|NGSL-Spoken|CEFR-J,B1,881,noun,an official record that gives information,文書
pattern,NGSL|CEFR-J,B1,882,noun,a repeated form or design especially that is used to decorate something,パターン
application,NGSL|CEFR-J,B1,883,noun,a formal and usually written request for something (such as a job,応募書
hot,NGSL|NGSL-Spoken|CEFR-J,A1,884,adjective,having a high temperature ,熱い
obviously,NGSL|NGSL-Spoken|CEFR-J,B1,885,adverb,in a way that is easy to understand or see,明らかに
unclear,NGSL|NGSL-Spoken|CEFR-J,B1,886,adjective,not easy to understand,明確でない
bill,NGSL|NGSL-Spoken|CEFR-J,A2,887,noun,a document that says how much money you owe for something you have bought or used ,請求書
search,NGSL|CEFR-J,A2,888,verb, to carefully look for someone or something ,探す
separate,NGSL|CEFR-J,A2,889,adjective,"not joined, connected, or combined : placed or kept apart ",分かれた
central,NGSL|CEFR-J,B1,890,adjective,in or near the center of a place or object,真ん中の
career,NGSL|CEFR-J,B1,891,noun,a job that you do for a long period of your life,キャリア
anyway,NGSL|NGSL-Spoken|CEFR-J,A2,892,adverb,despite something that has been stated before ,とにかく
speech,NGSL|CEFR-J,A1,893,noun,"a spoken expression of ideas, opinions, etc., that is made by someone who is speaking in front of a group of people ",スピーチ
dog,NGSL|NGSL-Spoken|CEFR-J,A1,894,noun,"a type of animal that is often kept as a pet or trained to work for people by guarding buildings, hunting, etc. ",犬
officer,NGSL|CEFR-J,A1,895,noun,a person who has an important position in a company or organization,会社員
throughout,NGSL|CEFR-J,B1,896,preposition,in every part of a place; during the whole of a period of time,～にわたって、～を通じて
oil,NGSL|CEFR-J,A2,897,noun,"a thick, black liquid that comes from the ground and that is used in making various products (such as gasoline)","オイル,油"
dress,NGSL|CEFR-J,A1,898,noun,a piece of clothing for a woman or a girl that has a top part that covers the upper body and a skirt that hangs down to cover the legs ,ドレス
profit,NGSL|CEFR-J,B2,899,noun,"money that is made in a business, through investing, etc.",利益
guess,NGSL|NGSL-Spoken|CEFR-J,B1,900,verb, to form an opinion or give an answer about something when you do not know much or anything about it ,推測する
fun,NGSL|NGSL-Spoken|CEFR-J,A1,901,adjective,someone or something that is amusing or enjoyable,楽しい
protect,NGSL|CEFR-J,B1,902,verb,"to keep (someone or something) from being harmed, lost, etc. ",守る
resource,NGSL|CEFR-J,B1,903,noun,an essential supply of something,資源
science,NGSL|CEFR-J,A1,904,noun,knowledge about or study of the natural world based on facts,科学
disease,NGSL|CEFR-J,B1,905,noun,"an illness that affects a person, animal, or plant",病気
balance,NGSL|CEFR-J,B1,906,noun,the state of having your weight spread equally so that you do not fall ,バランス
damage,NGSL|CEFR-J,B1,907,noun,physical harm that is done to something or to someone's body,損傷
basis,NGSL|CEFR-J,B1,908,noun,something from which another thing develops,基礎
author,NGSL|CEFR-J,A2,909,noun,a person who writes book,著者
basic,NGSL|CEFR-J,A2,910,adjective,forming or relating to the most important part of something,基本的な
encourage,NGSL|CEFR-J,A2,911,verb,"to make (someone) more determined, hopeful, or confident ",勇気づける
hair,NGSL|NGSL-Spoken|CEFR-J,A1,912,noun,a thin threadlike growth from the skin of a person or animal,毛髪、毛
male,NGSL|CEFR-J,B1,913,adjective,characteristic of boys or men ,男性
operate,NGSL|CEFR-J,A2,914,verb,to function or behave in a proper or particular way,動作する
reflect,NGSL|CEFR-J,A2,915,verb," to move in one direction, hit a surface, and then quickly move in a different and usually opposite direction",反射する
exercise,NGSL|CEFR-J,A2,916,noun,physical activity that is done in order to become stronger and healthier ,運動
useful,NGSL|CEFR-J,A2,917,adjective,helpful for doing or achieving something,便利
restaurant,NGSL|CEFR-J,A1,918,noun,a place where you can buy and eat a meal,レストラン
income,NGSL|CEFR-J,B1,919,noun,"earned money from work, investments or business",収入
property,NGSL|CEFR-J,B1,920,noun,something that is owned by a person or business,所有物
previous,NGSL|CEFR-J,B1,921,adjective,existing or happening before the present time,前の
dark,NGSL|CEFR-J,A1,922,adjective,"having very little light, not light in color",暗い
imagine,NGSL|NGSL-Spoken|CEFR-J,A1,923,verb,to think of or create something in one's mind that is not real ,想像する
okay,NGSL|NGSL-Spoken,,924,adverb,used when agreeing to do something or when allowing someone to do something,ＯＫ、いいよ
earn,NGSL|CEFR-J,A2,925,verb,"to get (money, a salary, etc.) for work that you have done ",稼ぐ
daughter,NGSL|CEFR-J,A1,926,noun, a female child,娘
post,NGSL|CEFR-J,A1,927,noun,letters or packages sent by post,郵便物
newspaper,NGSL|CEFR-J,A1,928,noun,"a set of large sheets of paper that have news stories, information about local events, advertisements, etc., and that are folded together and sold every day",新聞
define,NGSL|CEFR-J,B1,929,verb,"to state the meaning of a word, phrase, etc.",定義する
conclusion,NGSL|CEFR-J,B1,930,noun,the opinion you have after considering all the information about something; the final part of something,結論
clock,NGSL|NGSL-Spoken|CEFR-J,A1,931,noun,a device that shows what time it is and that is usually placed in a room or attached to a wall ,時計
everybody,NGSL|NGSL-Spoken|CEFR-J,A1,932,pronoun,every person;  everyone,全員
weekend,NGSL|NGSL-Spoken|CEFR-J,A1,933,noun, Saturday and Sunday,週末
perform,NGSL|CEFR-J,A2,934,verb,to do an action or activity that usually requires training or skill,演じる
professional,NGSL|CEFR-J,A2,935,adjective,relating to a job that requires special skill,専門の
mine,NGSL|NGSL-Spoken|CEFR-J,B2,936,pronoun,that which belongs to me : my one : my ones ,私のもの
debate,NGSL|CEFR-J,A2,937,noun,a formal discussion between people,討論
memory,NGSL|CEFR-J,A1,938,noun, the power or process of remembering what has been learned,記憶
green,NGSL|CEFR-J,A1,939,adjective,having the color of growing grass,緑
song,NGSL|CEFR-J,A1,940,noun,a short piece of music with words that are sung ,歌
object,NGSL|CEFR-J,B1,941,noun,a thing that you can see and touch and that is not alive ,物体
maintain,NGSL|CEFR-J,B1,942,verb,to keep exist or continue without changing,維持する
credit,NGSL|CEFR-J,A2,943,noun,the quality of being believed or having a good reputation,信用
ring,NGSL|NGSL-Spoken|CEFR-J,A2,944,noun,a piece of jewelry that is worn usually on a finger ,指輪
discover,NGSL|CEFR-J,A2,945,verb,"to see, find, or become aware of (something) for the first time ",発見する
dead,NGSL|CEFR-J,A2,946,adjective,"no longer alive or living , no longer having life",死んでいる
afternoon,NGSL|NGSL-Spoken|CEFR-J,A1,947,noun,the middle part of the day : the part of the day between noon and evening ,午後
prefer,NGSL|CEFR-J,A2,948,verb,to like (someone or something) better than someone or something else ,～をより好む
extend,NGSL|CEFR-J,B1,949,verb,"to cause (something, such as your arm or leg) to straighten out or to stretch out ",伸ばす
possibility,NGSL|CEFR-J,B1,950,noun,a chance that something may happen or be true,可能性
direction,NGSL|CEFR-J,A2,951,noun,the course or path on which something is moving or pointing,方向
facility,NGSL|CEFR-J,B1,952,noun,a place where a particular activity happens,施設
variety,NGSL|CEFR-J,B1,953,noun,a number or collection of different things or people ,多様な
daily,NGSL|CEFR-J,A2,954,adjective,"happening, done, made, used, or existing every day ",日誌
clothes,NGSL|CEFR-J,A1,955,noun,items such as shirts and trousers that you wear on your body,衣服
screen,NGSL|CEFR-J,A2,956,noun,the usually flat part of a television or computer monitor that shows the images or text : the part of a television or computer that you look at when you are using it ,画面
track,NGSL|CEFR-J,A2,957,noun,"a path or trail that is made by people or animals walking through a field, forest, etc.",(人・車などの）通った跡
dance,NGSL|CEFR-J,A1,958,verb,to move your body with rhythm to music ,踊る
completely,NGSL|NGSL-Spoken|CEFR-J,B1,959,adverb,in every way or as much as possible,完全に
female,NGSL|CEFR-J,A2,960,adjective,characteristic of girls or women ,女性
responsibility,NGSL|CEFR-J,B1,961,noun,something that it is your job or duty to do or deal with,責任
original,NGSL|CEFR-J,A2,962,adjective,special and interesting because of not being the same as others; the earliest form of something,オリジナル
sister,NGSL|NGSL-Spoken|CEFR-J,A1,963,noun,a girl or woman who has one or both of the same parents as you,姉妹
rock,NGSL|CEFR-J,A2,964,noun,to move (someone or something) back and forth or from side to side,揺れ動く
dream,NGSL|CEFR-J,A1,965,noun,"a series of thoughts, visions, or feelings that happen during sleep",夢
nor,NGSL|CEFR-J,B1,966,conjunction,used after neither to show something is also not true or possible,AもBも～でない
university,NGSL|CEFR-J,A2,967,noun,a high-level educational school where academic research is done,大学
easily,NGSL|CEFR-J,A2,968,adverb,with no difficulty,簡単に
agency,NGSL|CEFR-J,A2,969,noun, a business that provides a particular service ,代理店
dollar,NGSL|NGSL-Spoken|CEFR-J,A1,970,noun,"a basic unit of money in the U.S., Canada, Australia, and other countries that is equal to 100 cents",ドル
garden,NGSL|CEFR-J,A1,971,noun, an area of ground where plants (such as flowers or vegetables) are grown ,庭
fix,NGSL|CEFR-J,A2,972,verb,to make (something) whole or able to work properly again ,修理する
ahead,NGSL|NGSL-Spoken|CEFR-J,A2,973,adverb,in or toward the front ,前
cross,NGSL|CEFR-J,A2,974,verb,to go from one side of (something) to the other : to go across (something),交差する
yeah,NGSL|NGSL-Spoken|CEFR-J,A2,975,interjection,"used to give a positive answer or reply to a question, request, or offer (informal)",ああ
weight,NGSL|CEFR-J,A2,976,noun,a measurement that indicates how heavy a person or thing is ,重さ
legal,NGSL|CEFR-J,B1,977,adjective,"of or relating to the law, required by the law",法律上の、法的な
proposal,NGSL|CEFR-J,B1,978,noun,something (such as a plan or suggestion) that is presented to a person or group of people to consider ,提案
version,NGSL|CEFR-J,B2,979,noun,a particular form of something and other forms ,版
conversation,NGSL|NGSL-Spoken|CEFR-J,A1,980,noun,an informal talk involving two people or a small group of people,会話
somebody,NGSL|NGSL-Spoken|CEFR-J,A2,981,pronoun,"person who is not known, named, or specified",誰か
pound,NGSL|NGSL-Spoken|CEFR-J,B1,982,noun, a unit of weight that is equal to 16 ounces or 0.4536 kilograms ,ポンド
magazine,NGSL|CEFR-J,A1,983,noun,"a thin book published every week or month, that has shiny, colorful pages with articles and pictures",雑誌
shape,NGSL|CEFR-J,A2,984,noun,the form or outline of an object,形
sea,NGSL|CEFR-J,A1,985,noun,the salt water that covers much of the Earth's surface,海
immediately,NGSL|CEFR-J,B1,986,adverb,now or without waiting or thinking about something,ただちに
welcome,NGSL|CEFR-J,B1,987,interjection,used as a friendly greeting to someone who has arrived at a place,ようこそ
smile,NGSL|CEFR-J,A1,988,noun,"an expression on your face that shows happiness, amusement or pleasure",笑顔
communication,NGSL|CEFR-J,A2,989,noun,the act of communicating with other people,コミュニケーション
agent,NGSL|CEFR-J,A2,990,noun,a person who does business for another person : a person who acts on behalf of another ,代理人
traditional,NGSL|CEFR-J,A2,991,adjective,following the customs or ways of behaving that have continued in a group of people or society for a long time,伝統的な
replace,NGSL|CEFR-J,A2,992,verb,to be used instead of (something) ,取って代わる
judge,NGSL|CEFR-J,B1,993,noun,a person who has the power to make a decision,審判
herself,NGSL|CEFR-J,A2,994,pronoun,the reflexive form of the pronoun 'she',彼女自身
suddenly,NGSL|CEFR-J,B1,995,adverb,quickly and unexpectedly,突然
generation,NGSL|CEFR-J,A2,996,noun,people born and living during about the same time,世代
estimate,NGSL|CEFR-J,B2,997,noun,a rough idea or guess,予算
favorite,NGSL|CEFR-J,A1,998,adjective,most liked ,お気に入りの
difficulty,NGSL|CEFR-J,A2,999,noun,the quality of something that makes it hard to do : the difficult nature of something ,困難
purchase,NGSL|CEFR-J,B2,1000,verb,"to buy something, to get by paying money for it",購入する
shoot,NGSL|CEFR-J,A2,1001,verb,"to cause a bullet, arrow, etc., to move forward with great force from a weapon",撃つ
announce,NGSL|CEFR-J,B1,1002,verb,to tell people about something officially or with force or confidence,発表する
unless,NGSL|NGSL-Spoken|CEFR-J,B1,1003,conjunction,"used to say what will happen, be done, or be true if something else does not happen, is not done, or is not true",～でない限り
independent,NGSL|CEFR-J,B1,1004,adjective,not controlled or ruled by anyone else,独立
recommend,NGSL|CEFR-J,B1,1005,verb,to say that (someone or something) is good and deserves to be chosen ,薦める
survey,NGSL|CEFR-J,A1,1006,noun,an act of studying to make a judgment about it,調査
majority,NGSL|CEFR-J,B1,1007,noun,more than half of a group of people or things,大多数
stick,NGSL|NGSL-Spoken|CEFR-J,B2,1008,noun,a cut or broken branch or twig ,棒
request,NGSL|CEFR-J,A2,1009,noun,an act of politely or formally asking for something,要請
rich,NGSL|CEFR-J,A1,1010,adjective,having a lot of money and possessions,金持ち
wind,NGSL|CEFR-J,A1,1011,noun,a natural movement of air outside,風
none,NGSL|CEFR-J,B1,1012,pronoun,not any of a group of people or things,誰も・何も～ない
exchange,NGSL|CEFR-J,A2,1013,noun,an occurrence in which people give things of similar value to each other ,交換
budget,NGSL|NGSL-Spoken|CEFR-J,B2,1014,noun,a plan of how you will spend your money; the amount of money you have for something,予算
famous,NGSL|CEFR-J,A1,1015,adjective,known or recognized by many people,有名
blood,NGSL|CEFR-J,A2,1016,noun,the red liquid that flows through the bodies of people and animals ,血液
appropriate,NGSL|CEFR-J,A2,1017,adjective,right or suited for some situation or purpose,適切な
block,NGSL|CEFR-J,A1,1018,noun,a solid piece of material (such as rock or wood) that has flat sides and is usually square or rectangular in shape,ブロック
warm,NGSL|CEFR-J,A1,1019,adjective,somewhat hot : not cool or cold ,暖かい
count,NGSL|CEFR-J,B1,1020,verb,to add (people or things) together to find the total number,数える
scene,NGSL|CEFR-J,A2,1021,noun,a division of an act in a play during which the action takes place in a single place without a break in time,場面
writer,NGSL|CEFR-J,A1,1022,noun,"someone whose job is writing books, stories, articles, etc.",作家
content,NGSL|CEFR-J,B2,1023,noun, the things that are in something ,内容
prevent,NGSL|CEFR-J,A2,1024,verb,to stop (something) from happening or existing ,防ぐ
safe,NGSL|CEFR-J,A2,1025,adjective,not able or likely to be hurt or harmed in any way : not in danger ,安全な
invite,NGSL|CEFR-J,A2,1026,verb,to ask (someone) to go somewhere or do something ,誘う
mix,NGSL|CEFR-J,B2,1027,verb,to combine (two or more things) to make one thing that is the same throughout,混ぜる
element,NGSL|CEFR-J,B1,1028,noun,an essential or particular part of something,要素
effective,NGSL|CEFR-J,B1,1029,adjective,producing a result that is wanted or having an intended effect,効果的な
correct,NGSL|NGSL-Spoken|CEFR-J,A1,1030,adjective,true or accurate;  agreeing with facts,正しい
medical,NGSL|CEFR-J,A2,1031,adjective,of or relating to the treatment of diseases and injuries,医療の
admit,NGSL|CEFR-J,A2,1032,verb, to say usually in an unwilling way that you accept or do not deny the truth or existence of (something) ,認める
beat,NGSL|CEFR-J,B2,1033,verb,to hit (something) repeatedly,打つ
telephone,NGSL|CEFR-J,A1,1034,noun,a system that uses wires and radio signals to send sounds (such as people's voices) over long distances,電話
copy,NGSL|NGSL-Spoken|CEFR-J,A1,1035,noun,something that is or looks exactly or almost exactly like something else,うり二つ
committee,NGSL|NGSL-Spoken|CEFR-J,A2,1036,noun,a group of people who are chosen to make decisions about something,委員会
aware,NGSL|NGSL-Spoken|CEFR-J,B1,1037,adjective,knowing or feeling that something exists,気づく
advice,NGSL|CEFR-J,A2,1038,noun,an opinion or suggestion about what someone should do ,アドバイス、助言
handle,NGSL|CEFR-J,A2,1039,noun,a part of something that is designed to be held by your hand ,ハンドル
glass,NGSL|CEFR-J,A1,1040,noun,a hard usually transparent material that is used for making windows and other products ,ガラス
trial,NGSL|CEFR-J,B2,1041,noun,a formal meeting in a court in which evidence about crimes,裁判
stress,NGSL|CEFR-J,B1,1042,noun,a state of mental tension and worry caused by problems,ストレス
radio,NGSL|CEFR-J,A1,1043,noun,the system or process that is used for sending and receiving signals through the air without using wires ,ラジオ、無線
administration,NGSL|CEFR-J,B1,1044,noun,"the work of organizing and arranging the operation of something, such as a company",経営管理
complex,NGSL|CEFR-J,B1,1045,adjective,"difficult, not easy to understand or explain",複雑な
text,NGSL|NGSL-Spoken|CEFR-J,A2,1046,noun,the original words in main writing or speech,本文
context,NGSL|CEFR-J,A2,1047,noun,a set of facts surrounding a person or event,事情
ride,NGSL|CEFR-J,A1,1048,verb,to sit on and control the movements of a horse or vehicle,乗る
directly,NGSL|CEFR-J,B1,1049,adverb,with no other person or thing involved or between,直接
heavy,NGSL|CEFR-J,A1,1050,adjective,having great weight or difficult to lift or move,重い
remove,NGSL|CEFR-J,B1,1051,verb,"to move, erase or take away from a place",取り除く
conduct,NGSL|CEFR-J,B1,1052,verb,"to direct, lead or guide something ",導く
equipment,NGSL|CEFR-J,B1,1053,noun,the things that are used for a particular activity or purpose,設備
otherwise,NGSL|CEFR-J,B1,1054,adverb,in a different way or  in all ways except the one mentioned,さもなければ
title,NGSL|CEFR-J,A2,1055,noun,"the name given to something (such as a book, song, or movie) to identify or describe it ",題名
extra,NGSL|NGSL-Spoken|CEFR-J,A2,1056,adjective,more than is usual or necessary : additional ,余計な
executive,NGSL|CEFR-J,B2,1057,noun,people who have important jobs in business,幹部
chair,NGSL|CEFR-J,A1,1058,noun,a seat for one person that has a back and usually four legs ,いす
expensive,NGSL|CEFR-J,A1,1059,adjective,costing a lot of money ,高い
sample,NGSL|CEFR-J,A2,1060,noun,a small amount of something that gives you information about the thing it was taken from ,見本
sex,NGSL|CEFR-J,B1,1061,noun,the state of being male or female mostly biological,性別
deliver,NGSL|CEFR-J,B1,1062,verb,to take (something) to a person or place,届ける
video,NGSL|CEFR-J,A1,1063,noun,a film or television program recorded on videotape,ビデオ
connection,NGSL|CEFR-J,B1,1064,noun,something that joins or connects two or more things ,接続
primary,NGSL|CEFR-J,B2,1065,adjective,"most important, most basic or essential",主要な
weather,NGSL|CEFR-J,A1,1066,noun,the state of the air and atmosphere at a particular time and place,天気
collect,NGSL|CEFR-J,A1,1067,verb,to get (things) from different places and bring them together ,集める
inform,NGSL|CEFR-J,B1,1068,verb,to give information or facts about something,知らせる
principle,NGSL|CEFR-J,B1,1069,noun,a moral rule or belief that governs person's behavior,原理、原則
straight,NGSL|NGSL-Spoken|CEFR-J,A2,1070,adverb,"not having curves, bends, or angles ",真っすぐな
appeal,NGSL|CEFR-J,B1,1071,noun,"when a lot of people are asked to give money, information, or help; a request to change an official decision",訴え、要請
highly,NGSL|CEFR-J,B1,1072,adverb,very or to a large degree,非常に、高く
trust,NGSL|CEFR-J,B2,1073,noun,"belief that someone or something is reliable, good, honest, effective, etc. ",信頼
wonderful,NGSL|NGSL-Spoken|CEFR-J,A1,1074,adjective,very good,素晴らしい
flat,NGSL|CEFR-J,B1,1075,adjective,"having a smooth, level, or even surface : not having curves or bumps ",平らな
absolutely,NGSL|NGSL-Spoken|CEFR-J,B1,1076,adverb,completely,全く
flow,NGSL|CEFR-J,B1,1077,verb,to move in a steady and continuous way,流れる
fair,NGSL|NGSL-Spoken|CEFR-J,A1,1078,adjective,agreeing with what is thought to be right or acceptable,公平
additional,NGSL|CEFR-J,A2,1079,adjective,extra to what already exists,追加の
responsible,NGSL|CEFR-J,B1,1080,adjective,having the duty of dealing with something important,責任のある
farm,NGSL|CEFR-J,A1,1081,noun,land that is used for growing crops or raising animals,農場
collection,NGSL|CEFR-J,A1,1082,noun,the act or process of getting things from different places and bringing them together ,収集
hang,NGSL|NGSL-Spoken|CEFR-J,B2,1083,verb,to attach or place something so that it is held up without support from below,吊るす
negative,NGSL|CEFR-J,A2,1084,adjective,not having enthusiasm or positive opinions about something; an amount less than zero,否定的な
band,NGSL|CEFR-J,A1,1085,noun,a group of people or animals,バンド
relative,NGSL|CEFR-J,B1,1086,adjective,compared to someone or something else or to each other ,関係性のある
tour,NGSL|CEFR-J,A2,1087,noun,"a journey through the different parts of a country, region, etc.",旅行
alternative,NGSL|CEFR-J,B1,1088,adjective,to give or express a choice,選択肢
software,NGSL|CEFR-J,A2,1089,noun,programs that you use to make a computer do different things,ソフトウェア
pair,NGSL|CEFR-J,A1,1090,noun, two things that are the same and are meant to be used together ,一組、一対
ship,NGSL|CEFR-J,A1,1091,noun,a large boat used for traveling long distances over the sea,船
attitude,NGSL|CEFR-J,A2,1092,noun,"the way you act, think and feel about something",態度
cheap,NGSL|NGSL-Spoken|CEFR-J,A2,1093,adjective,not costing a lot of money ,安い
double,NGSL|CEFR-J,A2,1094,adjective,made of two parts that are similar or exactly the same ,二重の
leg,NGSL|CEFR-J,A1,1095,noun,"one of the long body parts that are used especially for standing, walking, and running ",脚
observe,NGSL|CEFR-J,B1,1096,verb,to notice or perceive carefully,観察する
sentence,NGSL|CEFR-J,A1,1097,noun,"a group of words that expresses a statement, question, command, or wish Sentences usually contain a subject and verb.",文
print,NGSL|CEFR-J,B1,1098,verb,"to cause (words, images, etc.) to appear on paper or cloth by using a machine",印刷する
progress,NGSL|CEFR-J,B1,1099,noun,movement forward or toward a place ,前進
truth,NGSL|CEFR-J,A2,1100,noun,the real facts about something : the things that are true,真実
nobody,NGSL|NGSL-Spoken|CEFR-J,A2,1101,pronoun,"no person, no one",だれも～ない
examine,NGSL|CEFR-J,B1,1102,verb,"to look at (something) closely and carefully in order to learn more about it, to find problems, etc. ",調べる
lay,NGSL|CEFR-J,B1,1103,verb,to place (someone or something) down gently in a flat position ,敷く、置く
speed,NGSL|CEFR-J,A2,1104,noun,the rate at which someone or something moves or travels,速度
politics,NGSL|CEFR-J,B1,1105,noun,activities that relate to influencing the actions and policies of a government or getting and keeping power in a government ,政治
reply,NGSL|CEFR-J,A2,1106,verb," to say, write, or do something as an answer or response",返事をする
display,NGSL|CEFR-J,A2,1107,verb,to put  where people can see it,展示する
transfer,NGSL|CEFR-J,B2,1108,verb,to move from one place to another,移動する
perfect,NGSL|CEFR-J,A2,1109,adjective,having no mistakes or flaws,完璧
slightly,NGSL|CEFR-J,B1,1110,adverb,a little,わずかに
overall,NGSL|CEFR-J,B2,1111,adjective,when everything is included,全体の
intend,NGSL|CEFR-J,B1,1112,verb,to plan or want to do (something) : to have (something) in your mind as a purpose or goal ,～するつもりだ
user,NGSL|CEFR-J,B2,1113,noun,"someone who uses a product, machine, or service",使用者
respond,NGSL|CEFR-J,B1,1114,verb,to say or write to answer the question,返事をする
dinner,NGSL|NGSL-Spoken|CEFR-J,A1,1115,noun,the main meal of the day,夕食
slow,NGSL|CEFR-J,A1,1116,adjective,not moving quickly or not able to move quickly,遅い
regular,NGSL|CEFR-J,A2,1117,adjective,happening over and over again at the same time or in the same way,定期的な
physical,NGSL|CEFR-J,A2,1118,adjective,relating to the body of a person ,身体の
apart,NGSL|CEFR-J,A2,1119,adverb,separated by an amount of space ,離れた
suit,NGSL|CEFR-J,A2,1120,noun,a set of clothes that usually consists of a jacket and a skirt or pair of pants that are made out of the same material ,スーツ
federal,NGSL|CEFR-J,B2,1121,adjective,a system of  government,連邦の
reveal,NGSL|CEFR-J,A2,1122,verb,"to make known, to show or prove",明かす
percentage,NGSL|CEFR-J,B2,1123,noun,"an amount of something, expressed as a number out of 100",割合
peace,NGSL|CEFR-J,A1,1124,noun,freedom from any disturbance; when there is no war or fighting,平和
status,NGSL|CEFR-J,B1,1125,noun,the position or rank compared in a society,地位
crime,NGSL|CEFR-J,A2,1126,noun,an illegal act for which someone can be punished by the government,犯罪
decline,NGSL|CEFR-J,B1,1127,verb,"to become lower, smaller or fewer in amount",下降する
decade,NGSL|CEFR-J,B2,1128,noun,a period of 10 years,１０年
launch,NGSL|CEFR-J,B1,1129,verb,"to send a spacecraft or missile into the sky, or a ship into the water; to start to sell a new product",発射する、進水させる、発売する
warn,NGSL|CEFR-J,B1,1130,verb,to tell (someone) about possible danger or trouble,警告する
consumer,NGSL|CEFR-J,B1,1131,noun,someone who buys or uses goods or services,消費者
favor,NGSL|CEFR-J,A2,1132,noun,a kind or helpful act that you do for someone ,恩恵、世話
dry,NGSL|CEFR-J,A1,1133,adjective,having no or very little water or liquid,乾く
partner,NGSL|CEFR-J,A1,1134,noun,someone's husband or wife or the person someone has sexual relations with ,相棒
institution,NGSL|CEFR-J,B2,1135,noun,"a large and important organization, such as a university or bank",機関
spot,NGSL|CEFR-J,A1,1136,noun, a small area of a surface that is different from other areas ,場所
horse,NGSL|CEFR-J,A1,1137,noun,a large animal that is used for riding and for carrying and pulling things,馬
eventually,NGSL|CEFR-J,B1,1138,adverb,"in the end, especially after a long time",最終的に
heat,NGSL|CEFR-J,A2,1139,noun,energy that causes things to become warmer,熱
excite,NGSL,,1140,verb,to cause feelings of enthusiasm in (someone),興奮させる
reader,NGSL|CEFR-J,A1,1141,noun,someone who reads,先導者
importance,NGSL|CEFR-J,A2,1142,noun,the quality or state of being important,重要性
distance,NGSL|CEFR-J,B1,1143,noun,the amount of space between two places or things,距離
guide,NGSL|CEFR-J,B1,1144,noun,a person who leads or directs other people on a journey ,案内人
grant,NGSL|CEFR-J,B1,1145,verb,"to agree to do, give, or allow something",許諾する、与える
taxi,NGSL|CEFR-J,A1,1146,noun,a car that carries passengers to a place for an amount of money that is based on the distance traveled,タクシー
feed,NGSL|CEFR-J,A1,1147,verb,to give food to someone or something,食物を与える
pain,NGSL|CEFR-J,B1,1148,noun,"the physical feeling caused by disease, injury, or something that hurts the body",痛み
sector,NGSL|CEFR-J,B2,1149,noun,an area that includes certain kinds of job,課
mistake,NGSL|CEFR-J,A2,1150,noun,"something that is not correct : a wrong action, statement, or judgment",誤り
ensure,NGSL|CEFR-J,B1,1151,verb,"to make something sure, certain, or safe",確保する
satisfy,NGSL|CEFR-J,A2,1152,verb, to cause (someone) to be happy or pleased ,満足させる
chief,NGSL|CEFR-J,B1,1153,noun,"the person who is the leader of a group of people, of an organization, etc.",長、主任
cool,NGSL|NGSL-Spoken|CEFR-J,A1,1154,adjective,somewhat cold : not warm or hot,冷たい、涼しい
expert,NGSL|CEFR-J,B2,1155,noun,a person who is very skillful or knowledgeable,専門家
wave,NGSL|CEFR-J,A2,1156,noun,"an area of moving water that is raised above the main surface of an ocean, a lake, etc. ",波
south,NGSL|CEFR-J,A2,1157,noun,the direction that is the opposite of north,南
labor,NGSL|CEFR-J,A2,1158,noun,"work, especially the type of work that needs a lot of physical effort; workers",労働
surface,NGSL|CEFR-J,B1,1159,noun,an outside or upper layer of something,表面
library,NGSL|CEFR-J,A1,1160,noun,"a place where books, magazines, and other materials (such as videos and musical recordings) are available for people to use or borrow ",図書館
excellent,NGSL|CEFR-J,A1,1161,adjective,very good : extremely good ,すばらしい
edge,NGSL|CEFR-J,B1,1162,noun,the line or part where an object or area begins or ends ,端
camp,NGSL|CEFR-J,A1,1163,noun,"a place that is usually far away from cities and that has tents, small houses, etc., that people can live in for a short period of time",キャンプ
audience,NGSL|CEFR-J,A2,1164,noun,a group of people who gather together to listen to something (such as a concert) or watch something (such as a movie or play),観衆
lift,NGSL|CEFR-J,B1,1165,verb,to move (something or someone) to a higher position,持ち上げる
procedure,NGSL|CEFR-J,B2,1166,noun,the official or usual way of doing something,手続き
email,NGSL|CEFR-J,A2,1167,verb,to send a message electronically; a message sent electronically; a system for sending messages electronically,e-メール
global,NGSL|CEFR-J,B1,1168,adjective,relating to the whole world,グローバル
struggle,NGSL|CEFR-J,B1,1169,verb," to try very hard to do, achieve, or deal with something that is difficult or that causes problems",奮闘する
advertise,NGSL|CEFR-J,B1,1170,verb,to make the public aware of something (such as a product) that is being sold,宣伝する
select,NGSL|CEFR-J,B1,1171,verb,"to choose from a group, something most suitable",選択する
surround,NGSL|CEFR-J,B1,1172,verb, to be on every side of (someone or something),周り
extent,NGSL|CEFR-J,B1,1173,noun,"the range, distance, or space that is covered or affected by something or included in something ",規模
river,NGSL|CEFR-J,A1,1174,noun,a large natural flow of water that crosses an area of land that goes into the ocean,川
annual,NGSL|CEFR-J,B1,1175,adjective,happening once a year,年に一度
fully,NGSL|CEFR-J,A2,1176,adverb,completely,完全に
contrast,NGSL|CEFR-J,A2,1177,verb,"to compare, the state of being different",対比する
roll,NGSL|CEFR-J,A2,1178,verb,to move across the ground or another surface by turning over and over,転がる
reality,NGSL|CEFR-J,B1,1179,noun,the way things or situations really are,現実
photograph,NGSL|CEFR-J,A2,1180,noun,a picture made by a camera ,写真
artist,NGSL|CEFR-J,B1,1181,noun,"someone who creates art, especially paintings and drawings",芸術家
conflict,NGSL|CEFR-J,B1,1182,noun,"a struggle or fight for an idea, power, property, etc.",闘争
entire,NGSL|CEFR-J,B1,1183,adjective,"complete or full, with no part left out, whole",全体の
presence,NGSL|CEFR-J,B1,1184,noun,the fact of being in a particular place : the state of being present,存在
crowd,NGSL|CEFR-J,A2,1185,noun,a large group of people who are together in one place ,人混み
corner,NGSL|CEFR-J,A1,1186,noun," the point or area where two lines, edges, or sides of something meet ",角
gas,NGSL|CEFR-J,A2,1187,noun, a substance (such as oxygen or hydrogen) that is like air and has no fixed shape,ガソリン
shift,NGSL|CEFR-J,B2,1188,verb,"to move or to cause a different place, position",移す
net,NGSL|CEFR-J,A2,1189,adjective,"a device that is used for catching or holding things or for keeping things out of a space and that is made of pieces of string, rope, wire, etc., woven together with spaces in between ",網
category,NGSL|CEFR-J,B1,1190,noun,a group of people or things that are similar in some way,分類
secretary,NGSL|CEFR-J,A2,1191,noun,a person whose job is to do routine work for someone else,秘書
defense,NGSL|CEFR-J,B1,1192,noun,the act of defending someone from attack,防御
quick,NGSL|NGSL-Spoken|CEFR-J,A2,1193,adjective,done or happening in a short amount of time,早い
cook,NGSL|CEFR-J,A1,1194,noun," someone who prepares and cooks food for eating at home, in a restaurant, etc.",料理人
spread,NGSL|CEFR-J,A2,1195,verb,"to open, arrange, or place (something) over a large area ",広がる
nuclear,NGSL|CEFR-J,B1,1196,adjective,relating to atomic power,核
scale,NGSL|CEFR-J,A2,1197,noun,a device that is used for weighing people or things ,規模
driver,NGSL|CEFR-J,A1,1198,noun,someone who drives a vehicle,運転手
ball,NGSL|CEFR-J,A1,1199,noun,a usually round object that is used in a game or sport or as a toy,ボール
cry,NGSL|CEFR-J,A1,1200,verb," to produce tears from your eyes often while making loud sounds because of pain, sorrow, or other strong emotions",泣く
introduction,NGSL|CEFR-J,B1,1201,noun,the act of making a person known to others by name,導入
requirement,NGSL|CEFR-J,B1,1202,noun,something that is needed or demanded,要件
north,NGSL|CEFR-J,A2,1203,noun,the direction that is to your left when you are facing the rising sun,北
confirm,NGSL|CEFR-J,B1,1204,verb,to make sure something is true or correct,確認する
senior,NGSL|CEFR-J,A2,1205,adjective,having a higher level job or position than someone else; older,上級の、年上の
photo,NGSL|CEFR-J,A1,1206,noun,a picture made by a camera ,写真
refuse,NGSL|CEFR-J,B1,1207,verb,"to say that you will not accept (something, such as a gift or offer) ",拒む
transport,NGSL|CEFR-J,B1,1208,verb,to carry things from one place to another ,運ぶ
emerge,NGSL|CEFR-J,B1,1209,verb,to become known or prominent,出現する
map,NGSL|CEFR-J,A1,1210,noun," a picture or chart that shows the rivers, mountains, streets, etc., in a particular area ",地図
concept,NGSL|CEFR-J,B1,1211,noun,an abstract idea of something or how it works,概念・発想
island,NGSL|CEFR-J,A1,1212,noun,an area of land that is surrounded by water,島
reform,NGSL|CEFR-J,B2,1213,noun,"when changes are made to improve a system, organization, or law, or a change that is made",改革
neither,NGSL|CEFR-J,B2,1214,adverb,not one or the other of two people or things ,どちらも～ない
football,NGSL|CEFR-J,A1,1215,noun,"a game in which two teams of players try to kick, run with, or throw an oval ball across each other's goal line; a ball used to play football",サッカー
survive,NGSL|CEFR-J,A2,1216,verb,to remain alive;  to continue to live,生き残る
flight,NGSL|CEFR-J,A2,1217,noun,a journey in an aircraft; the act of flying,飛行
left,NGSL|CEFR-J,A1,1218,adjective,located on the same side of your body as your heart ,左
solve,NGSL|CEFR-J,A1,1219,verb,to find a way to deal with and end (a problem) ,解決する
neighbor,NGSL|CEFR-J,A1,1220,noun, a person who lives next to or near another person ,隣の
background,NGSL|CEFR-J,A2,1221,noun,Sounds or images that are not the main focus; a persons life experience up to now,背景
technique,NGSL|CEFR-J,B1,1222,noun,a way of doing by using special knowledge or skill,技術
traffic,NGSL|CEFR-J,A2,1223,noun,"the cars, trucks, etc. using a road",交通
improvement,NGSL|CEFR-J,B1,1224,noun,when something gets better or when you make it better,改善
tool,NGSL|CEFR-J,A1,1225,noun,"something (such as a hammer, saw, shovel, etc.) that you hold in your hand and use for a particular task ",道具
consequence,NGSL|CEFR-J,A2,1226,noun,"the result of an action or situation, especially a bad result",結果
circumstance,NGSL|CEFR-J,B2,1227,noun,"a condition or fact affects a situation, environment",取り巻く環境
smoke,NGSL|CEFR-J,A1,1228,noun,"the cloud of black, gray, or white gases and dust that is produced by burning something ",煙
reaction,NGSL|CEFR-J,B2,1229,noun,"something you say, feel, or do because of something that has happened",反応
rain,NGSL|CEFR-J,A1,1230,noun,water that falls in drops from clouds in the sky,雨
busy,NGSL|CEFR-J,A1,1231,adjective,actively doing something ,忙しい
lesson,NGSL|CEFR-J,A1,1232,noun,an activity that you do in order to learn something ,授業
brain,NGSL|CEFR-J,A1,1233,noun,"the organ of the body in the head that controls functions, movements, sensations, and thoughts ",脳
mass,NGSL|CEFR-J,B1,1234,noun,a usually large amount of a substance that has no particular shape ,巨大
funny,NGSL|NGSL-Spoken|CEFR-J,A1,1235,adjective,causing laughter ,おかしい
contribute,NGSL|CEFR-J,B1,1236,verb,to give (money) or help to something,貢献する
failure,NGSL|CEFR-J,B1,1237,noun,the act or result of failing,失敗
schedule,NGSL|CEFR-J,A2,1238,noun,a plan of things that will be done ,日程
speaker,NGSL|CEFR-J,A2,1239,noun,"the part of a radio, CD player, etc. which the sound comes out of; a person who is speaking",スピーカー
bottom,NGSL|NGSL-Spoken|CEFR-J,A1,1240,noun,"the lowest part, point, or level of something",底
adopt,NGSL|CEFR-J,B1,1241,verb,"to begin to use or have (a different manner, method, etc.) ",採用する
combine,NGSL|CEFR-J,B1,1242,verb,to cause (two or more things) to be together or to work together ,組み合わせる
mountain,NGSL|CEFR-J,A1,1243,noun, an area of land that rises very high above the land around it and that is higher than a hill ,山
waste,NGSL|CEFR-J,B1,1244,verb,to use (something valuable) in a way that is not necessary or effective,無駄にする
hide,NGSL|CEFR-J,A1,1245,verb, to put (something) in a place where it cannot be seen or found ,隠れる
marriage,NGSL|CEFR-J,B1,1246,noun,the relationship that exists between a husband and a wife,結婚
ticket,NGSL|CEFR-J,A1,1247,noun,"a piece of paper that allows you to see a show, participate in an event, travel on a vehicle, etc.",チケット
meal,NGSL|CEFR-J,A1,1248,noun,the foods eaten or prepared for eating at one time ,ご飯
colleague,NGSL|CEFR-J,B2,1249,noun,a person you work together or cooperate with,同僚
bag,NGSL|NGSL-Spoken|CEFR-J,A1,1250,noun,"a container made of thin material (such as paper, plastic, or cloth) that opens at the top and is used for holding or carrying things ",バッグ
repeat,NGSL|CEFR-J,A1,1251,verb,to say (something) again ,繰り返す
equal,NGSL|CEFR-J,B1,1252,adjective,"the same in number, amount, degree or quality",等しい
expression,NGSL|CEFR-J,A2,1253,noun,"the act of making your thoughts, feelings, etc., known by speech, writing, or some other method : the act of expressing something",表現
plus,NGSL|NGSL-Spoken|CEFR-J,B1,1254,preposition,having a value that is above zero,プラス
extremely,NGSL|CEFR-J,A2,1255,adverb,"very, or much more than usual",極めて
owner,NGSL|CEFR-J,A1,1256,noun,someone who legally owns something,持ち主
plane,NGSL|CEFR-J,A1,1257,noun,a vehicle that flies and has an engine and wings,飛行機
commercial,NGSL|CEFR-J,B1,1258,adjective,related to or used in the buying and selling of goods and services ,商業の
lady,NGSL|NGSL-Spoken|CEFR-J,A1,1259,noun,a woman who behaves in a polite way,女性
duty,NGSL|CEFR-J,B1,1260,noun,something that is done as part of a job,業務
strength,NGSL|CEFR-J,A2,1261,noun,the quality or state of being physically strong,体力
connect,NGSL|CEFR-J,B1,1262,verb,to join (two or more things) together,つなぐ
cultural,NGSL|CEFR-J,B1,1263,adjective,"relating to the habits, traditions, art, beliefs, etc. of a society",文化の
arrange,NGSL|CEFR-J,B1,1264,verb,to move and organize (things) into a particular order or position,並べる
scheme,NGSL|CEFR-J,B2,1265,noun,a clever plan to do or get something,計画
payment,NGSL|CEFR-J,B2,1266,noun,the act of paying; the amount of money that is paid,支払い
unfortunately,NGSL|CEFR-J,A2,1267,adverb,used to say that you wish something was not true or that something had not happened,残念ながら
brief,NGSL|NGSL-Spoken|CEFR-J,B1,1268,adjective,"lasting, having only a short period of time",短時間の
bird,NGSL|CEFR-J,A1,1269,noun,an animal that has wings and is covered with feathers ,鳥
demonstrate,NGSL|CEFR-J,B1,1270,verb,to prove by showing examples ,実演する
contribution,NGSL|CEFR-J,B1,1271,noun,"something that you do or give to help produce or develop something, or to help make something successful",貢献
appreciate,NGSL|CEFR-J,A2,1272,verb,"to be grateful, thankful for (something)",感謝する
chapter,NGSL|CEFR-J,A2,1273,noun,"one of the main sections, periods of a book",章
secret,NGSL|CEFR-J,B1,1274,adjective, kept hidden from others,秘密な
apparently,NGSL|CEFR-J,A2,1275,adverb,"used to say that something seems to be true, although it is not certain",～そうだ、～らしい
novel,NGSL|CEFR-J,A2,1276,noun,a book that tells a story about imaginary people and events,小説
union,NGSL|CEFR-J,B1,1277,noun,an organization of workers formed to protect the rights,組合
burn,NGSL|CEFR-J,A2,1278,verb,"to give off heat, light, and gases ",燃える
trend,NGSL|CEFR-J,B1,1279,noun,"a general direction of developing, proceeding",傾向、動向
initial,NGSL|CEFR-J,B2,1280,adjective,existing or occurring at the beginning,最初の
pleasure,NGSL|CEFR-J,A1,1281,noun," a feeling of happiness, enjoyment, or satisfaction : a pleasant or pleasing feeling ",喜び
suggestion,NGSL|CEFR-J,A1,1282,noun,an idea about what someone should do or how someone should behave ,提案
critical,NGSL|CEFR-J,B1,1283,adjective,used to describe negative comments or judgments about something or someone,批判的な
gather,NGSL|CEFR-J,A2,1284,verb, to bring (things or people) together into a group or collect things,集合
mostly,NGSL|CEFR-J,A2,1285,adverb,mainly or most of the time,たいていは
earth,NGSL|CEFR-J,A2,1286,noun,the planet on which we live,地球
pop,NGSL|CEFR-J,A1,1287,verb,"to make a short sound like a small explosion, or to make something do this by breaking it (like a balloon)",ポンと音を立てる、破裂させる
essential,NGSL|CEFR-J,B1,1288,adjective,extremely important and necessary ,不可欠な
desire,NGSL|CEFR-J,B1,1289,verb,to want or wish for something,望む
promote,NGSL|CEFR-J,B1,1290,verb,to raise the rank or position to a higher,昇進させる
currently,NGSL|CEFR-J,B1,1291,adverb,happening or existing now,現在
employ,NGSL|CEFR-J,B2,1292,verb,to provide someone with a job that pays wages or a salary,雇う
path,NGSL|CEFR-J,A2,1293,noun,a track that is made by people or animals walking over the ground ,小道
topic,NGSL|CEFR-J,A1,1294,noun,a matter people talk or write about,題
beach,NGSL|CEFR-J,A1,1295,noun,an area of sand or rocks next to the sea,海辺
attract,NGSL|CEFR-J,B1,1296,verb, to cause (someone) to like or be interested in something ,ひきつける
engage,NGSL|CEFR-J,B1,1297,verb,to interest someone in something and keep them thinking about it,関心を引き付ける
powerful,NGSL|CEFR-J,A2,1298,adjective,having a lot of strength or force,強力な
flower,NGSL|CEFR-J,A1,1299,noun,"the part of a plant that is often brightly colored, that usually lasts a short time, and from which the seed or fruit develops ",花
crisis,NGSL|CEFR-J,B1,1300,noun,a situation or time that is extremely dangerous or difficult,危機
settle,NGSL|CEFR-J,B1,1301,verb,"to end (something, such as an argument) by reaching an agreement",決着をつける
boat,NGSL|CEFR-J,A1,1302,noun,a small vehicle that is used for traveling on water,ボート
aid,NGSL|CEFR-J,B1,1303,verb,to provide what is useful or needed,援助する
fan,NGSL|CEFR-J,A1,1304,noun,a machine or device that is used to move the air and make people or things cooler,扇風機
kitchen,NGSL|CEFR-J,A1,1305,noun,a room in which food is cooked ,台所
twice,NGSL|CEFR-J,A2,1306,adverb,two times,2回
fresh,NGSL|CEFR-J,A2,1307,adjective,"newly produced, made, gathered, etc. : not preserved by being frozen, canned, etc. ",新鮮な
delay,NGSL|CEFR-J,A2,1308,noun,a situation in which something happens later than it should ,遅れる
safety,NGSL|CEFR-J,B1,1309,noun,freedom from harm or danger : the state of being safe ,安全
engineer,NGSL|CEFR-J,A1,1310,noun,"a person who has scientific training and who designs and builds complicated products, machines, systems, or structures",技術者
quiet,NGSL|CEFR-J,A1,1311,adjective,making very little noise ,静か
insurance,NGSL|CEFR-J,B1,1312,noun,"an agreement in which a person makes regular payments to a company and the company promises to pay money if the person is injured or dies, or to pay money equal to the value of something (such as a house or car) if it is damaged, lost, or stolen ",保険
nurse,NGSL|CEFR-J,A1,1313,noun,a person who is trained to care for sick or injured people and who usually works in a hospital or doctor's office ,看護師
divide,NGSL|CEFR-J,B1,1314,verb, to separate (something) into two or more parts or pieces,分ける
length,NGSL|CEFR-J,B1,1315,noun,the distance from one end of something to the other end ,長さ
investigation,NGSL|CEFR-J,B1,1316,noun,"when officials try to discover all the facts about something, especially a crime or an accident",調査
package,NGSL|CEFR-J,B1,1317,noun,a box or large envelope that is sent or delivered usually through the mail or by another delivery service ,パッケージ
somewhere,NGSL|NGSL-Spoken|CEFR-J,A2,1318,adverb,"in, at, or to a place not known, named, or specified ",どこか
expand,NGSL|CEFR-J,B1,1319,verb,to become bigger or larger in size and amount,拡大する
commit,NGSL|CEFR-J,B1,1320,verb,to decide to do something for a particular purpose,ささげる、専念する
obvious,NGSL|CEFR-J,B1,1321,adjective,"easy to see, notice or understand",明らかな
jump,NGSL|CEFR-J,B2,1322,verb,"to move your body upward from the ground and often forward, backward, or sideways through the air by pushing with your legs ",跳ぶ
weapon,NGSL|CEFR-J,B1,1323,noun," something (such as a gun, knife, club, or bomb) that is used for fighting or attacking someone or for defending yourself when someone is attacking you ",武器
relatively,NGSL|CEFR-J,B1,1324,adverb,"quite, when compared to other things or people",比較的に
host,NGSL|CEFR-J,A2,1325,noun,a person (especially a man) who is entertaining guests socially or as a job ,主催者、（客をもてなす）主人
winter,NGSL|CEFR-J,A1,1326,noun,the coldest season of the year that is after autumn and before spring,冬
district,NGSL|CEFR-J,B1,1327,noun,"an area or section of a country, city, or town",区
broad,NGSL|CEFR-J,B1,1328,adjective,large from one side to the other side,幅広い
tire,NGSL|CEFR-J,B1,1329,verb,to lose energy and begin to feel that you need to rest,疲れる
spring,NGSL|CEFR-J,A1,1330,noun,the season between winter and summer,春
spirit,NGSL|CEFR-J,B1,1331,noun,"the non-physical part of a person, our emotions and soul",魂
lunch,NGSL|CEFR-J,A1,1332,noun,a light meal eaten in the middle of the day,昼食
actual,NGSL|CEFR-J,B2,1333,adjective,to be real or existing in fact,現実の
pool,NGSL|CEFR-J,A1,1334,noun,a small area of water ,水たまり
battle,NGSL|CEFR-J,B1,1335,noun,"a military fight between groups of soldiers, ships, airplanes, etc.",戦い
tradition,NGSL|CEFR-J,A2,1336,noun,"a way of thinking, behaving that used for a long time",伝統
cash,NGSL|CEFR-J,A2,1337,noun,money in the form of coins or notes (= paper money),現金
hardly,NGSL|CEFR-J,A2,1338,adverb,used to say that something was almost not possible or almost did not happen,ほとんど～ない
award,NGSL|CEFR-J,A2,1339,noun,a prize given to someone for something they have achieved,賞
coach,NGSL|CEFR-J,A1,1340,noun,"someone whose job is to teach people to improve at a sport, skill, or school subject",コーチ
experiment,NGSL|CEFR-J,B1,1341,noun,a scientific test to observe the effect in order to learn,実験
consideration,NGSL|CEFR-J,B1,1342,noun,something that you have to think about when you make decisions or plans; the act of thinking about something carefully,考慮
strange,NGSL|CEFR-J,A1,1343,adjective,"different from what is usual, normal, or expected",変な
code,NGSL|CEFR-J,A1,1344,noun,a set of letters or numbers that identifies information,暗号
possibly,NGSL|CEFR-J,A2,1345,adverb,used when something is not certain,もしかしたら
threat,NGSL|CEFR-J,B1,1346,noun,"someone or something that could cause trouble, harm, etc.",脅かす人・もの
accident,NGSL|CEFR-J,A2,1347,noun,a sudden event (such as a crash) that is not planned or intended and that causes damage or injury ,事故
impossible,NGSL|CEFR-J,A2,1348,adjective,unable to be done or to happen : not possible ,不可能
revenue,NGSL|CEFR-J,B2,1349,noun,money that is made by or paid to a business,収益
enable,NGSL|CEFR-J,B1,1350,verb,to make it possible to do something,～を可能にする
afraid,NGSL|CEFR-J,A1,1351,adjective,worried that something will cause pain or injury ,怖がる
active,NGSL|CEFR-J,B1,1352,adjective,requiring physical movement or energy,積極的
conclude,NGSL|CEFR-J,B1,1353,verb,to stop or finish: to come to the end of something,終える
religious,NGSL|CEFR-J,B1,1354,adjective,relating to religion; having a belief in religion,宗教の
cancer,NGSL|CEFR-J,B1,1355,noun,a serious disease that is caused when cells in the body grow in a way that is uncontrolled and not normal,癌
convince,NGSL|CEFR-J,B1,1356,verb,to cause someone to believe that something is true,納得させる
vary,NGSL|CEFR-J,B1,1357,verb,"to be different or to be different, have variation",変わる
environmental,NGSL|CEFR-J,B1,1358,adjective,relating to the environment,環境の
sun,NGSL|CEFR-J,A1,1359,noun,the star that the Earth moves around and that gives the Earth heat and light ,太陽
healthy,NGSL|CEFR-J,A1,1360,adjective,physically strong and well; good for your health,健康な
blow,NGSL|CEFR-J,A2,1361,verb,to cause (air or something carried by air) to move ,吹く
volume,NGSL|CEFR-J,B1,1362,noun,"the amount of sound,  a book forming part, series",音量、巻
location,NGSL|CEFR-J,B1,1363,noun,a place or position,位置
invest,NGSL|CEFR-J,B1,1364,verb,to use money to earn more money,投資する
proceed,NGSL|CEFR-J,B1,1365,verb,to continue to do something、carry on,進める
wash,NGSL|CEFR-J,A1,1366,verb,to clean (something) with water and usually soap,洗う
actor,NGSL|CEFR-J,A1,1367,noun,"a person who acts in a play, movie, etc.",俳優
glad,NGSL|CEFR-J,A1,1368,adjective,"feeling pleasure, joy, or delight",喜び
tape,NGSL|NGSL-Spoken|CEFR-J,A2,1369,noun,"a long, narrow piece of material used to stick things",テープ
whereas,NGSL|CEFR-J,B2,1370,conjunction,"in contrast, comparison, show the differences",その一方で
opposite,NGSL|CEFR-J,A2,1371,adjective,"located at the other end, side, or corner of something",反対
stone,NGSL|CEFR-J,A1,1372,noun,"a hard substance that comes from the ground and is used for building, carving, etc. ",石
sum,NGSL|CEFR-J,A1,1373,noun,the result of adding two or more numbers together,合計
murder,NGSL|CEFR-J,A2,1374,noun,the crime of deliberately killing a person,殺人犯
monitor,NGSL|CEFR-J,B1,1375,verb,"to observe, watch or check something",監視する
soldier,NGSL|CEFR-J,A2,1376,noun,a person who is in the military,軍人
finance,NGSL|CEFR-J,B2,1377,noun,management of money that a company uses,財務
hate,NGSL|NGSL-Spoken|CEFR-J,B1,1378,verb,a very strong feeling of dislike,～をひどく嫌う
egg,NGSL|CEFR-J,A1,1379,noun,a hard-shelled oval thing from which a young bird is born ,卵
concert,NGSL|CEFR-J,A1,1380,noun,a performance of music and singing,コンサート
shock,NGSL|CEFR-J,A2,1381,noun,a sudden usually unpleasant or upsetting feeling caused by something unexpected ,衝撃
comfortable,NGSL|CEFR-J,A2,1382,adjective,"Comfortable furniture, clothes, rooms, etc. make you feel relaxed and do not cause any pain",心地よい
usual,NGSL|CEFR-J,A2,1383,adjective,"the way things occur most of time, in most cases",通常
carefully,NGSL|CEFR-J,A1,1384,adverb,"giving a lot of attention to what you are doing so that you do not have an accident, make a mistake, or damage something",慎重に
pack,NGSL|CEFR-J,A2,1385,verb,"to put (something) into a bag, suitcase, etc., so that you can take it with you",詰める
recall,NGSL|CEFR-J,B1,1386,verb,to remember something,思い出す
wine,NGSL|CEFR-J,A2,1387,noun,an alcoholic drink made from the juice of grapes,ワイン
camera,NGSL|CEFR-J,A1,1388,noun,"a device that is used for taking photographs or for making movies, television programs, etc.",カメラ
swim,NGSL|CEFR-J,A1,1389,verb,to move through water by moving your arms and legs ,泳ぐ
manufacture,NGSL|CEFR-J,B2,1390,verb,to make (something) usually in large amounts by using machines ,製造する
theater,NGSL|CEFR-J,A1,1391,noun,"a building where plays, shows, etc., are performed on a stage ",劇場
cycle,NGSL|CEFR-J,B1,1392,noun,a series of regular and repeated actions,循環
coffee,NGSL|CEFR-J,A1,1393,noun,a dark brown drink made from ground coffee beans and boiled water,コーヒー
totally,NGSL|NGSL-Spoken|CEFR-J,B1,1394,adverb,completely,完全に
museum,NGSL|CEFR-J,A2,1395,noun,"a building where you can look at important objects connected with art, history, or science",美術館
visitor,NGSL|CEFR-J,A2,1396,noun,someone who visits a person or place ,訪問者
freedom,NGSL|CEFR-J,A2,1397,noun,the state of being free: such as a : the power to do what you want to do : the ability to move or act freely ,自由
construction,NGSL|CEFR-J,B1,1398,noun,"the work of building houses, offices, bridges, etc.",建設
dear,NGSL|NGSL-Spoken|CEFR-J,A1,1399,adjective, loved or valued very much ,親愛なる
objective,NGSL|CEFR-J,B2,1400,noun,based on facts not influenced by feelings or opinions,客観的
moreover,NGSL|CEFR-J,B1,1401,adverb,in addition to what has been said ,そのうえに
onto,NGSL|CEFR-J,B1,1402,preposition,"to a position that is on (something, such as a surface, area, or object) ",～の上に
historical,NGSL|CEFR-J,B1,1403,adjective,"relating to events or people in the past, or the study of history",歴史的な
oppose,NGSL|CEFR-J,A2,1404,verb,to disagree with or disapprove of (something or someone) ,反対する
branch,NGSL|CEFR-J,A2,1405,noun,a part of a tree that grows out from the trunk ,枝
vehicle,NGSL|CEFR-J,B1,1406,noun,a machine (such as a car) that is used to carry things ,乗り物
scientist,NGSL|CEFR-J,A1,1407,noun,a person who is trained in a science and whose job involves doing scientific research or solving scientific problems,科学者
route,NGSL|CEFR-J,B2,1408,noun,a way to get from one place to another place,道
bind,NGSL|CEFR-J,B2,1409,verb,"to tie or wrap (something) with rope, string, etc. ",縛る
belong,NGSL|CEFR-J,A2,1410,verb,used to say that someone or something should be in a particular place or situation,所属する
taste,NGSL|CEFR-J,B1,1411,noun,"the sweet, sour, bitter, or salty quality of a thing that you can sense when it is in your mouth ",味
tonight,NGSL|NGSL-Spoken|CEFR-J,A1,1412,noun,this night or the night following this day ,今夜
fashion,NGSL|CEFR-J,A2,1413,noun,a popular way of dressing during a particular time or among a particular group of people ,流行
danger,NGSL|CEFR-J,A2,1414,noun,the possibility that you will be hurt or killed ,危険
bomb,NGSL|CEFR-J,B1,1415,noun,a weapon that explodes and causes damage,爆弾
army,NGSL|CEFR-J,B1,1416,noun,a large group of soldiers organized to fight battles on land ,陸軍
dangerous,NGSL|CEFR-J,A2,1417,adjective,"If someone or something is dangerous, they could harm you; not safe",危険
decrease,NGSL|CEFR-J,B1,1418,verb," to become smaller in size, amount, number, etc. ",減少
hurt,NGSL|CEFR-J,B1,1419,verb,"to cause pain or injury to (yourself, someone else, or a part of your body) ",傷つける
council,NGSL|NGSL-Spoken|CEFR-J,B1,1420,noun,"a group of people who are chosen to make rules, laws, or decisions about something ",評議会
editor,NGSL|CEFR-J,A2,1421,noun,"someone whose job is to prepare text, film, etc. by deciding what to include and making mistakes correct",編集者
normally,NGSL|NGSL-Spoken|CEFR-J,B1,1422,adverb,usually,通常
sight,NGSL|CEFR-J,A1,1423,noun,the ability to see ,視力
generate,NGSL|CEFR-J,B1,1424,verb,"to produce, create or be produced",生成する
gift,NGSL|CEFR-J,A1,1425,noun,something that is given to another person or to a group or organization ,贈り物
delivery,NGSL|CEFR-J,B1,1426,noun,the act of taking something to a person or place,宅配
deny,NGSL|CEFR-J,B1,1427,verb,to refuse to accept,否定する
guest,NGSL|CEFR-J,A1,1428,noun,a person who is invited to visit or stay in someone's home ,ゲスト
anybody,NGSL|NGSL-Spoken|CEFR-J,A1,1429,pronoun,any person : anyone ,だれか
bedroom,NGSL|CEFR-J,A1,1430,noun, a room used for sleeping ,寝室
quote,NGSL|CEFR-J,B2,1431,verb,"to repeat exactly, to copy out",引用する
climb,NGSL|CEFR-J,A1,1432,verb,to move or go up (something) using your feet and often your hands ,登る
basically,NGSL|NGSL-Spoken|CEFR-J,A2,1433,adverb,in the most important or fundamental ways,基本的に
violence,NGSL|CEFR-J,B1,1434,noun,"the use of physical force to harm someone, to damage property, etc.",暴力
minister,NGSL|CEFR-J,B2,1435,noun,an official who heads a government department or a major section of a department in some countries,大臣
mainly,NGSL|CEFR-J,A2,1436,adverb,mostly or to a large degree,投票者、有権者
mouth,NGSL|CEFR-J,A1,1437,noun,the opening through which food passes into the body ,口
noise,NGSL|NGSL-Spoken|CEFR-J,A1,1438,noun,a loud or unpleasant sound ,騒音
manner,NGSL|CEFR-J,A2,1439,noun,the way that something is done or happens ,方法
gun,NGSL|CEFR-J,A2,1440,noun,a weapon that shoots bullets or shells,ピストル、鉄砲
square,NGSL|CEFR-J,A2,1441,noun,a four-sided shape that is made up of four straight sides that are the same length,四角形
occasion,NGSL|CEFR-J,B1,1442,noun,a special event or time,機会
familiar,NGSL|CEFR-J,A2,1443,adjective," frequently seen, heard, or experienced ",親しい
ignore,NGSL|CEFR-J,B1,1444,verb,to pay no attention to something or someone,無視する
destroy,NGSL|CEFR-J,A2,1445,verb,to cause (something) to end or no longer exist,破壊する
affair,NGSL|CEFR-J,A2,1446,noun,work or activities done for a purpose,業務
civil,NGSL|CEFR-J,B1,1447,adjective,related to the people who live in a country,市民の
locate,NGSL|CEFR-J,B1,1448,verb,to discover the place or position of something,（場所を）見つける
citizen,NGSL|CEFR-J,A2,1449,noun,a person who legally belongs to a country and has the rights and protection of that country ,市民
temperature,NGSL|CEFR-J,A2,1450,noun,a measurement that indicates how hot or cold something is,温度
gold,NGSL|CEFR-J,A1,1451,noun,a soft yellow metal that is very valuable and that is used especially in jewelry,金
domestic,NGSL|CEFR-J,B2,1452,adjective,"of, relating to, or made in your own family, country",家庭の、国内の
load,NGSL|NGSL-Spoken|CEFR-J,A2,1453,noun,something that is lifted and carried ,積載貨物
belief,NGSL|CEFR-J,B1,1454,noun,a feeling of being sure that someone or something exists or that something is true ,信念
troop,NGSL|CEFR-J,B2,1455,noun,"a group of people, especially soldiers or theater actors",一団、軍隊
technical,NGSL|CEFR-J,B2,1456,adjective,the practical use of machines or science in industry,技術の
remind,NGSL|CEFR-J,A2,1457,verb,to make (someone) think about something again : to cause (someone) to remember something ,思い出させる
arrangement,NGSL|CEFR-J,B1,1458,noun,an agreement between two people or groups; a plan,合意、取り決め
skin,NGSL|CEFR-J,B1,1459,noun,the natural outer layer of tissue that covers the body of a person or animal ,肌
prison,NGSL|CEFR-J,B1,1460,noun,a building where people are kept as punishment for a crime or while they are waiting to go to court,牢獄
switch,NGSL|CEFR-J,B1,1461,verb,to change from one thing to another,切り替える
acquire,NGSL|CEFR-J,B1,1462,verb,to get something ,得る
corporate,NGSL|CEFR-J,B2,1463,adjective,involving or associated with large group,法人の
fairly,NGSL|NGSL-Spoken|CEFR-J,A2,1464,adverb,"more than average, but less than very; something done in a fair way",かなり
wood,NGSL|CEFR-J,A2,1465,noun, the hard substance that makes up the stems and branches of trees and shrubs ,木
participate,NGSL|CEFR-J,B1,1466,verb,to take part with others in doing something,参加する
tough,NGSL|CEFR-J,B2,1467,adjective,very difficult to do or deal with ,とても難しい
tear,NGSL|CEFR-J,A2,1468,noun,a drop of liquid that comes from your eyes especially when you cry,涙
representative,NGSL|CEFR-J,B1,1469,noun,typical of a particular group of people or of a particular thing ,代表
capacity,NGSL|CEFR-J,B1,1470,noun,"ability to hold, involve or contain people or things",許容量
border,NGSL|CEFR-J,B1,1471,noun,a line separating one country or state from another ,国境
shake,NGSL|CEFR-J,A1,1472,verb," to move sometimes violently back and forth or up and down with short, quick movements ",振る
assessment,NGSL|CEFR-J,B2,1473,noun,"to make a judgment about the quality, size, value, etc. of something",査定、評価
shoe,NGSL|CEFR-J,A1,1474,noun,an outer covering for your foot that usually has a stiff bottom part called a sole with a thicker part called a heel attached to it and an upper part that covers part or all of the top of your foot ,くつ
ought,NGSL|NGSL-Spoken,,1475,verb,used to indicate what is expected,～すべき
ad,NGSL|CEFR-J,B1,1476,adverb,an advertisement,広告
fee,NGSL|CEFR-J,A2,1477,noun,an amount of money  paid for a particular action,謝礼金
hall,NGSL|CEFR-J,A1,1478,noun,the area inside the entrance of a building ,ホール
regulation,NGSL|CEFR-J,B1,1479,noun,an official rule that controls how something is done,規制
escape,NGSL|CEFR-J,A2,1480,verb,to get away from a place (such as a prison) where you are being held or kept ,逃げる
studio,NGSL|CEFR-J,B1,1481,noun,"a room where an artist or photographer works; a place where TV, radio, or movies are made or broadcast",スタジオ
proper,NGSL|CEFR-J,A2,1482,adjective,correct according to social or moral rules ,適切な
relax,NGSL|CEFR-J,A2,1483,verb,"to become or free from tense, tight, or stiff",くつろぐ
tourist,NGSL|CEFR-J,A2,1484,noun,someone who visits a place for pleasure and does not live there,旅行者
component,NGSL|CEFR-J,B2,1485,noun,one of the parts that consists something,構成要素、部品
afford,NGSL|CEFR-J,B1,1486,verb,to be able to pay for (something) ,買うことができる
lawyer,NGSL|CEFR-J,A2,1487,noun,a person whose job is to guide and assist people in matters relating to the law,弁護士
suspect,NGSL|CEFR-J,B1,1488,verb, to think that (someone) is possibly guilty of a crime or of doing something wrong ,疑う
cup,NGSL|CEFR-J,A1,1489,noun,a small round container that often has a handle and that is used for drinking liquids (such as tea and coffee) ,カップ
description,NGSL|CEFR-J,A2,1490,noun,"a statement that tells you how something or someone looks, sounds, etc. : words that describe something or someone",描写
confidence,NGSL|CEFR-J,B1,1491,noun,a feeling or belief that you can do something well or succeed at something,自信
industrial,NGSL|CEFR-J,B1,1492,adjective,connected with industry; with a lot of factories,産業の
complain,NGSL|CEFR-J,A2,1493,verb,"to say or write that you are unhappy, sick, uncomfortable, etc., or that you do not like something ",不平を言う
perspective,NGSL|CEFR-J,B2,1494,noun,"a way of thinking, an attitude toward something",観点
error,NGSL|CEFR-J,A2,1495,noun,"something that is not correct, a mistake",誤り、エラー
arrest,NGSL|CEFR-J,B1,1496,noun,"to use the power of the law to take and keep (someone, such as a criminal) ",逮捕する
assess,NGSL|CEFR-J,B2,1497,verb,to judge something,評価する
register,NGSL|CEFR-J,B1,1498,noun,"an official list, book or system for keeping records",登録簿
asset,NGSL,,1499,noun,"a person, skill, or quality which is useful or helps you to succeed; something valuable which is owned",貴重な人材、資産
signal,NGSL|CEFR-J,B1,1500,noun, an event or act which shows that something exists or that gives information about something,信号
finger,NGSL|CEFR-J,B1,1501,noun,one of the five long parts of the hand that are used for holding things,指
relevant,NGSL|CEFR-J,B2,1502,adjective,relating to a subject in an considerable way,関係のある
explore,NGSL|CEFR-J,A2,1503,verb,to look at (something) in a careful way to learn more about it;  to study or analyze (something) ,探る
leadership,NGSL|CEFR-J,B1,1504,noun,"a position as a leader of a group, organization, etc. ",指導権
commitment,NGSL|CEFR-J,A2,1505,noun,a promise or firm decision to do something; something that you must do that takes your time,約束、義務
wake,NGSL|CEFR-J,A1,1506,verb,to cause (a person or animal) to be awake after sleeping ,起こす
necessarily,NGSL|CEFR-J,B2,1507,adverb,(esp. in negatives) in all cases; as an expected result,必ずしも
bright,NGSL|CEFR-J,A1,1508,adjective,producing a lot of light ,輝く
frame,NGSL|CEFR-J,A2,1509,noun,the basic structure and shape of the body of a person or animal ,骨組み、体格
slowly,NGSL|CEFR-J,A2,1510,adverb,at a low speed,ゆっくりと
bond,NGSL|CEFR-J,B1,1511,noun,something that is shared between people or groups,絆
hire,NGSL|CEFR-J,B1,1512,verb,to give work or a job to (someone) in exchange for wages or a salary,雇う
hole,NGSL|CEFR-J,A1,1513,noun, an opening into or through something,穴
tie,NGSL|CEFR-J,A2,1514,verb,"to attach (someone or something) to something with a string, rope, etc. ",つなげる
internal,NGSL|CEFR-J,B1,1515,adjective,existing or situated on the inside of something,内部の
chain,NGSL|CEFR-J,A2,1516,noun,"a series of usually metal links or rings that are connected to each other in a line and used for supporting heavy things, for holding things together, for decoration, etc.",鎖
literature,NGSL|CEFR-J,B1,1517,noun,"written works (such as poems, plays, and novels) that are considered to be very good and to have lasting importance",文学
victim,NGSL|CEFR-J,B1,1518,noun,"someone who has suffered the effects of violence, illness, or bad luck",犠牲者
threaten,NGSL|CEFR-J,B2,1519,verb,to say that you will harm someone or do something unpleasant or unwanted especially in order to make someone do what you want,脅かす
division,NGSL|CEFR-J,B2,1520,noun,one of the parts into which a thing is divided,分割
secure,NGSL|CEFR-J,B1,1521,verb,"protected from danger or harm, keep things safe",確保する
amaze,NGSL|CEFR-J,B2,1522,verb,to make someone very surprised,驚かす
device,NGSL|CEFR-J,B1,1523,noun,"an object, machine, or equipment for a specific use",装置
birth,NGSL|CEFR-J,A1,1524,noun,the time when a baby comes out from the body of its mother,誕生
forest,NGSL|CEFR-J,A2,1525,noun,a thick growth of trees and bushes that covers a large area,森
label,NGSL|CEFR-J,B2,1526,noun,an attached piece of paper used to identify something,ラベル
root,NGSL|CEFR-J,A2,1527,noun,"the part of a plant that grows underground, gets water from the ground, and holds the plant in place",根
factory,NGSL|CEFR-J,A1,1528,noun,a building or group of buildings where products are made ,工場
expense,NGSL|CEFR-J,B1,1529,noun,the amount of money that is needed to pay for or buy something ,費用
channel,NGSL|CEFR-J,B1,1530,noun,"a station of TV, or radio",チャンネル
investigate,NGSL|CEFR-J,B2,1531,verb,"to try to find out the facts, to carry out research",調査する
recommendation,NGSL|CEFR-J,B2,1532,noun,a piece of advice about what to do in a particular situation; a suggestion about something that is good in a certain situation,推薦
rank,NGSL|CEFR-J,B1,1533,noun,"a position in a society, organization, group, etc.",階級、地位
typical,NGSL|CEFR-J,B1,1534,adjective,"having all the qualities you expect a particular person, object, place, etc. to have",典型的な
west,NGSL|CEFR-J,A2,1535,noun,the direction where the sun sets; opposite of east,西
friendly,NGSL|CEFR-J,B2,1536,adjective,acting like a friend : kind and helpful ,友好的
resident,NGSL|CEFR-J,B1,1537,adjective,someone who lives in a particular place,居住者
provision,NGSL|CEFR-J,B2,1538,noun,a rule that is part of a law or an agreement,規定
concentrate,NGSL|CEFR-J,A2,1539,verb,to think about or give attention to something,集中する
plenty,NGSL|CEFR-J,A2,1540,adjective,a large number or amount of something;  a number or amount of something that is enough for a particular purpose ,たくさんの
export,NGSL|CEFR-J,B2,1541,verb,to send goods to be sold in another country,輸出する
entirely,NGSL|CEFR-J,B1,1542,adverb,completely,完全に
strongly,NGSL|CEFR-J,A2,1543,adverb,very much or in a very serious way,強く
bridge,NGSL|CEFR-J,A1,1544,noun,a structure built over something (such as a river) so that people or vehicles can get across ,橋
consist,NGSL|CEFR-J,A2,1545,verb,"to have as an essential, necessary or main part",成る
graduate,NGSL|CEFR-J,B1,1546,noun,"someone who has studied for and received a degree (= qualification) from a school, college, or university",卒業する
brand,NGSL|CEFR-J,A2,1547,noun,a product that is made by a particular company,商標
moral,NGSL|CEFR-J,B2,1548,adjective,concerning or relating to what is right and wrong in human behavior,道義をわきまえた
insist,NGSL|CEFR-J,B1,1549,verb,"to say firmly that something is true, especially when other people do not believe you; to demand that something be done",主張する
combination,NGSL|CEFR-J,B1,1550,noun,a mixture of different people or things,組み合わせ
abuse,NGSL|CEFR-J,B2,1551,noun,"violent, cruel treatment of someone",乱用する
ice,NGSL|CEFR-J,A1,1552,noun,frozen water ,氷
principal,NGSL|CEFR-J,A2,1553,adjective,"most important person, main importance",長
master,NGSL|CEFR-J,B2,1554,noun,someone who has control or power over others,管理人
definitely,NGSL|NGSL-Spoken|CEFR-J,B1,1555,adverb,without any doubt,間違いなく
session,NGSL|CEFR-J,B1,1556,noun,a period during which you do one activity,期間
grade,NGSL|NGSL-Spoken|CEFR-J,A1,1557,noun,a level of study that is completed by a student,成績
nevertheless,NGSL|CEFR-J,B1,1558,adverb,"in spite of that, notwithstanding",それにもかかわらず
predict,NGSL|CEFR-J,A2,1559,verb,say or estimate that will or might happen,予想する
previously,NGSL|CEFR-J,B2,1560,adverb,before the present time or the time referred to,以前に
protection,NGSL|CEFR-J,B1,1561,noun,"the state of being kept from harm, loss, etc.",保護
largely,NGSL|CEFR-J,B1,1562,adverb,mainly,だいたいは
wed,NGSL|CEFR-J,B2,1563,verb,to marry someone,結婚する
rent,NGSL|CEFR-J,A2,1564,verb,to pay money in return for being able to use,賃借りする
shot,NGSL|CEFR-J,A2,1565,noun,when a bullet is fired from a gun; a photograph; an attempt to score in sports by throwing or kicking a ball,打つ
appearance,NGSL|CEFR-J,A2,1566,noun,the way that someone or something looks,外見
reasonable,NGSL|CEFR-J,B1,1567,adjective,fair and sensible ,程よい
guarantee,NGSL|CEFR-J,B1,1568,noun,a assurance that the quality of something is good,保障する
till,NGSL|NGSL-Spoken|CEFR-J,B1,1569,preposition,until,まで
theme,NGSL|CEFR-J,B2,1570,noun,the main subject to discuss or describe,テーマ
judgment,NGSL|CEFR-J,B1,1571,noun,an opinion about someone or something that is decided after thinking carefully,判決
odd,NGSL|CEFR-J,B2,1572,adjective,to be strange or different from what is usual or expected,変な
approve,NGSL|CEFR-J,B1,1573,verb, to believe that something or someone is good or acceptable ,承認する
loan,NGSL|CEFR-J,B2,1574,noun,an amount of money that is given to someone for a period of time with a promise that it will be paid back,ローン
definition,NGSL|CEFR-J,B1,1575,noun,an explanation of the meaning of a word or phrase,定義
elect,NGSL|CEFR-J,B2,1576,verb,"to select (someone) for a position, job, etc., by voting ",選ぶ
atmosphere,NGSL|CEFR-J,B1,1577,noun,the feeling which exists in a place or situation,雰囲気
farmer,NGSL|CEFR-J,A1,1578,noun,someone who owns or looks after a farm,農夫
comparison,NGSL|CEFR-J,B1,1579,noun,the act of looking at things to see how they are similar or different ,比較
characteristic,NGSL|CEFR-J,B2,1580,noun,a typical or obvious quality that makes one person or thing different from others,特徴
license,NGSL|CEFR-J,A2,1581,noun,to give someone official permission to do or have something,免許
rely,NGSL|CEFR-J,B1,1582,verb,"rely on;  to need for support, depend on",頼る
narrow,NGSL|CEFR-J,B1,1583,adjective, long and not wide : small from one side to the other side ,狭い
succeed,NGSL|CEFR-J,A2,1584,verb,to do what you are trying to do : to achieve the correct or desired result ,成功する
identity,NGSL|CEFR-J,B1,1585,noun,who someone is; the things that make one person or group of people different from others,身元、独自性
desk,NGSL|CEFR-J,A1,1586,noun,a piece of furniture that is like a table and often has drawers ◊People often sit at desks when they are writing or using a computer. ,机
permit,NGSL|CEFR-J,B1,1587,verb,to allow something to happen or to give permission for,許可する
seriously,NGSL|CEFR-J,A2,1588,adverb,in a serious way; not joking,深刻に
wild,NGSL|CEFR-J,A2,1589,adjective,living in nature without human control or care : not tame,野生の
empty,NGSL|CEFR-J,A2,1590,adjective,containing nothing,空の
commission,NGSL|CEFR-J,B2,1591,noun,people who are given the job of doing something,任務
unique,NGSL|CEFR-J,B1,1592,adjective,"something is unlike anything, being the only one",ユニークな、独特な
association,NGSL|CEFR-J,A2,1593,noun,an organized group of people who have the same interest,協会、組合
instrument,NGSL|CEFR-J,A2,1594,noun, a tool or device used for a particular purpose ,器具、楽器
investor,NGSL|CEFR-J,B2,1595,noun,"someone who puts money in a bank, business, etc. in order to make a profit",投資家
practical,NGSL|CEFR-J,B1,1596,adjective,relating to what is real rather than to what is possible or imagined ,実際の
tea,NGSL|NGSL-Spoken|CEFR-J,A1,1597,noun,a drink that is made by soaking the dried leaves of an Asian plant in hot water ,茶
lovely,NGSL|NGSL-Spoken|CEFR-J,A1,1598,adjective,attractive or beautiful especially in a graceful way ,美しい・素晴らしい
soft,NGSL|CEFR-J,A2,1599,adjective,"easy to press, bend, cut, etc. : not hard or firm ",柔らかい
row,NGSL|CEFR-J,A1,1600,noun,a straight line of people or things that are next to each other ,列
youth,NGSL|CEFR-J,A2,1601,noun,the time of life when someone is young : the time when a young person has not yet become an adult ,青年時代、若いころ
lock,NGSL|CEFR-J,A2,1602,noun,"a device that keeps something (such as a door, window, or box) from being opened and that is usually opened by using a key",錠前
fuel,NGSL|CEFR-J,B1,1603,noun,a substance that is burned to provide heat or power,燃料
expectation,NGSL|CEFR-J,B2,1604,noun,when you expect something to happen,期待
employment,NGSL|CEFR-J,B1,1605,noun,when someone is paid to work for a person or company,雇用
celebrate,NGSL|CEFR-J,A1,1606,verb,"to do something enjoyable because it is a special day, or because something good has happened",祝う
sexual,NGSL|CEFR-J,B2,1607,adjective,relating to the activity of sex,性的な
shoulder,NGSL|CEFR-J,A1,1608,noun,the part of your body where your arm is connected ,肩
breath,NGSL|NGSL-Spoken|CEFR-J,B1,1609,noun,the air that you take into your lungs and send out from your lungs when you breathe,息
increasingly,NGSL|CEFR-J,B1,1610,adverb,more and more,ますます
import,NGSL|CEFR-J,B2,1611,verb,to bring something into your country from another country for people to buy,輸入する
bottle,NGSL|CEFR-J,A1,1612,noun,a glass or plastic container that has a narrow neck and usually has no handle Bottles are usually used to store liquid or tablets.,ボトル
ourselves,NGSL|CEFR-J,A2,1613,pronoun,the reflexive form of the pronoun 'we',私たち自身
sheet,NGSL|CEFR-J,B1,1614,noun, a large piece of cloth that is used to cover something ,シーツ
engine,NGSL|CEFR-J,B1,1615,noun,a machine that changes energy (such as heat from burning fuel) into mechanical motion ,エンジン
cast,NGSL|CEFR-J,B2,1616,verb,to choose an actor for a particular part in a film or play,配役する
notion,NGSL|CEFR-J,B1,1617,noun,an idea or opinion about doing something,考え
conservative,NGSL|CEFR-J,B1,1618,adjective,not trusting sudden changes or new ideas,保守的な
journey,NGSL|CEFR-J,A2,1619,noun,an act of traveling from one place to another : trip ,旅
opposition,NGSL|CEFR-J,B1,1620,noun,actions or opinions that show that you disagree with or disapprove of someone or something ,反対
relief,NGSL|CEFR-J,B2,1621,noun,a pleasant and relaxed feeling that someone has when something unpleasant stops or does not happen,安堵
debt,NGSL|CEFR-J,B1,1622,noun,"an amount of money that you owe to a person, bank, company, etc.",借金
honor,NGSL|CEFR-J,A2,1623,noun,respect that is given to someone who is admired,名誉
outcome,NGSL|CEFR-J,B2,1624,noun,"something that happens as a result, consequence",結果
blame,NGSL|CEFR-J,B1,1625,verb,to say or think that a person or thing is responsible for something bad that has happened ,責める
explanation,NGSL|CEFR-J,A2,1626,noun,the details or reasons that someone gives to make something clear or easy to understand,説明
arise,NGSL|CEFR-J,B1,1627,verb,to begin to occur or to exist,発生する
musical,NGSL|CEFR-J,A2,1628,adjective,relating to music; skilled at music,音楽の、音楽の才能がある
recover,NGSL|CEFR-J,B1,1629,verb,"to revive, become healthy after an illness or injury",回復する
dad,NGSL|NGSL-Spoken|CEFR-J,A1,1630,noun,father,パパ
stretch,NGSL|CEFR-J,B1,1631,verb,to make (something) wider or longer by pulling it ,伸ばす
declare,NGSL|CEFR-J,B1,1632,verb,to say or state (something) in an official or public way ,宣言する
retire,NGSL|CEFR-J,A2,1633,verb,to stop a job or career because you have reached the age when you are not allowed to work anymore or do not need or want to work anymore,退職する、引退する
tiny,NGSL|CEFR-J,B1,1634,adjective,extremely small,とても小さい
careful,NGSL|CEFR-J,A1,1635,adjective,"giving a lot of attention to what you are doing so that you do not have an accident, make a mistake, or damage something",気を付ける
suitable,NGSL|CEFR-J,A2,1636,adjective,acceptable or right for someone or something,ふさわしい
native,NGSL|CEFR-J,A2,1637,adjective, born in a particular place ,母国
fruit,NGSL|CEFR-J,A1,1638,noun,"a usually sweet food (such as a blueberry, orange, or apple) that grows on a tree or bush ",くだもの
analyze,NGSL|CEFR-J,B1,1639,verb,"to examine the details of something carefully, in order to understand or explain it",分析する
witness,NGSL|CEFR-J,B2,1640,noun,a person who sees something (such as a crime) happen ,証人
mail,NGSL|CEFR-J,A1,1641,noun,the system used for sending letters and packages from one person to another ,郵便
terrible,NGSL|CEFR-J,A1,1642,adjective,very shocking and upsetting ,ひどい
researcher,NGSL|CEFR-J,B1,1643,noun, a person who studies a subject in detail in order to discover new information about it,研究者
ordinary,NGSL|CEFR-J,B1,1644,adjective,"normal or usual : not unusual, different, or special ",通常の
selection,NGSL|CEFR-J,B1,1645,noun,when someone or something is chosen; a thing or person who is chosen,選択
anywhere,NGSL|CEFR-J,A2,1646,adverb,"in, at, or to any place ",どこでも、どこにも
mental,NGSL|CEFR-J,B1,1647,adjective,of or relating to the mind,精神
participant,NGSL|CEFR-J,B1,1648,noun,someone who is involved in an activity,参加者
vision,NGSL|CEFR-J,B1,1649,noun,"the ability to see, sight, eyesight",視覚
personality,NGSL|CEFR-J,A2,1650,noun, the way you are as a person,人柄
specifically,NGSL|CEFR-J,B2,1651,adverb,"for a particular reason, purpose, etc.",具体的に
fat,NGSL|CEFR-J,A1,1652,adjective,having a lot of extra flesh on your body : having a lot of body fat ,太い
entry,NGSL|CEFR-J,B1,1653,noun,when you come into or go into a place,入場
fellow,NGSL|CEFR-J,B2,1654,noun,"used to describe people who belong to the same group or class or who share a situation, experience, etc.",仲間
chemical,NGSL|CEFR-J,A2,1655,adjective,something relating to chemistry,化学的な
capture,NGSL|CEFR-J,B1,1656,verb,to catch someone and make them your prisoner; to get control of a place with force,捕らえる
tip,NGSL|CEFR-J,A2,1657,noun,the end of something that is usually long and thin,先端
discount,NGSL|CEFR-J,B1,1658,noun,a reduction in price,値引き
peak,NGSL|CEFR-J,B2,1659,noun,the highest level or value of something; the top of a mountain,頂点
chairman,NGSL|CEFR-J,A2,1660,noun,"he person (especially a man) who is in charge of a meeting, committee, or event ",議長
proportion,NGSL|CEFR-J,B1,1661,noun,an amount that is a part of a whole thing,割合
ear,NGSL|CEFR-J,A1,1662,noun,the part of the body that you hear with ,耳
disappear,NGSL|CEFR-J,A2,1663,verb,to stop being visible : to pass out of sight ,消える
shout,NGSL|CEFR-J,A2,1664,verb,to say (something) very loudly,叫ぶ
yard,NGSL|CEFR-J,A1,1665,noun,an outdoor area that is next to a house and is usually covered by grass,庭
constant,NGSL|CEFR-J,B2,1666,adjective,things happening always or at a regular rate,一定の
significantly,NGSL|CEFR-J,B2,1667,adverb,in a way that is easy to see or by a large amount,著しく、かなり
hill,NGSL|CEFR-J,A1,1668,noun,a usually rounded area of land that is higher than the land around it but that is not as high as a mountain ,丘
considerable,NGSL|CEFR-J,B1,1669,adjective,"something large in size, amount, or quantity",かなりの
instruction,NGSL|CEFR-J,B1,1670,noun,something that you have been told to do,指示
intelligence,NGSL|CEFR-J,A2,1671,noun,the ability to learn things or to consider situations,知能
ideal,NGSL|CEFR-J,A1,1672,adjective,"exactly right for a particular purpose, situation, or person",理想
folk,NGSL|CEFR-J,B1,1673,noun,people,人々
surely,NGSL|CEFR-J,B1,1674,adverb,used to express surprise that something has happened or is going to happen,まさか
guard,NGSL|CEFR-J,A2,1675,noun," a state in which someone is carefully looking for possible danger, threats, problems, etc. ",護衛する
cat,NGSL|CEFR-J,A1,1676,noun,a small animal that is related to lions and tigers and that is often kept by people as a pet ,猫
somewhat,NGSL|CEFR-J,B2,1677,adverb,in a small amount or degree;  to some degree,いくらか、やや
kiss,NGSL|CEFR-J,A1,1678,verb,to touch (someone) with your lips as a greeting or as a way of showing love or sexual attraction,キス
presentation,NGSL|CEFR-J,B1,1679,noun,a talk giving information about something,プレゼンテーション
joint,NGSL|CEFR-J,B1,1680,noun,a point where two bones meet in the body ,関節
compete,NGSL|CEFR-J,B1,1681,verb,to try to get or win something (such as a prize or reward) that someone else is also trying to win,競争する
poll,NGSL,,1682,noun,when people are asked questions to discover what they think about a subject; a survey,世論調査
weak,NGSL|CEFR-J,A2,1683,adjective,having little physical power or ability : not strong ,弱い
faith,NGSL|CEFR-J,B2,1684,noun,strong belief or trust in someone or something ,信仰、信条
reduction,NGSL|CEFR-J,B1,1685,noun," the act of making something smaller in size, amount, number, etc. : the act of reducing something",縮小
reserve,NGSL|CEFR-J,B1,1686,verb,"to make arrangements so that you will be able to use or have (something, such as a room, table, or seat) at a later time",予約する
complaint,NGSL|CEFR-J,A2,1687,noun,a statement that you are unhappy or not satisfied with something ,不平
bore,NGSL|CEFR-J,B1,1688,verb,to make someone feel bored,退屈させる
mission,NGSL|CEFR-J,B1,1689,noun,"an important job, usually traveling somewhere",任務
somehow,NGSL|CEFR-J,B1,1690,adverb, in a way that is not known or certain ,なんとなく
tone,NGSL|CEFR-J,A2,1691,noun,"the quality of a sound, especially of someone's voice",音質
neighborhood,NGSL|CEFR-J,B1,1692,noun,the people who live near each other or a section of a town or city,隣人
passenger,NGSL|CEFR-J,A2,1693,noun," a person who is traveling from one place to another in a car, bus, train, ship, airplane, etc., and who is not driving or working on it ",乗客
justice,NGSL|CEFR-J,B1,1694,noun,the process or result of using laws to fairly judge and punish crimes and criminals ,裁判、裁き
phase,NGSL|CEFR-J,B2,1695,noun,a distinct part or step in a process,段階
thin,NGSL|CEFR-J,A1,1696,adjective,having a small distance between the top and bottom or front and back surfaces,薄い
rush,NGSL|CEFR-J,A2,1697,verb, to move or do something very quickly or in a way that shows you are in a hurry ,急ぐ
formal,NGSL|CEFR-J,B1,1698,adjective, requiring or using serious and proper clothes and manners ,形式的な
religion,NGSL|CEFR-J,B1,1699,noun,the belief in a god,宗教
employer,NGSL|CEFR-J,B2,1700,noun,a person or company that pays people to work for them,雇用者
reject,NGSL|CEFR-J,B1,1701,verb,"to refuse, deny to believe, accept, or consider",断る
latter,NGSL|CEFR-J,B2,1702,determiner,"coming or happening near the end of a process, activity, series, life, etc.",後ろのほうの
plate,NGSL|CEFR-J,A2,1703,noun,a flat and usually round dish that is used for eating or serving food ,皿
ban,NGSL|CEFR-J,B2,1704,verb,to officially say that someone must not do something,禁止する
steal,NGSL|CEFR-J,A2,1705,verb,"to secretly take something that does not belong to you, without intending to return it",盗む
protest,NGSL|CEFR-J,B1,1706,noun,"when people show that they disagree with something by standing somewhere, shouting, carrying signs, etc.",抗議
index,NGSL|CEFR-J,B2,1707,noun,a written or printed order list,索引
sad,NGSL|CEFR-J,A1,1708,adjective,not happy : feeling or showing grief or unhappiness ,悲しい
frequently,NGSL|CEFR-J,B1,1709,adverb,often,頻繁に
circle,NGSL|CEFR-J,A1,1710,noun,a perfectly round shape : a line that is curved so that its ends meet and every point on the line is the same distance from the center ,丸い
helpful,NGSL|CEFR-J,A2,1711,adjective,useful; willing to help,役立つ
command,NGSL|CEFR-J,B1,1712,verb,to give (someone) an order,命令する
attractive,NGSL|CEFR-J,A2,1713,adjective,having a pleasing appearance ,魅力的な
sick,NGSL|CEFR-J,A1,1714,adjective,affected with a disease or illness,病気
impression,NGSL|CEFR-J,B1,1715,noun,"an idea, feeling, or opinion about something or someone",印象
unable,NGSL|CEFR-J,B1,1716,adjective,to not be able to do something,できない
joke,NGSL|CEFR-J,A2,1717,noun,something said or done to cause laughter,冗談
sky,NGSL|CEFR-J,A1,1718,noun,"the space over the Earth where the sun, moon, stars, and clouds appear",空
column,NGSL|CEFR-J,A2,1719,noun,"one of the vertical blocks of print into which a page of a newspaper, magazine, dictionary or spreadsheet, is divided",欄
electronic,NGSL|CEFR-J,B1,1720,adjective,"Electronic equipment consists of things such as computers, televisions, and radios",電子の
impose,NGSL|CEFR-J,B2,1721,verb,to make someone to do or endure something,課す
criminal,NGSL|CEFR-J,B2,1722,adjective,involving illegal activity : relating to crime ,犯罪者、犯罪の
besides,NGSL|CEFR-J,A2,1723,adverb,other than or in addition to,～以外に、加えて、
properly,NGSL|CEFR-J,B1,1724,adverb,"correctly, or in a satisfactory way",適切に
ancient,NGSL|CEFR-J,A2,1725,adjective,very old : having lived or existed for a very long time,古代な
coast,NGSL|CEFR-J,A2,1726,noun,the land along or near a sea or ocean,海岸
ill,NGSL|CEFR-J,A2,1727,adjective,not well or healthy : sick or unhealthy ,病気
kick,NGSL|CEFR-J,A1,1728,verb, to hit (someone or something) with your foot,蹴る
closely,NGSL|CEFR-J,B1,1729,adverb,"If you look at or listen to something closely, you look at it or listen to it very carefully.",じっくりと、注意深く
multiple,NGSL|CEFR-J,B2,1730,adjective,with several parts,複合的な
yield,NGSL|CEFR-J,B2,1731,verb,"to produce or provide (something, such as a plant or crop)",産出する
via,NGSL|CEFR-J,B1,1732,preposition,"by going through, by way of",経由で
legislation,NGSL|CEFR-J,B2,1733,noun,a law or a set of laws,法律
county,NGSL|CEFR-J,B1,1734,noun,"an area of Britain, Ireland, or the US that has its own local government",州
unlike,NGSL|CEFR-J,A2,1735,preposition,different from someone or something,～とは違って
mobile,NGSL|CEFR-J,A2,1736,adjective,able to move or be moved easily,可動の
assistant,NGSL|CEFR-J,A2,1737,noun,someone whose job is to help a person who has a more important job,助手、補佐
implement,NGSL|CEFR-J,B2,1738,verb,to put something in place,実施する
chart,NGSL|CEFR-J,A2,1739,noun,a table or diagram that shows information,チャート
attach,NGSL|CEFR-J,B1,1740,verb,to be associated or connected with,付随する
hell,NGSL|CEFR-J,B2,1741,noun,"according to some religions, the place where bad people go when they die; a very unpleasant experience",地獄
everywhere,NGSL|CEFR-J,A1,1742,adverb, in or to every place ,どこでも
advise,NGSL|CEFR-J,A2,1743,verb,to give an opinion or suggestion to someone about what should be done,アドバイスする
household,NGSL|CEFR-J,B1,1744,noun,a family or group of people who live together in a house,世帯
acknowledge,NGSL|CEFR-J,B1,1745,verb,to consider or regard something,認める
reward,NGSL|CEFR-J,B1,1746,noun,money or another kind of payment that is given or received for something that has been done or that is offered for something that might be done,報酬
east,NGSL|CEFR-J,A2,1747,noun,the direction where the sun rises,東
hat,NGSL|CEFR-J,A1,1748,noun,a covering for the head that often has a brim and a rounded or flat top ,帽子
academic,NGSL|CEFR-J,B1,1749,adjective,"related to education, schools, universities, etc.",学問的な
voter,NGSL|CEFR-J,B2,1750,noun,someone who votes or who is officially allowed to vote,有権者
meanwhile,NGSL|CEFR-J,B1,1751,adverb,at or during the same time : in the meantime ,その間に
furthermore,NGSL|CEFR-J,B1,1752,adverb,in addition to what has been said,さらに
accuse,NGSL|CEFR-J,B1,1753,verb,to blame (someone) for something wrong or illegal : to say that someone is guilty of a fault or crime,責める
scientific,NGSL|CEFR-J,A2,1754,adjective,of or relating to science ,科学の
wage,NGSL|CEFR-J,B2,1755,noun,"an amount of money that a worker is paid based on the number of hours, days, etc., that are worked ",賃金
absence,NGSL|CEFR-J,B1,1756,noun,"a state or condition in which something expected, wanted, or looked for is not present or does not exist",欠如
construct,NGSL|CEFR-J,B1,1757,verb,to build or create something,建築する
remark,NGSL|CEFR-J,B2,1758,noun,the act of noticing or making a comment about something,発言
medicine,NGSL|CEFR-J,A1,1759,noun,a substance that is used in treating disease or relieving pain and that is usually in the form of a pill or a liquid,薬
professor,NGSL|CEFR-J,B1,1760,noun,a teacher of high rank in a university or college,教授
rare,NGSL|CEFR-J,B1,1761,adjective,"not common or usual, not often",珍しい、まれな
intention,NGSL|CEFR-J,B1,1762,noun, the thing that you plan to do or achieve : an aim or purpose ,意図
dozen,NGSL|CEFR-J,B1,1763,noun,a group of 12 people or things ,ダース
settlement,NGSL|CEFR-J,B1,1764,noun,an official agreement that finishes an argument,和解
gap,NGSL|CEFR-J,B1,1765,noun,a space between two people or things ,差
widely,NGSL|CEFR-J,A2,1766,adverb,"including a lot of different places, people, subjects, etc.",広く
minimum,NGSL|CEFR-J,B1,1767,adjective,the lowest number or amount that is possible,最小限
northern,NGSL|CEFR-J,B1,1768,adjective, located in or toward the north ,北の
estate,NGSL|CEFR-J,B2,1769,noun,land that a person owns,私有地
equally,NGSL|CEFR-J,B1,1770,adverb,to the same degree or level; into amounts or parts that are the same size,等しく
expose,NGSL|CEFR-J,B1,1771,verb,"to make visible, without any covering or protection",さらす
alive,NGSL|CEFR-J,A2,1772,adjective,having life : living : not dead ,生きている
shut,NGSL|CEFR-J,B1,1773,verb,to close (something) ,閉める
victory,NGSL|CEFR-J,B1,1774,noun,success in defeating an opponent or enemy,勝利
resolve,NGSL|CEFR-J,B1,1775,verb,to find an answer to solve problems,解決する
critic,NGSL|CEFR-J,B1,1776,noun,a person who gives opinions about something,批評家
variable,NGSL,,1777,adjective,changing often,変わりやすい
enormous,NGSL|CEFR-J,A2,1778,adjective,very large in size or amount,巨大な
sweet,NGSL|CEFR-J,A1,1779,adjective, containing a lot of sugar ,甘い
permanent,NGSL|CEFR-J,B1,1780,adjective,lasting or continuing for a very long time or forever : not temporary or changing ,永久的な
emotion,NGSL|CEFR-J,B1,1781,noun,"a feeling such as love or anger, or strong feelings in general",感情
pursue,NGSL|CEFR-J,A2,1782,verb,to follow and try to catch or to reach a goal,追求する
tall,NGSL|CEFR-J,A1,1783,adjective,"greater in height than the average person, building, etc.",高い
urge,NGSL|CEFR-J,B1,1784,verb,to try to persuade (someone) in a serious way to do something ,駆り立てる
enemy,NGSL|CEFR-J,B1,1785,noun, someone who hates another : someone who attacks or tries to harm another,敵
appoint,NGSL|CEFR-J,B1,1786,verb,to choose (someone) to have a particular job : to give (someone) a position or duty ,任命する
milk,NGSL|CEFR-J,A1,1787,noun,a white liquid produced by a woman to feed her baby or by female animals to feed their young ,"牛乳,ミルク"
talent,NGSL|CEFR-J,A2,1788,noun,a natural ability to do something,才能
smell,NGSL|CEFR-J,A1,1789,noun,the quality of a thing that you can sense with your nose,におい
prior,NGSL|CEFR-J,B2,1790,adjective,existing or coming earlier in time,前の
priority,NGSL|CEFR-J,B2,1791,noun,the fact that is more important than other things,優先
online,NGSL|CEFR-J,A2,1792,adjective,"connected to a system of computers, especially the Internet",オンライン
phrase,NGSL|CEFR-J,B1,1793,noun,a group of words which are often used together and have a particular meaning,フレーズ
pilot,NGSL|CEFR-J,A2,1794,noun,someone who flies an aircraft,パイロット
stable,NGSL|CEFR-J,B1,1795,adjective,in a good situation or condition not likely changed,安定した
merely,NGSL|CEFR-J,B1,1796,adverb,"used to emphasize that something is not large, important, or effective when compared to something else",～にすぎない
resolution,NGSL|CEFR-J,B2,1797,noun,an official decision that is made after a group or organization have voted,決議
communicate,NGSL|CEFR-J,A2,1798,verb,to give and exchange information by speaking or writing,やりとりする
injury,NGSL|CEFR-J,B1,1799,noun,damage to someone's body in an accident or attack,けが
vast,NGSL|CEFR-J,B1,1800,adjective,extremely big,広大
exhibition,NGSL|CEFR-J,A2,1801,noun,when objects such as paintings are shown to the public,展示会
producer,NGSL|CEFR-J,B1,1802,noun,"a company, country, or person that makes goods or grows food; someone who controls how a film, play, program, or musical recording is made",生産者
regional,NGSL|CEFR-J,B1,1803,adjective,relating to a region (= particular area),地域の
immediate,NGSL|CEFR-J,B1,1804,adjective,happening or done without delay or existing now,即時の
incident,NGSL|CEFR-J,B1,1805,noun,"an event, especially one that is bad or unusual",事件
childhood,NGSL|CEFR-J,A2,1806,noun,the period of time when a person is a child,子どもの頃
draft,NGSL|CEFR-J,B2,1807,noun,a former version of something to make final,原稿、原案、下絵
slip,NGSL|CEFR-J,B1,1808,verb,to slide out of the proper position ,滑り落ちる
accompany,NGSL|CEFR-J,B1,1809,verb,to visit somewhere with someone,同行する
politician,NGSL|CEFR-J,B1,1810,noun, someone who is active in government usually as an elected official,政治家
angry,NGSL|CEFR-J,A1,1811,adjective, filled with anger : having a strong feeling of being upset or annoyed ,怒る
knock,NGSL|CEFR-J,A2,1812,verb,to hit something (such as a door) with the knuckles of your hand or with a hard object (such as a knocker) in order to get people's attention,ノックする
seed,NGSL|CEFR-J,A2,1813,noun,a small object produced by a plant from which a new plant can grow ,種
salary,NGSL|CEFR-J,B2,1814,noun,an amount of money that an employee is paid each year,給料
illustrate,NGSL|CEFR-J,B2,1815,verb,explain with examples to make easier to understand,解説する
imply,NGSL|CEFR-J,B2,1816,verb,to express in an indirect way,暗示する
breakfast,NGSL|CEFR-J,A1,1817,noun,the first meal of the day,朝食
temporary,NGSL|CEFR-J,B1,1818,adjective,"continuing for a limited time, not permanent",一時的な
liberal,NGSL|CEFR-J,B2,1819,adjective,believing government should actively support social needs,自由主義の、リベラルな
lake,NGSL|CEFR-J,A2,1820,noun,a large area of water that is surrounded by land ,湖
qualify,NGSL|CEFR-J,B1,1821,verb,to give (someone) the necessary skill or knowledge to do a particular job or activity ,資格を与える
competitive,NGSL|CEFR-J,B1,1822,adjective,wanting to win or to be more successful than other people,競争心の強い
truly,NGSL|CEFR-J,A2,1823,adverb,used to emphasize a description of something,本当に
hi,NGSL|CEFR-J,A1,1824,interjection,hello,こんちゃ
yellow,NGSL|CEFR-J,A1,1825,adjective,having the color of the sun or of ripe lemons ,黄色
habit,NGSL|CEFR-J,A1,1826,noun,a usual way of behaving : something that a person does often in a regular and repeated ,癖、習慣
disk,NGSL|CEFR-J,B1,1827,noun,"a flat, round shape or object; a CD or DVD",ディスク
core,NGSL|CEFR-J,B2,1828,noun,the central part of something that is important,核
emotional,NGSL|CEFR-J,B1,1829,adjective,"showing strong feelings, or making people have strong feelings",感情的な
aircraft,NGSL|CEFR-J,B2,1830,noun,a vehicle that can fly,飛行機
self,NGSL|CEFR-J,A1,1831,noun,the person that someone normally or truly is — used to describe the way someone acts or feels,自身、自我
metal,NGSL|CEFR-J,A2,1832,noun,"a substance (such as gold, tin, or copper) that usually has a shiny appearance, is a good conductor of electricity and heat, can be melted, and is usually capable of being shaped ",金属
existence,NGSL|CEFR-J,B1,1833,noun,the state of being real ,存在
bone,NGSL|CEFR-J,A1,1834,noun,any one of the hard pieces that form the frame (called a skeleton) inside a person's or animal's body ,骨
panel,NGSL|CEFR-J,B2,1835,noun,a group of people who answer questions or give opinions,パネル
prime,NGSL|CEFR-J,B2,1836,adjective,"most important, chief importance in value",主要な
appointment,NGSL|CEFR-J,A2,1837,noun,a time you have arranged to meet someone or go somewhere,予約
emphasize,NGSL|CEFR-J,B1,1838,verb,to show that something is especially important or needs special attention,強調する
maximum,NGSL|CEFR-J,B1,1839,adjective,The maximum amount of something is the largest amount that is allowed or possible,最大限
effectively,NGSL|CEFR-J,B2,1840,adverb,in a way that is successful and achieves what you want,効率的な
elsewhere,NGSL|CEFR-J,A2,1841,adverb,in or to another place ,他の所で
bother,NGSL|NGSL-Spoken|CEFR-J,B1,1842,verb,to make someone feel worried or upset,悩ます
initiative,NGSL|CEFR-J,B2,1843,noun,a plan or activity that is done to solve a problem or improve a situation,取り組み
sharp,NGSL|CEFR-J,B1,1844,adjective,having a thin edge that is able to cut things or a fine point that is able to make a hole in things,鋭い
diet,NGSL|CEFR-J,A2,1845,noun,the type of food that someone usually eats; when someone eats less food to lose weight or because of a medical problem,食事、ダイエット
motion,NGSL|CEFR-J,B2,1846,noun, an act or process of moving,動き
gray,NGSL|CEFR-J,A1,1847,noun, having a color between black and white : having a color that is like the color of smoke,灰色
plastic,NGSL|CEFR-J,A2,1848,noun,"a light, artificial substance that can be made into different shapes when it is soft and is used in a lot of different ways",プラスチック
complicate,NGSL|CEFR-J,B1,1849,verb,to make (something) more difficult or less simple ,複雑にする
discipline,NGSL|CEFR-J,B2,1850,noun,control that is gained by requiring that rules or orders be obeyed and punishing bad behavior ,訓練、しつけ、折檻
disappoint,NGSL|CEFR-J,B1,1851,verb,to make (someone) unhappy by not being as good as expected or by not doing something that was hoped for or expected,がっかりさせる
boss,NGSL|CEFR-J,A2,1852,noun,someone who is responsible for employees and tells them what to do,社長
assumption,NGSL|CEFR-J,B2,1853,noun,something that you think is true without having any proof,思い込み
freeze,NGSL|CEFR-J,A2,1854,verb,to be become a hard substance (such as ice) because of cold,凍る
extreme,NGSL|CEFR-J,B1,1855,adjective,very great in degree,極度の
passage,NGSL|CEFR-J,A2,1856,noun,"a long, narrow space that connects one place to another ",通路
reputation,NGSL|CEFR-J,B1,1857,noun,the common opinion that people have about someone or something : the way in which people think of someone or something,評判
forth,NGSL|CEFR-J,B1,1858,adverb,out into notice or view,前へ
negotiation,NGSL|CEFR-J,B1,1859,noun,when people try to make or change an agreement by discussion,交渉
mechanism,NGSL,,1860,noun,a piece of machinery : a mechanical part or group of parts having a particular function ,メカニズム
coat,NGSL|CEFR-J,A1,1861,noun,an outer piece of clothing that can be long or short and that is worn to keep warm or dry ,コート
democracy,NGSL|CEFR-J,B1,1862,noun,"a system of government in which people elect their leaders, or a country with this system",民主主義
pocket,NGSL|CEFR-J,A1,1863,noun," a usually small cloth bag that is sewn into a piece of clothing, a larger bag, etc., and that is open at the top or side so that you can put things into it ",ポケット
lucky,NGSL|CEFR-J,A1,1864,adjective,having good things happen to you;  something that is believed to give good luck,幸運な
crash,NGSL|CEFR-J,B1,1865,verb,to hit something hard enough to cause serious damage or destruction ,衝突する
observation,NGSL|CEFR-J,B1,1866,noun,when someone watches someone or something carefully,観察
meat,NGSL|CEFR-J,A1,1867,noun,the flesh of an animal used as food ,肉
concentration,NGSL|CEFR-J,B1,1868,noun,the ability to think carefully about something you are doing and nothing else,集中力
implication,NGSL|CEFR-J,B2,1869,noun,a result or effect that seems likely in the future; something suggested without being said directly,暗示、影響
deserve,NGSL|CEFR-J,B1,1870,verb,used to say that someone or something should or should not have or be given ,～にふさわしい
unusual,NGSL|CEFR-J,A2,1871,adjective,"different and not ordinary, often in a way that is interesting or exciting",珍しい
defend,NGSL|CEFR-J,B1,1872,verb,to fight in order to keep (someone or something) safe ,防御する
classic,NGSL|CEFR-J,A2,1873,noun,something popular or famous for a long time ,クラシック、古典
king,NGSL|CEFR-J,A1,1874,noun, a male ruler of a country who usually inherits his position and rules for life,王様
interaction,NGSL|CEFR-J,B1,1875,noun,"the activity of talking and doing things with other people, or the way you do this",交流
repair,NGSL|CEFR-J,A2,1876,verb,to put (something that is broken or damaged) back into good condition : fix ,修理する
collapse,NGSL|CEFR-J,B1,1877,verb,to break down and fall apart suddenly,倒壊する
borrow,NGSL|CEFR-J,A1,1878,verb,to take and use (something that belongs to someone else) for a period of time before returning it,借りる
fundamental,NGSL|CEFR-J,B2,1879,adjective,"forming a necessary part, base, or core",基本
dish,NGSL|CEFR-J,A1,1880,noun,a shallow container that you cook or serve food in ,皿
abroad,NGSL|CEFR-J,A2,1881,adverb,in or to a foreign country ,外国
soul,NGSL|CEFR-J,B1,1882,noun,the spiritual part of a person that is believed to give life to the body and in many religions is believed to live forever ,魂
capable,NGSL|CEFR-J,B1,1883,adjective,having the ability to do something,～する能力がある
defeat,NGSL|CEFR-J,B2,1884,noun,"to win a victory over (someone or something) in a war, contest, game, etc. ",負かす
presidential,NGSL|CEFR-J,B2,1885,adjective,relating to the president of a country,大統領の
perfectly,NGSL|CEFR-J,A2,1886,adverb,used to emphasize the word that follows it; in a perfect way,完全に
enhance,NGSL|CEFR-J,B2,1887,verb,make effect to increase or improve,向上させる
proud,NGSL|CEFR-J,B1,1888,adjective,"very happy and pleased because of something you have done, something you own, someone you know or are related to, etc.",誇りに思う
emergency,NGSL|CEFR-J,A2,1889,noun,a serious or dangerous situation that needs immediate action,緊急
educational,NGSL|CEFR-J,A2,1890,adjective,"providing education, or relating to education",教育的な
distinguish,NGSL|CEFR-J,B1,1891,verb,to notice or recognize a difference between people or things ,見分ける
substantial,NGSL|CEFR-J,B1,1892,adjective,large in size or amount,かなりの
nearby,NGSL|CEFR-J,B1,1893,adjective,not far away,近くの
manufacturer,NGSL|CEFR-J,B2,1894,noun,a company that manufactures something,製造業者
slide,NGSL|CEFR-J,A2,1895,verb,to move smoothly along a surface ,滑る
valuable,NGSL|CEFR-J,B1,1896,adjective,"worth a lot of money, very useful or helpful",価値のある
personally,NGSL|CEFR-J,B1,1897,adverb,done by you and not someone else,個人的に
breast,NGSL|CEFR-J,B1,1898,noun,"one of the two soft, round parts on a woman's chest",乳房
cope,NGSL|CEFR-J,B2,1899,verb,to deal successfully with a difficult situation,対処する
approximately,NGSL|CEFR-J,B1,1900,adverb,close to a particular number or time although not exactly that number or time,およそ
accommodation,NGSL|CEFR-J,B2,1901,noun,a place where you live or stay,宿泊施設
highlight,NGSL|CEFR-J,B2,1902,verb,the best or most interesting part of something,ハイライト、ヤマ場
reporter,NGSL|CEFR-J,A1,1903,noun,"describes the news on television, radio, or in a newspaper",レポーター
climate,NGSL|CEFR-J,B1,1904,noun,the weather conditions that an area usually has,気候
shirt,NGSL|CEFR-J,A1,1905,noun, a piece of clothing for the upper body that has sleeves and usually a collar and buttons down the front ,シャツ
exception,NGSL|CEFR-J,B2,1906,noun, someone or something that is different from others : someone or something that is not included ,例外
corporation,NGSL|CEFR-J,B2,1907,noun,a large company or group of companies,企業
chip,NGSL|CEFR-J,B2,1908,noun,a piece of potato that is cooked in oil; a microchip in a computer,ポテトチップ、チップ
winner,NGSL|CEFR-J,A2,1909,noun,"someone who wins a game, competition, or election",勝者
encounter,NGSL|CEFR-J,B1,1910,verb,unexpectedly be faced with or experience,出会う
brown,NGSL|CEFR-J,A1,1911,adjective,having a color like coffee or chocolate,茶色
breathe,NGSL|CEFR-J,A1,1912,verb, to move air into and out of your lungs,息をする
excuse,NGSL|CEFR-J,A1,1913,verb,"to forgive someone for making a mistake, doing something wrong, etc.,",許す
partly,NGSL|CEFR-J,A2,1914,adverb,used to show that something is true to some degree but not completely,部分的に
tennis,NGSL|CEFR-J,A1,1915,noun,a sport in which two or four people hit a small ball to each other over a net,テニス
urban,NGSL|CEFR-J,B2,1916,adjective,belonging or relating to a town or city,都会の
confuse,NGSL|CEFR-J,A2,1917,verb,to make (someone) uncertain or unable to understand something ,混乱させる
southern,NGSL|CEFR-J,B1,1918,adjective,in or from the south part of an area,南の
output,NGSL|CEFR-J,B2,1919,noun,the amount of something that is produced,生産高
beauty,NGSL|CEFR-J,A2,1920,noun,the quality of being physically attractive,美
massive,NGSL|CEFR-J,B1,1921,adjective,very big,巨大な
install,NGSL|CEFR-J,B1,1922,verb,to put a piece of equipment somewhere and make it ready to use;  to put software on a computer,インストール、設置する
calculate,NGSL|CEFR-J,B1,1923,verb,"to find (a number, answer, etc.) by using mathematical processes ",計算する
mouse,NGSL|CEFR-J,A1,1924,noun,"a very small animal that has a pointed nose and a long, thin tail ",鼠
mathematics,NGSL|NGSL-Spoken|CEFR-J,B1,1925,noun,the study or science of numbers and shapes,数学
upper,NGSL|CEFR-J,B1,1926,adjective,located above another or others of the same kind ,上の
creation,NGSL|CEFR-J,B2,1927,noun,when someone makes something happen or exist; something that someone has made,創作、作品
occupy,NGSL|CEFR-J,B1,1928,verb,"to live in, fill or take up something",占める
outline,NGSL|CEFR-J,B2,1929,noun,"a written list or description of only the most important parts of an essay, speech, plan, etc. ",概要
sufficient,NGSL|CEFR-J,B1,1930,adjective,having or providing enough when needed,十分な
update,NGSL|CEFR-J,B2,1931,verb,to add new information,更新する
luck,NGSL|CEFR-J,A1,1932,noun, the things that happen to a person because of chance,運
preserve,NGSL|CEFR-J,B1,1933,verb,to keep (something) in its original state or in good condition ,保存する
split,NGSL|CEFR-J,A2,1934,verb, to break apart or into pieces especially along a straight line,分ける
swing,NGSL|CEFR-J,B2,1935,verb,to move backward and forward or from side to side while hanging from something,揺れる
illness,NGSL|CEFR-J,B1,1936,noun,a disease of the body or mind; sickness,病気
journalist,NGSL|CEFR-J,B1,1937,noun,someone whose job is journalism,ジャーナリスト
sudden,NGSL|CEFR-J,A2,1938,adjective,"happening, coming, or done very quickly in a way that is not expected",突然
advertisement,NGSL|CEFR-J,A2,1939,noun,"a picture, short film, song, etc. which tries to persuade people to buy a product or service:",広告
consistent,NGSL|CEFR-J,B2,1940,adjective,"always behaving or happening in a similar, usually positive, way",一貫した
originally,NGSL|CEFR-J,B2,1941,adverb,at the beginning or before any changes,もともと
aside,NGSL|CEFR-J,B1,1942,adverb,to or toward the side,わきへ
comfort,NGSL|CEFR-J,B1,1943,noun,"a state or situation in which you are relaxed and do not have any physically unpleasant feelings caused by pain, heat, cold, etc. ",心地よい
secondly,NGSL|CEFR-J,B2,1944,adverb,"used for introducing the second reason, idea, etc.",第二に
severe,NGSL|CEFR-J,B1,1945,adjective,"very bad, serious, or unpleasant ",深刻
gene,NGSL|CEFR-J,B1,1946,noun,a part of a cell that is passed on from a parent to a child and that controls particular characteristics,遺伝子
prospect,NGSL|CEFR-J,B2,1947,noun,the possibility that something will happen,見込み
snow,NGSL|CEFR-J,A1,1948,noun,"soft, white pieces of frozen water that fall to the ground from the sky in cold weather ",ゆき
plot,NGSL|CEFR-J,B2,1949,noun,the things that happen in a story; a plan to do something bad,構想、陰謀
neck,NGSL|CEFR-J,A1,1950,noun,the part of the body between the head and the shoulders ,首
criterion,NGSL,,1951,noun,a fact or level of quality that you use when making a choice or decision,判断基準
primarily,NGSL|CEFR-J,B1,1952,adverb,mainly,主に
integrate,NGSL|CEFR-J,B2,1953,verb,"to combine, join or create something",まとめる
criticism,NGSL|CEFR-J,B2,1954,noun,"a negative comment; judgments and opinions on books, plays, films, etc.",批評
convention,NGSL|CEFR-J,B2,1955,noun,a large formal meeting of people with the same interest or work,会議、大会
bet,NGSL|NGSL-Spoken|CEFR-J,B1,1956,verb,"to risk money on the result of a game, competition, etc.",賭ける
retain,NGSL|CEFR-J,B1,1957,verb,"to continue to have or use, keep the quality",維持する
sequence,NGSL|CEFR-J,B1,1958,noun,the order in which things (should) happen,順序
plain,NGSL|CEFR-J,B1,1959,adjective,"having no pattern or decoration, easy to see or understand ",無地の、平易な
volunteer,NGSL|CEFR-J,B2,1960,noun,to offer to do something without being asked or told to do it,ボランティア
rural,NGSL|CEFR-J,B2,1961,adjective,relating to the countryside and not to towns,田舎の
calm,NGSL|CEFR-J,B1,1962,adjective,"not angry, upset, excited, etc. ",落ち着いた
abandon,NGSL|CEFR-J,B1,1963,verb,"to give up or quit, something not finished yet",断念する
examination,NGSL|CEFR-J,B1,1964,noun,when someone looks at something very carefully; an exam,試験、検査
silence,NGSL|CEFR-J,A2,1965,noun, a lack of sound or noise,静けさ
rapidly,NGSL|CEFR-J,B1,1966,adverb,happening or moving very quickly,急速に
efficient,NGSL|CEFR-J,B1,1967,adjective,"capable of producing desired results without wasting materials, time, or energy ",有能な、敏腕な
revolution,NGSL|CEFR-J,B2,1968,noun,the　attempt by many people to end the rule of one government,革命
delight,NGSL|CEFR-J,B1,1969,noun,a strong feeling of happiness : great pleasure or satisfaction ,歓喜
spell,NGSL|CEFR-J,A1,1970,verb,"to say, write, or print the letters of (a word or name) ",つづる
premise,NGSL,,1971,noun,an idea that you use to support another theory,前提
lean,NGSL|CEFR-J,B1,1972,verb,to bend or move from a straight position ,傾く
dramatic,NGSL|CEFR-J,B1,1973,adjective,very sudden or noticeable; full of action and excitement,劇的な、ドラマチックな
differ,NGSL|CEFR-J,B1,1974,verb,to be different; to have a different opinion,異なる
grateful,NGSL|CEFR-J,A2,1975,adjective,feeling or showing thanks,感謝する
protein,NGSL,,1976,noun,"food such as meat, cheese, fish, or eggs that is necessary for the body to grow and be strong",タンパク質
bike,NGSL|CEFR-J,A1,1977,noun,bicycle; motorbike / motorcycle,バイク、自転車
distribute,NGSL|CEFR-J,B1,1978,verb,to hand in or deliver something to people,配る
intellectual,NGSL|CEFR-J,B2,1979,adjective,using or relating to your ability to think and understand things,知性の
derive,NGSL|CEFR-J,B1,1980,verb,"to take, obtain or get from something",得る
crucial,NGSL|CEFR-J,B2,1981,adjective,extremely important,極めて重要な
unemployment,NGSL|CEFR-J,B1,1982,noun,the number of people who are without jobs; not having a job,失業
wheel,NGSL|CEFR-J,A1,1983,noun,"one of the round parts underneath a car, wagon, etc., that rolls and allows something to move ",タイヤ
crop,NGSL|CEFR-J,B1,1984,noun,a plant or plant product that is grown by farmers ,農作物
minority,NGSL|CEFR-J,B1,1985,noun,"a part of a group which is less than half of the whole group, often much less",少数派
origin,NGSL|CEFR-J,B1,1986,noun,the point or place where something begins or is created,起源
interpretation,NGSL|CEFR-J,B2,1987,noun,an explanation or opinion of what something means,解説
gentleman,NGSL|CEFR-J,B1,1988,noun,a man who treats other people in a proper and polite way ,紳士
drama,NGSL|CEFR-J,A1,1989,noun,"a play that is performed on stage, theater, or TV",ドラマ
landscape,NGSL|CEFR-J,A2,1990,noun,"the appearance of an area of land, especially in the countryside",地形
educate,NGSL|CEFR-J,B1,1991,verb,"to teach (someone) especially in a school, college, or university",教育する
toy,NGSL|CEFR-J,A1,1992,noun,something a child plays with ,おもちゃ
fault,NGSL|CEFR-J,A2,1993,noun,"responsibility for a problem, mistake, bad situation, etc. ",責任
exhibit,NGSL|CEFR-J,B2,1994,verb,to display or make available for people to see,展示する
minor,NGSL|CEFR-J,B1,1995,adjective,"not so large in size, not important or valuable",小さな、ささいな
hunt,NGSL|CEFR-J,B1,1996,verb,to chase and kill (wild animals) for food or pleasure,狩る
storm,NGSL|CEFR-J,A2,1997,noun,"an occurrence of bad weather in which there is a lot of rain, snow, etc., and often strong winds",嵐
thick,NGSL|CEFR-J,A1,1998,adjective,having a large distance between the top and bottom or front and back surfaces,厚い
achievement,NGSL|CEFR-J,B1,1999,noun,"when you succeed in doing something good, usually by working hard",達成
negotiate,NGSL|CEFR-J,B1,2000,verb,to try to make or change an agreement by discussion,交渉する
dominate,NGSL|CEFR-J,B2,2001,verb,to have power or influence over,支配する
supplier,NGSL|CEFR-J,B2,2002,noun,a company or person who provides things that people want or need,供給者
prize,NGSL|CEFR-J,B1,2003,noun, something that is won in a contest or given as an award ,賞
typically,NGSL|CEFR-J,B1,2004,adverb,"used for saying that something is usual type of a person, thing, place, etc.",典型的に
peer,NGSL|CEFR-J,B2,2005,noun,"someone who is the same age, or who has the same social position or abilities as other members of a group",同級生、同僚
pension,NGSL|CEFR-J,B2,2006,noun,money that a person receives after retirement,年金
wing,NGSL|CEFR-J,B1,2007,noun,a part of an animal's body that is used for flying or gliding,羽
acquisition,NGSL|CEFR-J,B2,2008,noun,the process of learning or getting something; something you have bought,取得、獲得
laughter,NGSL|NGSL-Spoken|CEFR-J,B1,2009,noun,the action or sound of laughing ,笑い
deeply,NGSL|CEFR-J,A2,2010,adverb,very much,深く
recognition,NGSL|CEFR-J,B2,2011,noun,the act of accepting that something is true or important or that it exists ,認識
electricity,NGSL|CEFR-J,B1,2012,noun,"a type of energy that can produce light and heat, or make machines work",電気
assistance,NGSL|CEFR-J,B1,2013,noun,help,援助
roof,NGSL|CEFR-J,A2,2014,noun," the cover or top of a building, vehicle, etc. ",屋根
retirement,NGSL|CEFR-J,B2,2015,noun,"when you leave your job and stop working, usually because you are old",引退
respectively,NGSL,,2016,adverb,in the same order as the people or things you have just talked about,それぞれ
variation,NGSL|CEFR-J,B2,2017,noun,a difference in amount or quality,差異
ultimately,NGSL|CEFR-J,B2,2018,adverb,"finally, after a series of things have happened; in the end",最終的に
proof,NGSL|CEFR-J,B1,2019,noun,something which shows that something else is true or correct,誇り
soil,NGSL|CEFR-J,B2,2020,noun,the top layer of earth in which plants grow,土
smart,NGSL|CEFR-J,A1,2021,adjective,intelligent,賢い
layer,NGSL|CEFR-J,B1,2022,noun,referring to one of several sheets of a material or object,層
upset,NGSL|CEFR-J,A2,2023,adjective,angry or unhappy ,取り乱す
tooth,NGSL|CEFR-J,A1,2024,noun,one of the hard white objects inside the mouth that are used for biting and chewing,歯
representation,NGSL,,2025,noun,speaking or doing something officially for another person,代表
preparation,NGSL|CEFR-J,B1,2026,noun,the things that you do or the time that you spend preparing for something,準備
dispute,NGSL|CEFR-J,B2,2027,noun,"a disagreement, especially one that lasts a long time",論争
agenda,NGSL|CEFR-J,B1,2028,noun,a list of subjects that people will discuss at a meeting,するべきこと
emphasis,NGSL|CEFR-J,B1,2029,noun,a special quality in the way something is said,強調
edition,NGSL|CEFR-J,B1,2030,noun,"a book, newspaper, etc. that is one of several that are the same and were produced at the same time",版
silver,NGSL|CEFR-J,A2,2031,noun,"a soft grayish-white metal that is very valuable and is used to make jewelry, coins, knives, forks, etc. ",銀
entertainment,NGSL|CEFR-J,A2,2032,noun,"shows, films, television, or other performances or activities that entertain people",娯楽
honest,NGSL|CEFR-J,B1,2033,adjective,"good and truthful : not lying, stealing, or cheating ",正直な
undertake,NGSL|CEFR-J,B2,2034,verb,"to begin or attempt, commit oneself to and begin",着手する、取り組む
retail,NGSL|CEFR-J,B1,2035,adjective,when products are sold to customers from shops,小売り
wire,NGSL|CEFR-J,B1,2036,noun,"a thin, flexible thread of metal ",ワイヤー
unlikely,NGSL|CEFR-J,B1,2037,adjective,not expected to happen,なさそうな
gay,NGSL|CEFR-J,B1,2038,adjective, sexually attracted to someone who is the same sex,同性愛者
publication,NGSL|CEFR-J,B2,2039,noun,"the process of producing a book, magazine",出版
slight,NGSL|CEFR-J,B2,2040,adjective, very small in degree or amount ,わずかな
unknown,NGSL|CEFR-J,A2,2041,adjective,not known; not famous,未知の、無名の
framework,NGSL,,2042,noun,the basic structure of something ,枠組み
zone,NGSL|CEFR-J,A2,2043,noun,an area where a particular thing happens:,地帯
restrict,NGSL|CEFR-J,B1,2044,verb,to prevent from doing something,制限する
trace,NGSL|CEFR-J,B1,2045,verb,"find, describe or discover by investigation",突き止める
inch,NGSL|CEFR-J,A2,2046,noun, a unit of measurement equal to 1⁄36 yard or 1⁄12 of a foot (2.54 centimeters),インチ
equivalent,NGSL,,2047,adjective,"having equality in value, use or meaning",同等の
solid,NGSL|CEFR-J,B1,2048,adjective,firm or hard : not having the form of a gas or liquid ,固体
enterprise,NGSL|CEFR-J,B2,2049,noun,a business or organization,企業
elderly,NGSL|CEFR-J,A2,2050,adjective,"a more polite word for 'old', used to describe people",高齢者
owe,NGSL|CEFR-J,B1,2051,verb,"to need to pay or repay money to a person, bank, business, etc.",支払う義務がある、借りがある
governor,NGSL|CEFR-J,B1,2052,noun,"a person who is the leader of the government of a state, province, etc. ",知事
uniform,NGSL|CEFR-J,A2,2053,noun,same designed clothing that identifies belongings,ユニフォーム
port,NGSL|CEFR-J,B1,2054,noun,a town or an area of a town next to water where ships arrive and leave from,港
pitch,NGSL|CEFR-J,B2,2055,noun,"in baseball, to throw the ball towards the hitter; to try to persuade someone to buy or decide something",投げる、売り込む
arrival,NGSL|CEFR-J,B1,2056,noun,when someone or something arrives somewhere,到着
contemporary,NGSL|CEFR-J,B2,2057,adjective,happening or beginning currently or now,現代の
gate,NGSL|CEFR-J,A2,2058,noun,a place in a wall or a fence that has a movable part which can be opened or closed like a door ,門
ease,NGSL|CEFR-J,B2,2059,noun,freedom from pain or trouble : comfort of body or mind ,緩和、楽であること
beer,NGSL|CEFR-J,A2,2060,noun,"an alcoholic drink made from grain, or a glass or container of this drink",ビール
specialist,NGSL|CEFR-J,B1,2061,adjective,"someone who has a lot of experience, knowledge, or skill in a particular subject",専門家
assure,NGSL|CEFR-J,B2,2062,verb,to make sure of something,保証する
profile,NGSL|CEFR-J,B2,2063,noun,"a short description of someone's life, character, work, etc.",プロフィール
mood,NGSL|CEFR-J,A2,2064,noun,the way someone feels at a particular time,気分
episode,NGSL|CEFR-J,A2,2065,noun,one program of a series shown on television; a single event or period of time,エピソード
crack,NGSL|CEFR-J,B2,2066,verb,to break (something) so that there are lines in its surface but it is usually not separated into pieces,ひびが入る
numerous,NGSL|CEFR-J,B1,2067,adjective,existing in large numbers ,夥しい数の
submit,NGSL|CEFR-J,B2,2068,verb,"accept to a superior force, obey to someone",提出する
symptom,NGSL|CEFR-J,B1,2069,noun,a problem that is caused by and shows a more serious problem,症状
virtually,NGSL|CEFR-J,B2,2070,adverb,almost,実質的に
era,NGSL|CEFR-J,B1,2071,noun,a period of time in history that is special for a particular reason,時代
coverage,NGSL,,2072,noun,"the way a newspaper, television program, etc. reports an event or subject",報道
tension,NGSL|CEFR-J,B1,2073,noun,"a feeling that you are nervous, worried, and not relaxed",緊張
cable,NGSL|CEFR-J,B2,2074,noun,"a wire covered by plastic that carries electricity, telephone signals, etc.",ケーブル
sensitive,NGSL|CEFR-J,B2,2075,adjective,easily upset by the things that people think or say about you ,繊細な
nervous,NGSL|CEFR-J,A2,2076,adjective,worried and anxious,緊張する
input,NGSL|CEFR-J,B2,2077,verb,"to put in information, advice or opinions",情報などを入れる
isolate,NGSL,,2078,verb,to keep in a place or situation apart from others,隔離する
prisoner,NGSL|CEFR-J,B1,2079,noun,"someone who is being kept in prison as a punishment, or because they have been caught by an enemy",囚人
eliminate,NGSL|CEFR-J,B1,2080,verb,"completely remove,  to get rid of ",取り除く
tight,NGSL|CEFR-J,A1,2081,adjective,"difficult to move : fastened, attached, or held in a position that is not easy to move ",きつい
wet,NGSL|CEFR-J,A2,2082,adjective,covered or soaked with water or another liquid : not dry ,濡れた
secondary,NGSL|CEFR-J,B2,2083,adjective,less important than something else,第2の
welfare,NGSL|CEFR-J,B2,2084,noun,a program for poor or unemployed people help living,福祉
recruit,NGSL|CEFR-J,B2,2085,verb, to try to persuade someone to work for a company or to join an organization,新規採用する
exclude,NGSL|CEFR-J,B2,2086,verb,to prevent someone from access to a group,排除する
string,NGSL|CEFR-J,A2,2087,noun," a long, thin piece of twisted thread that you use to attach things, tie things together, or hang things",紐
cloud,NGSL|CEFR-J,A1,2088,noun,a white or gray mass in the sky that is made of many very small drops of water,雲
persuade,NGSL|CEFR-J,B1,2089,verb,"to cause (someone) to do something by asking, arguing, or giving reasons",説得する
inspire,NGSL|CEFR-J,B1,2090,verb,to make someone feel that they want to do something and can do it,鼓舞する
grand,NGSL|CEFR-J,B2,2091,adjective,involving or including many people or things : very large in scope ,壮大な
hence,NGSL,,2092,adverb,"from now, later than the present time",今から、この先
crew,NGSL|CEFR-J,B2,2093,noun,a team of people with special skills who work together,乗員
phenomenon,NGSL|CEFR-J,B1,2094,noun,a fact that can observed and studied,現象
pupil,NGSL|CEFR-J,B1,2095,noun,a child or young person who is being taught : student ,生徒
false,NGSL|CEFR-J,A1,2096,adjective,not real or genuine — used to say that something is not really what it seems to be,偽の
assist,NGSL|CEFR-J,B1,2097,verb,to support or help someone,支援する
restore,NGSL|CEFR-J,B1,2098,verb,"to put or bring back into existence or use, mend",修復する
formula,NGSL|CEFR-J,B1,2099,noun,"a plan, rule or method for doing or making something",公式
alter,NGSL|CEFR-J,B2,2100,verb,to change a part of something,変える
perceive,NGSL|CEFR-J,B2,2101,verb,to notice or become aware of something,気づく
routine,NGSL|CEFR-J,B1,2102,noun,the things you regularly do and how and when you do them,毎日の決まった仕事
sink,NGSL|CEFR-J,A2,2103,verb,"to go down below the surface of water, mud, etc. ",沈む
stare,NGSL|CEFR-J,B1,2104,verb,to look at someone or something for a long time and not move your eyes,見つめる
anymore,NGSL|CEFR-J,A2,2105,adverb,"If you do not do something or something does not happen any more, you have stopped doing it or it does not now happen",これ以上～ない
hero,NGSL|CEFR-J,A2,2106,noun,someone who does something brave or good which people respect or admire them for,ヒーロー
supporter,NGSL|CEFR-J,B1,2107,noun,"someone who supports a particular idea, group, or person; a sports fan",支持者
convert,NGSL|CEFR-J,B2,2108,verb,"to change into a different form, character, or function",変換する
steady,NGSL|CEFR-J,B1,2109,adjective,not shaking or moving : held firmly in one place or position,固定した、安定した
meter,NGSL|CEFR-J,A2,2110,noun,"a piece of equipment for measuring the amount of something such as electricity, time, or light",メーター
truck,NGSL|CEFR-J,A1,2111,noun,a large road vehicle for carrying goods from place to place,トラック
nose,NGSL|CEFR-J,A1,2112,noun,the part of the face or head through which a person or animal smells and breathes ,鼻
beside,NGSL|CEFR-J,A1,2113,preposition,by the side of (someone or something) : next to (someone or something) ,隣の、近くの
sail,NGSL|CEFR-J,B2,2114,verb,to travel on water in a ship or boat,航海する
disaster,NGSL|CEFR-J,B1,2115,noun,something that causes a lot of harm or damage; a very bad situation or result,災害
pace,NGSL|CEFR-J,B1,2116,noun,the speed at which someone or something moves or does something,ペース
heavily,NGSL|CEFR-J,A2,2117,adverb,a lot or to a great degree,激しく
devote,NGSL|CEFR-J,B2,2118,verb,to decide to use or give something for something else,ささげる、充てる
terrorist,NGSL|CEFR-J,A2,2119,noun, someone who is involved in terrorism,テロリスト
justify,NGSL|CEFR-J,B2,2120,verb,giving reasons for doing something,正当だと理由づける
vital,NGSL|CEFR-J,B2,2121,adjective,necessary,必要不可欠な
fascinate,NGSL|CEFR-J,B1,2122,verb,to interest someone a lot,魅了する
external,NGSL|CEFR-J,B2,2123,adjective,to be outside of something,外部
spare,NGSL|CEFR-J,B2,2124,adjective,kept as something extra that can be used if it is needed ,予備、スペア
whenever,NGSL|CEFR-J,B1,2125,adverb,at any or every time that ,いつでも
depression,NGSL|CEFR-J,B1,2126,noun,"when you feel very unhappy, or a mental illness that makes you feel very unhappy",落ち込み、鬱病
guilty,NGSL|CEFR-J,B1,2127,adjective,ashamed because you have done something wrong; having broken a law,有罪な
underlie,NGSL,,2128,verb,to lie or be situated under something,下に横たわる
mom,NGSL|CEFR-J,A1,2129,noun,mother,まま
distinction,NGSL|CEFR-J,B1,2130,noun,a difference between two similar things,違い
satisfaction,NGSL|CEFR-J,B1,2131,noun,a happy or pleased feeling because of something that you did or something that happened to you,満足
incorporate,NGSL,,2132,verb,to include or involve as part of something else,組み込む
pour,NGSL|CEFR-J,A2,2133,verb,to cause (something) to flow in a steady stream from or into a container or place ,注ぐ
sweep,NGSL|CEFR-J,B2,2134,verb,"to remove (something, such as dust or dirt) from a surface with a broom or brush or with a quick movement of your hand, fingers, etc. ",掃く
obligation,NGSL|CEFR-J,B2,2135,noun,something that you do because it is your duty or because you feel you have to,義務
sir,NGSL|CEFR-J,A1,2136,noun,used without a name as a form of polite address to a man you do not know,（男性への丁寧な呼び掛け）旦那様、お客様
evaluate,NGSL|CEFR-J,B2,2137,verb,to form an idea to judge something carefully,評価する
anger,NGSL|CEFR-J,B1,2138,noun, a strong feeling of being upset or annoyed because of something wrong or bad,怒り
pub,NGSL|CEFR-J,B1,2139,noun,a place where you can get drinks such as beer and usually food,パブ
perception,NGSL|CEFR-J,B2,2140,noun,what you think or believe about someone or something,見識
naturally,NGSL|CEFR-J,B1,2141,adverb,as you would expect; something that happens because of nature,自然に
currency,NGSL|CEFR-J,B1,2142,noun,the money system that a country uses ,通貨
database,NGSL|CEFR-J,B2,2143,noun,information stored in a computer in an organized structure so that it can be searched in different ways,データベース
initially,NGSL|CEFR-J,B1,2144,adverb,at the beginning,初めは
territory,NGSL|CEFR-J,B2,2145,noun,land that is owned or controlled by a particular country,領土
stream,NGSL|CEFR-J,B1,2146,noun,a natural flow of water that is smaller than a river ,小川
rarely,NGSL|CEFR-J,B1,2147,adverb,not often,ほとんどない
height,NGSL|CEFR-J,B1,2148,noun,a measurement of how tall a person or thing is;  the distance from the bottom to the top of a person or thing,身長
apparent,NGSL|CEFR-J,B1,2149,adjective,easy to see or clearly understand,明らかな
western,NGSL|CEFR-J,B2,2150,adjective,located in or toward the west ,西部の
expansion,NGSL|CEFR-J,B2,2151,noun,when something increases in size or amount,拡大
constantly,NGSL|CEFR-J,B1,2152,adverb,happening a lot or all the time,常に
muscle,NGSL|CEFR-J,B1,2153,noun,one of many pieces of tissue in the body that are connected to bones and which produce movement by becoming longer or shorter,筋肉
scare,NGSL|CEFR-J,B1,2154,verb,to frighten a person or animal,怖がらせる
badly,NGSL|CEFR-J,A2,2155,adverb,very seriously; in a way that is of low quality or in an unpleasant way,ひどく
everyday,NGSL|CEFR-J,A1,2156,adjective,used or seen every day : suitable for every day ,普段の
boundary,NGSL,,2157,noun,"something (such as a river, a fence, or an imaginary line) that shows where an area ends and another area begins ",境界
ratio,NGSL,,2158,noun,"the quantitative relationship in size, etc.",比率
essay,NGSL|CEFR-J,A2,2159,noun,"a short piece of writing about a particular subject, especially one written by a student",エッセイ
scream,NGSL|CEFR-J,A2,2160,verb,"to make a loud, high noise with your voice, or to shout something in a loud, high voice because you are afraid, hurt, or angry",絶叫する
withdraw,NGSL|CEFR-J,B2,2161,verb,"to take money out of a bank account;  to move out of a position, competition, area, etc.",お金を引き出す、身を引く
pollution,NGSL|CEFR-J,A1,2162,noun,"damage caused to water, air, etc. by harmful substances or waste",汚染
disorder,NGSL|CEFR-J,B2,2163,noun,"a disease or mental problem; uncontrolled, bad behavior, especially by large groups of people",疾患、騒動
furniture,NGSL|CEFR-J,A2,2164,noun,"chairs, tables, beds, etc., that are used to make a room ready for use ",家具
symbol,NGSL|CEFR-J,A2,2165,noun,"an action, object that represents a particular idea or quality",象徴
apartment,NGSL|CEFR-J,A2,2166,noun,a set of rooms for someone to live in on one level of a building or house,アパート
demonstration,NGSL|CEFR-J,B1,2167,noun,"a protest in which people march or stand together; showing how to do something, or how something works",デモ、実演
analyst,NGSL|CEFR-J,B2,2168,noun,"someone whose job is to examine the details of a situation carefully, and give their opinion about it",アナリスト
platform,NGSL|CEFR-J,B1,2169,noun,"a raised surface for people to stand on, especially when they are speaking to a lot of people; the area in a railway station where you get on and off the train",演壇、プラットホーム
steel,NGSL|CEFR-J,B1,2170,noun,"a strong, hard metal made of iron and carbon ",鋼
cake,NGSL|CEFR-J,A1,2171,noun,"a sweet baked food made from a mixture of flour, sugar, and other ingredients (such as eggs and butter) ",ケーキ
transform,NGSL|CEFR-J,B1,2172,verb,to change the shape completely in a good way,変形する
wound,NGSL|CEFR-J,B1,2173,noun,"an injury that is caused when a knife, bullet, etc., cuts or breaks the skin ",傷
restriction,NGSL|CEFR-J,B2,2174,noun,a rule or law that limits what people can do,制限
foundation,NGSL|CEFR-J,B1,2175,noun,the action of establishing an organization,設立
designer,NGSL|CEFR-J,B2,2176,noun,someone who draws and plans how something will be made,デザイナー、設計者
strain,NGSL|CEFR-J,B1,2177,noun,when you feel worried and nervous about something; an injury to part of your body that is caused by using it too much,緊張、体の一部を痛めること
innovation,NGSL|CEFR-J,B2,2178,noun,"a new idea or method that is being tried for the first time, or the use of such ideas or methods",革新
album,NGSL|CEFR-J,A1,2179,noun,"several songs or pieces of music on a CD or record; a book in which you keep photographs, stamps, etc.",アルバム
singer,NGSL|CEFR-J,A1,2180,noun,someone who sings,歌手
trail,NGSL|CEFR-J,B1,2181,noun,"a path through the countryside, often where people walk",小道
trap,NGSL|CEFR-J,A2,2182,noun,a device that is used for catching animals ,罠、仕掛け
loose,NGSL|CEFR-J,A2,2183,adjective,"not tightly fastened, attached, or held ",緩い
extension,NGSL|CEFR-J,B2,2184,noun,the act of making something longer or greater ,拡張
wealth,NGSL|CEFR-J,A2,2185,noun,a large amount of money and possessions ,裕福
gradually,NGSL|CEFR-J,A2,2186,adverb,slowly over a period of time,しだいに
tank,NGSL|CEFR-J,B1,2187,noun,a large container for storing liquid or gas,タンク
evil,NGSL|CEFR-J,B2,2188,adjective,"morally bad, causing harm or injury to someone",邪悪な
remarkable,NGSL|CEFR-J,B1,2189,adjective,very unusual or noticeable in a way that you admire,注目すべき
tune,NGSL|CEFR-J,A2,2190,noun,a series of musical notes that produce a pleasing sound when played or sung ,旋律
grass,NGSL|CEFR-J,A1,2191,noun," plants that have narrow green leaves, that are eaten by cows, sheep, horses, etc., and that are commonly grown on lawns and in gardens ",草
invitation,NGSL|CEFR-J,B1,2192,noun,when someone invites you to do something or go somewhere,招待
transition,NGSL|CEFR-J,B2,2193,noun,"when something changes from one system or method to another, often gradually",推移
frighten,NGSL|CEFR-J,A2,2194,verb,to cause (someone) to become afraid ,怖がらせる
bid,NGSL|CEFR-J,B2,2195,noun,an attempt to achieve something; an offer to pay a particular amount of money for something,努力、入札
breed,NGSL|CEFR-J,B2,2196,noun,"a type of dog, sheep, pig, etc.",（動物の）種類
extraordinary,NGSL|CEFR-J,B1,2197,adjective,very unusual : very different from what is normal or ordinary ,並外れた
brilliant,NGSL|CEFR-J,A2,2198,adjective,very good; extremely clever; full of light or color,素晴らしい
adviser,NGSL|CEFR-J,B1,2199,noun,someone whose job is to give advice about a subject,アドバイザー
stem,NGSL|CEFR-J,B1,2200,noun,the main long and thin part of a plant that rises above the soil and supports the leaves and flowers ,茎
reverse,NGSL|CEFR-J,B2,2201,verb,"to change to an opposite state ,way or condition",逆にする
mode,NGSL,,2202,noun,"a particular form, way or type of something",方法
mirror,NGSL|CEFR-J,A2,2203,noun,a piece of glass with a shiny metallic material on one side which produces an image of anything that is in front of it,鏡
awful,NGSL|NGSL-Spoken|CEFR-J,A2,2204,adjective,"very bad, of low quality, or unpleasant",ひどい
pose,NGSL|CEFR-J,B2,2205,verb,to put someone in a position to be photographed,ポーズをとる
adjust,NGSL|CEFR-J,A2,2206,verb,to change a position to be comfortable,調節する
creative,NGSL|CEFR-J,A2,2207,adjective,good at thinking of new ideas or using imagination to create new and unusual things,創造力がある
nowadays,NGSL|CEFR-J,A2,2208,adverb,at the present time ,最近は
poem,NGSL|CEFR-J,A1,2209,noun, a piece of writing that usually has figurative language and that is written in separate lines that often have a repeated rhythm and sometimes rhyme ,詩
agricultural,NGSL|CEFR-J,B1,2210,adjective,the work and methods of growing crops and looking after animals which are then used for food,農業の
competitor,NGSL|CEFR-J,B1,2211,noun,someone who is trying to win or do better than all others especially in business or sports : someone who is competing ,競争相手
alcohol,NGSL|CEFR-J,B1,2212,noun,drinks such as wine and beer that can make you drunk,アルコール
festival,NGSL|CEFR-J,A1,2213,noun,"a series of special events, performances, etc. that often takes place over several days",祭り
vegetable,NGSL|CEFR-J,A1,2214,noun,"a plant that you eat, for example potatoes, onions, beans, etc.",野菜
van,NGSL|CEFR-J,B1,2215,noun,a vehicle that is used for carrying things but which is smaller than a truck,バン
confident,NGSL|CEFR-J,A2,2216,adjective,having a feeling or belief that you can do something well or succeed at something : having confidence ,自信
planet,NGSL|CEFR-J,A2,2217,noun,"a large, round object in space that moves around the sun or another star",惑星
curve,NGSL|CEFR-J,B1,2218,noun,"a smooth, rounded line, shape, path, etc. ",曲線
knee,NGSL|CEFR-J,A1,2219,noun,the joint that bends at the middle of your leg,膝
overcome,NGSL|CEFR-J,B1,2220,verb,to defeat (someone or something) ,打ち勝つ
web,NGSL|CEFR-J,A2,2221,noun,part of the Internet that consists of all the connected websites (= pages of text and pictures); a spider's net used to catch insects,ウェブ
depth,NGSL|CEFR-J,B1,2222,noun,a distance below a surface,深さ
entrance,NGSL|CEFR-J,A2,2223,noun, the act of entering something,入口
log,NGSL|CEFR-J,B1,2224,noun,"a long, heavy section of a tree that has fallen or been cut down ",丸太
giant,NGSL|CEFR-J,B1,2225,adjective,"extremely big, or much bigger than other similar things",巨大な
god,NGSL|CEFR-J,B2,2226,noun, the creator and ruler of the universe,神様
portion,NGSL|CEFR-J,B2,2227,noun,a part of a whole,部分
substance,NGSL|CEFR-J,B2,2228,noun, a material of a particular kind ,物質
extensive,NGSL|CEFR-J,B2,2229,adjective,large in size or amount : very full or complete ,広範な
interpret,NGSL|CEFR-J,B2,2230,verb,to understand or translate the meaning of something,解釈する
independence,NGSL|CEFR-J,A2,2231,noun,"when someone looks after themselves and does not need money, help, or permission from other people",独立
sugar,NGSL|CEFR-J,A1,2232,noun, a sweet substance usually in the form of white or brown crystals or white powder that comes from plants and is used to make foods sweeter,砂糖
inner,NGSL|CEFR-J,A2,2233,adjective,"on the inside, or near the middle of something",内部の
harm,NGSL|CEFR-J,B2,2234,noun,"physical or mental damage or injury : something that causes someone or something to be hurt, broken, made less valuable or successful, etc. ",害
consult,NGSL|CEFR-J,B2,2235,verb,to talk about something to make a decision,相談する
pink,NGSL|CEFR-J,A1,2236,adjective,a pale red color : a color that is a mixture of red and white,ピンク
shadow,NGSL|CEFR-J,A2,2237,noun,a dark shape that appears on a surface when someone or something moves between the surface and a source of light ,影
strip,NGSL|CEFR-J,B1,2238,verb, to remove your clothing,脱ぐ
smooth,NGSL|CEFR-J,A2,2239,adjective,"having a flat, even surface : not rough : not having any bumps, ridges, or uneven parts ",滑らかな
intervention,NGSL,,2240,noun,"when someone intervenes, especially to prevent something from happening",介入
impress,NGSL|CEFR-J,A2,2241,verb,to make someone admire or respect you,好印象を与える
exam,NGSL|CEFR-J,A2,2242,noun,"a test of how much you know about something, or how well you can do something;  a series of medical tests",試験
vice,NGSL|CEFR-J,B1,2243,noun,something bad that someone often does; crime that involves sex or drugs,悪徳
radical,NGSL|CEFR-J,B2,2244,adjective,a very new and different from what is traditional,過激な
similarly,NGSL|CEFR-J,B1,2245,adverb,in a similar way,同様に
behave,NGSL|CEFR-J,B1,2246,verb,to act in an acceptable way : to act properly,行儀よくする
loud,NGSL|CEFR-J,B1,2247,adjective,making or causing a lot of noise : strong and noticeable in sound,うるさい
dimension,NGSL|CEFR-J,B2,2248,noun,"a measurable extent of length, width, or height",寸法
subsequent,NGSL,,2249,adjective,"happening or coming after, later ",その後の
infection,NGSL|CEFR-J,B1,2250,noun,a disease in a part of your body that is caused by bacteria or a virus,感染症
jacket,NGSL|CEFR-J,A1,2251,noun,a short coat,ジャケット
efficiency,NGSL|CEFR-J,B1,2252,noun,"the ability to do something or produce something without wasting materials, time, or energy",効率
dirty,NGSL|CEFR-J,A1,2253,adjective,not clean,汚い
statistic,NGSL,,2254,noun,a number that represents a piece of information,統計
regularly,NGSL|CEFR-J,A2,2255,adverb,"often; at the same time each day, week, month, etc.",定期的に
resort,NGSL|CEFR-J,B1,2256,noun,a place where many people go for a holiday,リゾート
iron,NGSL|CEFR-J,B1,2257,noun,"a heavy type of metal that is very common, occurs naturally in blood, and is used to make steel and in many products ",鉄分、鉄
broadcast,NGSL|CEFR-J,B1,2258,verb,"to send out (signals, programs, etc.) by radio or television ",放送する
membership,NGSL|CEFR-J,B1,2259,noun,the state of belonging to or being a part of a group or an organization : the state of being a member,会員
bread,NGSL|CEFR-J,A1,2260,noun,a baked food made from a mixture of flour and water,パン
blind,NGSL|CEFR-J,B1,2261,adjective,unable to see ,盲目
pure,NGSL|CEFR-J,B1,2262,adjective,not mixed with anything else ,純粋な
bloody,NGSL|NGSL-Spoken|CEFR-J,B2,2263,adjective,covered in blood; violent and involving a lot of blood and injuries,血まみれの
ally,NGSL|CEFR-J,B2,2264,noun,"someone who supports you, especially when other people are against you; a country that has agreed to help another country, especially in a war",同盟
quantity,NGSL|CEFR-J,B1,2265,noun,an amount or number of something,量
bend,NGSL|CEFR-J,B2,2266,verb,"to use force to cause (something, such as a wire or pipe) to become curved ",曲げる
mature,NGSL|CEFR-J,B2,2267,adjective,"being an adult, being fully developed physically",成長した・熟慮した
briefly,NGSL|CEFR-J,B1,2268,adverb,lasting only for a short time,ちょっとの間
alarm,NGSL|CEFR-J,A2,2269,noun,a loud noise that warns you of danger or is used to wake you,アラーム
disturb,NGSL|CEFR-J,A2,2270,verb,"to stop (someone) from working, sleeping, etc.",邪魔をする
sustain,NGSL|CEFR-J,B2,2271,verb,to keep providing what is needed ,維持する
flood,NGSL|CEFR-J,A2,2272,noun,a large amount of water covering an area of land that is usually dry ,洪水
poverty,NGSL|CEFR-J,B1,2273,noun, the state of being poor ,貧困
crazy,NGSL|CEFR-J,A2,2274,adjective,stupid or strange,気が狂った
cite,NGSL,,2275,verb,to write or say the words from a book or other source,引用する
newly,NGSL|CEFR-J,B1,2276,adverb,recently,新たに
parallel,NGSL,,2277,adjective,very similar and often occurring at the same time,類似した、同時に起きる
gender,NGSL|CEFR-J,A2,2278,noun,the state of being male or female,性別
sponsor,NGSL|CEFR-J,B1,2279,verb,"to give money to someone to support an activity, event, or organization, sometimes as a way to advertise your company or product",スポンサーを務める
boot,NGSL|CEFR-J,B1,2280,noun,a strong shoe that covers your foot and part of your leg,ブーツ
accurate,NGSL|CEFR-J,B1,2281,adjective,there is no mistake or error ,正確
dealer,NGSL|CEFR-J,B1,2282,noun,a person or company that buys and sells things for profit,販売業者
button,NGSL|CEFR-J,A1,2283,noun,"a small, usually round piece of plastic, glass, metal, etc., that is sewn to a piece of clothing and is pushed through a loop or hole to fasten one part of the clothing to another part ",ボタン
burden,NGSL|CEFR-J,B1,2284,noun,something difficult or unpleasant that you have to deal with or worry about,負担
desert,NGSL|CEFR-J,A2,2285,noun,an area of very dry land that is usually covered with sand and is very hot ,砂漠
mate,NGSL|CEFR-J,B2,2286,noun,a friend; an animal's sexual partner,仲間
occasionally,NGSL|CEFR-J,B1,2287,adverb,not happening often,たまに
shareholder,NGSL,,2288,noun,someone who owns shares (stock) in a company,株主
bowl,NGSL|CEFR-J,A1,2289,noun,"a round container that has tall, curving sides and that is used for preparing or serving foods and liquids ",丼
discovery,NGSL|CEFR-J,B1,2290,noun,the act of finding or learning something for the first time,発見
resistance,NGSL|CEFR-J,B2,2291,noun,refusal to accept something new or different,抵抗
bath,NGSL|CEFR-J,A1,2292,noun,the act of washing the body usually by sitting or lying in a container filled with water ,入浴
frequency,NGSL|CEFR-J,B1,2293,noun,the fact or condition of happening often : common occurrence ,頻発
criticize,NGSL|CEFR-J,A2,2294,verb,to make negative comments about something or someone,批判する
tap,NGSL|CEFR-J,A2,2295,noun,to hit (someone or something) lightly especially with a small sound,軽くたたく
philosophy,NGSL|CEFR-J,B1,2296,noun,a study of ideas about the fundamental nature of life,哲学
lip,NGSL|CEFR-J,A2,2297,noun,either one of the two soft parts that surround the mouth ,唇
attribute,NGSL|CEFR-J,B2,2298,noun,to say that something is because of something else,～のせいにする
apologize,NGSL|CEFR-J,A2,2299,verb,to tell someone that you are sorry about something you have done,謝る
approval,NGSL|CEFR-J,B1,2300,noun,when you think that something or someone is good or right; official permission,承認
grab,NGSL|CEFR-J,B1,2301,verb,to take hold of something or someone suddenly,つかむ
entitle,NGSL|CEFR-J,B2,2302,verb,to give someone the right to do or have something,権利を与える
lend,NGSL|CEFR-J,A2,2303,verb,to give (something) to (someone) to be used for a period of time and then returned ,貸す
involvement,NGSL|CEFR-J,B2,2304,noun,when someone or something is involved in an activity or event,関与
exposure,NGSL,,2305,noun,when someone experiences something or is affected by it because they are in a particular situation or place,（社会などに）触れること
conventional,NGSL|CEFR-J,B2,2306,adjective,Usual or traditional,伝統的な、従来の
digital,NGSL|CEFR-J,B1,2307,adjective,electronic systems that change sounds or images into signals in the form of binary numbers,デジタル
translate,NGSL|CEFR-J,B1,2308,verb,to change words from one language into another language,翻訳する
edit,NGSL|CEFR-J,B2,2309,verb,to make changes so that something can be used,編集する
formation,NGSL|CEFR-J,B2,2310,noun,the development of something into a particular thing or shape,形成
deposit,NGSL|CEFR-J,B1,2311,noun,"a payment that you make immediately when you decide to buy something, as proof that you will really buy it",預金
pleasant,NGSL|CEFR-J,A2,2312,adjective,causing a feeling of happiness or pleasure ,心地良い、楽しい
overseas,NGSL|CEFR-J,B2,2313,adjective,in or to a foreign country that is across a sea,海外
advocate,NGSL,,2314,noun,to push for something positive,主張する
establishment,NGSL|CEFR-J,B1,2315,noun,"an organization or business; when an organization, school, business, etc. is started",機関、設立
summary,NGSL|CEFR-J,A2,2316,noun,a brief statement that gives the most important info,要約
rough,NGSL|CEFR-J,B1,2317,adjective,having a surface that is not even ,ざらざらした
pen,NGSL|CEFR-J,A1,2318,noun,a writing instrument that uses ink ,ペン
recovery,NGSL|CEFR-J,B1,2319,noun,when a system or situation or person returns to the way it was before something bad happened,回復
seal,NGSL|CEFR-J,B2,2320,noun,an animal with smooth fur that eats fish and lives near the sea,アシカ、アザラシ
tube,NGSL|CEFR-J,A1,2321,noun,"a long, hollow object that is used especially to control the flow of a liquid or gas ",筒
tower,NGSL|CEFR-J,A1,2322,noun,"a tall, narrow building or structure that may stand apart from or be attached to another building or structure",タワー
characterize,NGSL|CEFR-J,B1,2323,verb,to be typical of someone or something; to describe or show someone or something in a particular way,特徴づける、描写する
specify,NGSL|CEFR-J,B2,2324,verb,"to state, name or mention exactly and clearly",明記する
exact,NGSL|CEFR-J,B1,2325,adjective,fully and completely correct or accurate ,正確な
spin,NGSL|CEFR-J,B2,2326,verb,to turn or cause someone or something to turn around repeatedly,回転する
operator,NGSL|CEFR-J,B2,2327,noun,"a person who uses and controls something (such as a machine, device, or business): someone who operates something",オペレーター
infant,NGSL|CEFR-J,B2,2328,noun,a baby or very young child,幼児
dig,NGSL|CEFR-J,A1,2329,verb,"to move soil, sand, snow, etc., in order to create a hole ",掘る
drag,NGSL|CEFR-J,B1,2330,verb,to pull (someone or something that is heavy or difficult to move) ,引きずる
mount,NGSL|CEFR-J,B1,2331,noun,to increase in amount or level,上がる
wrap,NGSL|CEFR-J,B1,2332,verb,to cover (something) by winding or folding a piece of material around it ,包む
anticipate,NGSL|CEFR-J,B2,2333,verb,to expect or look ahead to something positively,予測する
dependent,NGSL|CEFR-J,B1,2334,adjective,decided or controlled by something else,依存している
specialize,NGSL|CEFR-J,B1,2335,verb,to spend most of your time studying one particular subject or doing one type of business,専門とする
angle,NGSL|CEFR-J,B1,2336,noun,the difference between the direction of two lines or surfaces that come together: the space or shape formed when two lines or surfaces meet each other ,角
chicken,NGSL|CEFR-J,A1,2337,noun,a bird that is raised by people for its eggs and meat ,鶏肉
anxiety,NGSL|CEFR-J,B1,2338,noun,fear or nervousness about what might happen,不安
virus,NGSL|CEFR-J,B1,2339,noun,"an infectious organism too small to be seen that causes disease, or an illness that it causes; a harmful computer program",ウイルス
precisely,NGSL|CEFR-J,B2,2340,adverb,exactly,正確に
rival,NGSL|CEFR-J,B2,2341,noun,a person or thing that tries to defeat or be more successful than another ,好敵手
offense,NGSL|CEFR-J,B2,2342,noun," a criminal act; something that causes a person to be hurt, angry, or upset ",犯行
detect,NGSL|CEFR-J,B2,2343,verb,to discover or identify the presence of something,検出する
teenager,NGSL|CEFR-J,A2,2344,noun,someone who is between 13 and 19 years old,１０代の
admire,NGSL|CEFR-J,A2,2345,verb, to feel respect or approval for (someone or something) ,称賛する
moderate,NGSL|CEFR-J,B1,2346,adjective,average in size or amount;  neither too much nor too little ,適度の
surgery,NGSL|CEFR-J,B1,2347,noun,when a doctor cuts your body open and repairs or removes something,手術
musician,NGSL|CEFR-J,A1,2348,noun,"a person who writes, sings, or plays music",ミュージシャン
significance,NGSL|CEFR-J,B1,2349,noun,the importance or meaning of something,意義、重要性
shower,NGSL|CEFR-J,A1,2350,noun,a device that produces a spray of water for you to stand under and wash your body ,シャワー
illegal,NGSL|CEFR-J,A2,2351,adjective,not allowed by law,非合法の
charity,NGSL|CEFR-J,B1,2352,noun,"an official organization that gives money, food, or help to people who need it; money, food, or other help",慈善
universal,NGSL|CEFR-J,B2,2353,adjective,done or experienced by everyone ,普遍的な
cigarette,NGSL|CEFR-J,A2,2354,noun,"a thin tube of paper filled with tobacco, that people smoke",たばこ
constitute,NGSL|CEFR-J,B1,2355,verb,to make up or form something,構成する
adequate,NGSL|CEFR-J,B2,2356,adjective,enough for someone's needs,十分な
consultant,NGSL|CEFR-J,B2,2357,noun,someone who advises people about a particular subject,コンサルタント
historian,NGSL|CEFR-J,B1,2358,noun,someone who studies or writes about history,歴史家
cousin,NGSL|CEFR-J,A1,2359,noun,a child of your uncle or aunt,いとこ
visual,NGSL|CEFR-J,B1,2360,adjective,"relating to seeing or to the eyes, sight",視覚
stupid,NGSL|CEFR-J,B1,2361,adjective,not intelligent : having or showing a lack of ability to learn and understand things ,頭が悪い
keen,NGSL|CEFR-J,B2,2362,adjective,very interested or enthusiastic; very good or well developed,熱心な
ethnic,NGSL|CEFR-J,B2,2363,adjective,connected with people who shares a cultural tradition,民族
twin,NGSL|CEFR-J,B1,2364,noun,one of two children who are born to the same mother at the same time,双子
clinical,NGSL,,2365,adjective,relating to medical treatment and tests,臨床の
eastern,NGSL|CEFR-J,B1,2366,adjective,located toward the east ,東部の
forecast,NGSL|CEFR-J,B1,2367,noun,a report saying what is likely to happen in the future,予測
segment,NGSL|CEFR-J,B2,2368,noun,one of the parts that something can be divided into,部分
custom,NGSL|CEFR-J,A2,2369,noun,an action or way of behaving that is usual and traditional among the people in a particular group or place,慣習
adapt,NGSL|CEFR-J,B1,2370,verb,to change something to fit a new purpose,適応する
sand,NGSL|CEFR-J,B1,2371,noun," the very tiny, loose pieces of rock that cover beaches, deserts, etc. ",砂
cap,NGSL|CEFR-J,A1,2372,noun,"a small, soft hat that often has a hard curved part (called a visor) that extends out over your eyes ",帽子
prompt,NGSL|CEFR-J,B2,2373,adjective,to cause (someone) to do something ,促す
charm,NGSL|CEFR-J,B1,2374,noun,a quality that causes someone or something to be very likable : an attractive quality ,魅力
react,NGSL|CEFR-J,B1,2375,verb,to behave or make change in a particular way,反応する
lecture,NGSL|CEFR-J,B1,2376,noun,a talk or speech about a particular subject,講義
venture,NGSL|CEFR-J,B2,2377,noun,a new activity that may not be successful,冒険
compound,NGSL|CEFR-J,B1,2378,verb,combining two or more parts to form something new,調合する
rescue,NGSL|CEFR-J,B1,2379,verb,to save (someone or something) from danger or harm ,救う
mess,NGSL|CEFR-J,B1,2380,noun,"Someone or something that is a mess, or is in a mess, is dirty or untidy; a confused or difficult situation",乱雑、混乱
preference,NGSL|CEFR-J,B1,2381,noun,a feeling of liking or wanting one person or thing more than another person or thing,好み
comprehensive,NGSL|CEFR-J,B2,2382,adjective,including most or all things,包括的な
incentive,NGSL|CEFR-J,B2,2383,noun,something that encourages a person to work hard,やる気、動機付け
league,NGSL|CEFR-J,B1,2384,noun,a group of teams which compete against each other in a sport,リーグ
dialog,NGSL|CEFR-J,B1,2385,noun,"a short conversation, especially written",対話
cream,NGSL|CEFR-J,A2,2386,noun,a very thick liquid or soft substance that is rubbed into the skin to make it softer or is used as a medicine for the skin,クリーム
rapid,NGSL|CEFR-J,B1,2387,adjective,happening in a short amount of time,急速に
cancel,NGSL|CEFR-J,B1,2388,verb,to say that an organized event will not now happen; to stop an order for goods or services,中止、キャンセルする
regret,NGSL|CEFR-J,B2,2389,verb, to feel sad or sorry about (something that you did or did not do) : to have regrets about (something) ,後悔する、残念に思う
dismiss,NGSL|CEFR-J,B2,2390,verb,to send (someone) away : to cause or allow (someone) to leave ,解雇する
margin,NGSL|CEFR-J,B2,2391,noun,"the edge or border of a page on above, below",余白
beneath,NGSL|CEFR-J,B1,2392,preposition,in or to a lower position : below ,～の下で
opponent,NGSL|CEFR-J,B2,2393,noun,someone who you compete against in a game or competition; someone who disagrees with an idea or action,対戦相手、反対者
resist,NGSL|CEFR-J,B1,2394,verb,to fight against (something) : to try to stop or prevent (something) ,抵抗する
capability,NGSL|CEFR-J,B2,2395,noun,the ability or power to do something,能力
absolute,NGSL|CEFR-J,B1,2396,adjective,complete and total ,絶対的な
correspond,NGSL|CEFR-J,B2,2397,verb,to have similarity or equality with something,相当する
stroke,NGSL|CEFR-J,B2,2398,noun,a serious illness caused when a blood vessel in your brain suddenly breaks or is blocked ,脳卒中
dare,NGSL|CEFR-J,B1,2399,verb,to have enough courage or confidence to do something,勇気がある
barrier,NGSL|CEFR-J,B2,2400,noun,something that prevents people from doing what they want to do,障害
rid,NGSL|CEFR-J,B1,2401,verb,to no longer have or be affected or bothered by (someone or something that is unwanted or annoying) ,取り除く
divorce,NGSL|CEFR-J,B2,2402,noun,when two people officially stop being married,離婚する
ruin,NGSL|CEFR-J,B1,2403,verb,"to damage (something) so badly that it is no longer useful, valuable, enjoyable, etc.: to spoil or destroy (something)",台無しにする
bury,NGSL|CEFR-J,A2,2404,verb,to put (a dead person or animal) in a grave ,埋葬する
counsel,NGSL,,2405,noun,a lawyer; advice,弁護士、助言
tendency,NGSL|CEFR-J,B1,2406,noun,"something that someone often does, or something that often happens",傾向
frequent,NGSL|CEFR-J,B1,2407,adjective,happening often ,頻繁に
motor,NGSL|CEFR-J,B1,2408,noun,a machine that produces motion or power for doing work,モーター
survival,NGSL|CEFR-J,B1,2409,noun,"when someone or something continues to live or exist, especially after a difficult or dangerous situation",生き残ること
counter,NGSL|CEFR-J,B2,2410,verb,to prevent something or reduce the bad effect that it has,対抗する
possess,NGSL|CEFR-J,B1,2411,verb,to have or own (something) ,所有する
permission,NGSL|CEFR-J,A2,2412,noun,the right or ability to do something that is given by someone who has the power to decide if it will be allowed or permitted ,許可
valley,NGSL|CEFR-J,A2,2413,noun,an area of low land between hills or mountains ,谷
float,NGSL|CEFR-J,A2,2414,verb,to rest on top of a liquid ,浮く
mad,NGSL|CEFR-J,A2,2415,adjective,very angry ,怒り狂ってる
greatly,NGSL|CEFR-J,A2,2416,adverb,very much,大いに
visible,NGSL|CEFR-J,B1,2417,adjective,"can see , easily seen or understood",目に見える
electric,NGSL|CEFR-J,A2,2418,adjective,of or relating to electricity ,電気の
impressive,NGSL|CEFR-J,B1,2419,adjective,Someone or something that is impressive makes you admire and respect them,印象的な
evolution,NGSL|CEFR-J,B2,2420,noun,the way in which living things gradually change and develop over millions of years; a gradual process of change and development,進化
awareness,NGSL|CEFR-J,B1,2421,noun,when you know about something,意識
violent,NGSL|CEFR-J,A2,2422,adjective,using or involving the use of physical force to cause harm or damage to someone or something ,暴力
slave,NGSL|CEFR-J,A2,2423,noun,someone who is legally owned by another person and is forced to work for that person without pay,奴隷
wealthy,NGSL|CEFR-J,B2,2424,adjective,rich,豊か
architecture,NGSL|CEFR-J,A2,2425,noun,the design and style of buildings; the profession of designing buildings,建築
acceptable,NGSL|CEFR-J,A2,2426,adjective,good enough; allowed or approved of,容認できる、受諾可能な
journal,NGSL|CEFR-J,B1,2427,noun,a book for recording personal experiences and thoughts,日記
coal,NGSL|CEFR-J,B1,2428,noun,a black or brownish-black hard substance within the earth that is used as a fuel,石炭
measurement,NGSL|CEFR-J,B1,2429,noun,the process of measuring something; the size and shape of something,測定、寸法
random,NGSL,,2430,adjective,"chosen, done without a particular plan or pattern",ランダムな
successfully,NGSL|CEFR-J,A2,2431,adverb,in a way that acomplishes what you want to achieve,うまく
depress,NGSL,,2432,verb,to make feel sad or depressed,落ち込ませる
illustration,NGSL|CEFR-J,B2,2433,noun,"a picture in a book, magazine, etc.; an example that explains or proves something",イラスト、例
burst,NGSL|CEFR-J,B1,2434,verb, to break open or into pieces in a sudden and violent way ,爆発
privilege,NGSL|CEFR-J,B2,2435,noun,"an advantage that only one person or group has, usually because of their position or because they are rich",特権
buyer,NGSL|CEFR-J,B1,2436,noun,someone who buys something,買い手
mutual,NGSL|CEFR-J,B1,2437,adjective,shared between two or more people,共有の
rail,NGSL|CEFR-J,B1,2438,noun,a bar that goes from one post or support to another and that is used to form a barrier ,手すり、（電車の）レール
motivate,NGSL|CEFR-J,B1,2439,verb,to make someone enthusiastic about doing something,やる気にさせる
laboratory,NGSL|CEFR-J,B1,2440,noun,a room used for scientific work,研究室
mortgage,NGSL|CEFR-J,B2,2441,noun,money that you borrow to buy a home,抵当
promotion,NGSL|CEFR-J,B1,2442,noun,when someone is given a more important job in the same organization; an advertising campaign or sale,促進、昇進
passion,NGSL|CEFR-J,B1,2443,noun,a strong belief in something or a strong feeling about a subject; sexual feelings,情熱
champion,NGSL|CEFR-J,B1,2444,noun,"a person, animal, or team that wins a competition",チャンピオン
fulfill,NGSL|CEFR-J,B2,2445,verb,to do something that you have promised to do or that you are expected to do,遂行する
dust,NGSL|CEFR-J,A2,2446,noun, fine dry powder that builds up inside buildings on surfaces that have not recently been cleaned ,埃
dedicate,NGSL|CEFR-J,B1,2447,verb,to give energy and time to something,専念する
roughly,NGSL|CEFR-J,A2,2448,adverb,approximately,およそ
skirt,NGSL|CEFR-J,A1,2449,noun,a piece of clothing worn by women and girls that hangs from the waist down,スカート
province,NGSL|CEFR-J,B2,2450,noun,one of the large areas which some countries are divided into because of the type of government they have,州
march,NGSL|CEFR-J,A1,2451,verb,to walk with regular steps as a group : to walk in the regular and organized way of soldiers ,行進
evaluation,NGSL|CEFR-J,B2,2452,noun,to consider or study something carefully and decide how good or bad it is,評価
compromise,NGSL|CEFR-J,B1,2453,verb,when you agree to something which is not exactly what you want,妥協する
accomplish,NGSL|CEFR-J,B1,2454,verb,to succeed in doing something good,成し遂げる
weakness,NGSL|CEFR-J,B1,2455,noun,when someone or something is not strong or powerful; a part of something or someone that is not good,弱点
announcement,NGSL|CEFR-J,B1,2456,noun,"something that someone says officially, giving information about something",発表、告知
salt,NGSL|CEFR-J,A2,2457,noun,a natural white substance that is used especially to flavor or preserve food ,塩
glance,NGSL|CEFR-J,B1,2458,verb,to look somewhere for a short time,ちらりと見る
opera,NGSL|CEFR-J,A1,2459,noun,a musical play in which most of the words are sung,歌劇
contest,NGSL|CEFR-J,A1,2460,noun,a competition or election,コンテスト
brush,NGSL|CEFR-J,A1,2461,noun,"a tool with many stiff hairs, fibers, etc., that is used for cleaning, smoothing, or painting something",刷毛
embarrass,NGSL|CEFR-J,B1,2462,verb,to make someone feel ashamed or shy,恥をかかせる
gallery,NGSL|CEFR-J,A2,2463,noun,a room or building that is used for showing paintings and other art to the public,画廊
genetic,NGSL|CEFR-J,B1,2464,adjective,relating to genes (= parts of cells which control particular characteristics),遺伝的な
aggressive,NGSL|CEFR-J,B1,2465,adjective,behaving in an angry and violent way towards others; using forceful methods in order to achieve,積極的
chest,NGSL|CEFR-J,A2,2466,noun,the front part of the body between the neck and the stomach ,腰
format,NGSL|CEFR-J,B1,2467,noun,"the form, design, or arrangement of something",書式、形式
literary,NGSL|CEFR-J,B1,2468,adjective,of or relating to literature ,文学の
govern,NGSL|CEFR-J,B1,2469,verb,"to officially control and lead, conduct the policy, make decisions",支配する
embrace,NGSL|CEFR-J,B2,2470,verb,"to hold, or hug, someone; to accept new ideas, beliefs, etc. in an enthusiastic way",抱き締める、受け入れる
praise,NGSL|CEFR-J,B1,2471,verb, to say or write good things about (someone or something) : to express approval of (someone or something),称賛する
silent,NGSL|CEFR-J,B1,2472,adjective,not speaking or making noise,静かな
pump,NGSL|CEFR-J,B1,2473,noun,"a device that forces liquid, air, or gas into or out of something ",ポンプ
publisher,NGSL|CEFR-J,B1,2474,noun,"a company or person who prepares and prints books, newspapers, magazines, etc.",出版社
celebration,NGSL|CEFR-J,A1,2475,noun,when you celebrate a special day or event,お祝い
golf,NGSL|CEFR-J,A2,2476,noun,"a game on grass where players try to hit a small ball into a series of holes using a long, thin stick",ゴルフ
compensation,NGSL|CEFR-J,B2,2477,noun,money that you pay to someone because you are responsible for injuring them or damaging something; money paid for work,賠償
classical,NGSL|CEFR-J,B1,2478,adjective,music by people like Mozart and Stravinsky; traditional in style,古典的な
weigh,NGSL|CEFR-J,A2,2479,verb,to find how heavy (someone or something) is : to measure the weight of ,量る
versus,NGSL|CEFR-J,B2,2480,preposition,used to say that one team or person is competing against another; used to compare two things or ideas,対
deficit,NGSL|CEFR-J,B2,2481,noun,the amount by which the money that you spend is more than the money that you receive,赤字
modify,NGSL|CEFR-J,B1,2482,verb,to make minor change to something,修正する
flash,NGSL|CEFR-J,B1,2483,noun,a sudden bright light ,ひらめき、閃光
friendship,NGSL|CEFR-J,A2,2484,noun,the state of being friends : the relationship between friends,友情
profession,NGSL|CEFR-J,B1,2485,noun,a type of job that requires special education or skill,専門
literally,NGSL|CEFR-J,B2,2486,adverb,having the real or original meaning of a word or phrase,文字通りに
equation,NGSL|CEFR-J,B2,2487,noun,when you show that two amounts are equal using mathematical symbols,方程式
gesture,NGSL|CEFR-J,B1,2488,noun,"a movement you make with your hand, arm, or head to express what you are thinking or feeling",ジェスチャー
entertain,NGSL|CEFR-J,B1,2489,verb, to have people as guests in your home or in a public place ,楽しませる
fantastic,NGSL|CEFR-J,A2,2490,adjective,very good,すばらしい
assign,NGSL|CEFR-J,B1,2491,verb,to give someone a particular job or something to do,割り当てる
inflation,NGSL|CEFR-J,B2,2492,noun,"the rate at which prices increase, or a continuing increase in prices",インフレ
historic,NGSL|CEFR-J,B1,2493,adjective,important in history or likely to be important in history,歴史的な
injure,NGSL|CEFR-J,A2,2494,verb,do physical harm or damage,にけがをさせる
remote,NGSL|CEFR-J,A2,2495,adjective,far away,遠隔
therapy,NGSL|CEFR-J,B2,2496,noun,the work of treating mental or physical illness without using an operation,治療
orange,NGSL|CEFR-J,A1,2497,noun,a citrus fruit that is round and that has an orange skin ,オレンジ
twist,NGSL|CEFR-J,B1,2498,verb,to bend or turn (something) in order to change its shape,ひねる
personnel,NGSL|CEFR-J,B2,2499,noun,the people who work for an organization,職員
imagination,NGSL|CEFR-J,A2,2500,noun,the ability to create ideas or pictures in your mind,想像
disagree,NGSL|CEFR-J,A2,2501,verb,to have a different opinion : to fail to agree ,反対する
throat,NGSL|CEFR-J,B2,2502,noun,the tube inside the neck that leads to the stomach and lungs ,喉
insight,NGSL|CEFR-J,B1,2503,noun,the capacity to understand something very clearly ,洞察力
tackle,NGSL|CEFR-J,B2,2504,verb,"to try to deal with a problem; in sports, to try to take the ball from someone or knock them down",取り組む、タックルする
forever,NGSL|CEFR-J,A2,2505,adverb,for all time in the future,永遠に
exceed,NGSL|CEFR-J,B2,2506,verb,to be greater in number than something,超える
expenditure,NGSL,,2507,noun,"when you use energy, time, or money",出費
joy,NGSL|CEFR-J,A2,2508,noun, a feeling of great happiness,楽しさ
pregnant,NGSL|CEFR-J,B1,2509,adjective,A pregnant woman has a baby developing inside her uterus,妊娠した
reliable,NGSL|CEFR-J,B1,2510,adjective,able to be trusted or believed,信頼できる
gear,NGSL|CEFR-J,B2,2511,noun,a set of parts in a vehicle or bicycle that control how fast the wheels turn; the clothes and equipment used for a particular purpose,ギア、衣服
poet,NGSL|CEFR-J,B1,2512,noun,a person who writes poems,詩人
fortune,NGSL|CEFR-J,A2,2513,noun,a very large amount of money,大金
ceremony,NGSL|CEFR-J,B1,2514,noun,a formal act or event that is a part of a social or religious occasion ,式典
pile,NGSL|CEFR-J,A2,2515,noun,a group of things that are put one on top of another ,山（積み重ね）
pig,NGSL|CEFR-J,A1,2516,noun,"an animal that has a fat body with short legs, a small tail, and a wide nose and that is raised on a farm or lives in the wild",豚
mixture,NGSL|CEFR-J,B2,2517,noun,something made by combining two or more ingredients ,混合物
automatically,NGSL|CEFR-J,A2,2518,adverb,without human control,自動的に
scholar,NGSL|CEFR-J,B1,2519,noun,someone who has studied a subject and knows a lot about it,学者
psychological,NGSL|CEFR-J,B1,2520,adjective,relating to the human mind and feelings,心理的な
dramatically,NGSL|CEFR-J,B2,2521,adverb,suddenly or unexpectedly; with much drama,ドラマチックに、劇的に
stake,NGSL|CEFR-J,B2,2522,noun,"If something is at stake, it is in a situation where it might be lost or damaged; an amount of money invested in a business",賭ける、出資金
creature,NGSL|CEFR-J,A2,2523,noun,an animal of any type ,生き物
partnership,NGSL|CEFR-J,B2,2524,noun,when two people or organizations work together to achieve something,連携
participation,NGSL|CEFR-J,B2,2525,noun,to be involved with other people in an activity,参加
clause,NGSL|CEFR-J,B2,2526,noun,a part of a sentence that has its own subject,主節
penalty,NGSL|CEFR-J,B2,2527,noun,a punishment for doing something which is against a law or rule,罪
chamber,NGSL,,2528,noun,a room used for an official or special purpose,部屋
fancy,NGSL|CEFR-J,A2,2529,verb,to want to have or do (something),～したい気分だ
poetry,NGSL|CEFR-J,B1,2530,noun,"poems in general, or the writing of poetry",詩
chat,NGSL|CEFR-J,B1,2531,verb,to talk with someone in a friendly and informal way,お喋り
clothing,NGSL|CEFR-J,B2,2532,noun,"clothes, especially of a particular type",衣類
evolve,NGSL|CEFR-J,B2,2533,verb,to slowly change or develop into something better,進化する
sake,NGSL|CEFR-J,A2,2534,noun,the benefit of someone or something — used in phrases with for to say that something is done to help a particular person or thing,利益、～のため
shelf,NGSL|CEFR-J,A1,2535,noun," a flat board which is attached to a wall, frame, etc., and on which objects can be placed ",棚
boost,NGSL|CEFR-J,B2,2536,noun,"something that makes you feel more confident and happy, or that helps something increase or improve",後押し
tail,NGSL|CEFR-J,B2,2537,noun,the part of an animal's body that extends from the animal's back end ,しっぽ
possession,NGSL|CEFR-J,B1,2538,noun,the condition of having or owning something ,所有物
abortion,NGSL,,2539,noun,a medical operation to end a pregnancy when the baby is still too small to live,中絶
curious,NGSL|CEFR-J,B1,2540,adjective,having a desire to learn or know more about something or someone ,好奇心旺盛な
wooden,NGSL|CEFR-J,A2,2541,adjective,made of wood ,木製の
boom,NGSL|CEFR-J,B1,2542,noun,"a period when there is a big increase in sales or profits; a loud, deep sound",好況、ブーンとなる音
tale,NGSL|CEFR-J,B1,2543,noun,"a story, especially one which is not true or is difficult to believe",(事実・伝説・架空の）話、物語
democratic,NGSL|CEFR-J,B1,2544,adjective,following or supporting the political system of democracy; where everyone has equal rights and can help to make decisions,民主主義の、民主的な
maintenance,NGSL|CEFR-J,B1,2545,noun,the work that is done to keep something in good condition,保守
consequently,NGSL|CEFR-J,B1,2546,adverb,as a result,結果的に
pot,NGSL|CEFR-J,B1,2547,noun,"a deep, round container that is used for cooking ",ポット
cow,NGSL|CEFR-J,A1,2548,noun,a large animal that is raised by people for milk or meat usually on a farm ,牛
strengthen,NGSL|CEFR-J,B1,2549,verb,"to make (someone or something) stronger, more forceful, more effective, etc. ",強化する
whilst,NGSL,,2550,conjunction,during the same time; used to compare two different facts or situations,の間に、一方で
constraint,NGSL,,2551,noun,something that limits what you can do,制約
fold,NGSL|CEFR-J,B1,2552,noun, to bend one part of (something) over or against another part ,折る
bin,NGSL|CEFR-J,B1,2553,noun,a container that is used to put waste in; a container for storing things,ごみ箱
undergo,NGSL|CEFR-J,B1,2554,verb,"to experience or endure, be subjected to",経験する、耐える、受ける
potentially,NGSL|CEFR-J,B2,2555,adverb,possibly,潜在的に
scope,NGSL|CEFR-J,B1,2556,noun,the area that is included in or dealt with,範囲、領域
pretend,NGSL|CEFR-J,B2,2557,verb, to act as if something is true when it is not true,ふりをする
diversity,NGSL,,2558,noun,when many different types of things or people are included in something,多様性
allege,NGSL,,2559,verb,"to say that someone has done something wrong or illegal, but not prove it",申し立てる
pride,NGSL|CEFR-J,A2,2560,noun,a feeling that you respect yourself and deserve to be respected by other people,誇り
intense,NGSL|CEFR-J,B1,2561,adjective,"very strong, great or extreme in degree",激しい
inquiry,NGSL|CEFR-J,B1,2562,noun,a request for information ,照会
resign,NGSL|CEFR-J,B2,2563,verb,to give up (a job or position) in a formal or official way,辞める
craft,NGSL|CEFR-J,B1,2564,noun,"an activity in which you make something using a lot of skill, especially with your hands; a boat, airplane, or spaceship",工作
strict,NGSL|CEFR-J,A1,2565,adjective,"used to describe a command, rule, etc., that must be obeyed",厳しい
concrete,NGSL|CEFR-J,B2,2566,noun,"a hard substance that is used in building and is made by mixing sand, water, small stones, and cement",コンクリート
shell,NGSL|CEFR-J,A2,2567,noun,"the hard outer covering of an animal, insect, etc., that protects it ",殻
damn,NGSL|CEFR-J,B2,2568,interjection,used to express anger,くそっ
distinct,NGSL,,2569,adjective,recognizably different in nature from something else,区別できる
humor,NGSL|CEFR-J,B1,2570,noun,the ability to laugh and recognize that something is funny,ユーモア
limitation,NGSL|CEFR-J,B1,2571,noun,when something is controlled so that it is less than a particular amount or number,制限
indication,NGSL,,2572,noun,a sign showing that something exists or is likely to be true,兆候、印
stability,NGSL|CEFR-J,B2,2573,noun,when something is not likely to change or move,安定性
wise,NGSL|CEFR-J,A2,2574,adjective,having or showing wisdom or knowledge usually from learning or experiencing many things ,賢い
neglect,NGSL|CEFR-J,B2,2575,verb,to fail to take care of or to give attention to (someone or something),怠る
compose,NGSL|CEFR-J,B1,2576,verb,to come together to form or make (something) ,構成する
jail,NGSL|CEFR-J,B1,2577,noun,a place where criminals are kept as a punishment,牢屋
shelter,NGSL|CEFR-J,B1,2578,noun,a structure that covers or protects people or things,避難所
mere,NGSL|CEFR-J,B1,2579,adjective,"used to say that something is small, unimportant, etc.",ほんの
carbon,NGSL|CEFR-J,B2,2580,noun,a chemical element present in all animals and plants and in coal and oil (symbol C),炭素
regulate,NGSL|CEFR-J,B2,2581,verb,"to set or adjust the amount, restrict something",調節する、規制する
cheese,NGSL|CEFR-J,A1,2582,noun,a yellow or white solid food that is made from milk,チーズ
trigger,NGSL|CEFR-J,B1,2583,noun,a lever on a gun that you pull to fire,引き金
pipe,NGSL|CEFR-J,B1,2584,noun,"a long, hollow tube for carrying water, steam, gas, etc. ",パイプ
destruction,NGSL|CEFR-J,B1,2585,noun,the act or process of damaging something so badly that it no longer exists or cannot be repaired ,破壊
guitar,NGSL|CEFR-J,A1,2586,noun,a musical instrument with strings that you play by pulling the strings with your fingers or a piece of plastic,ギター
flag,NGSL|CEFR-J,A1,2587,noun,a piece of cloth with a special design that is used as a symbol of a nation or group ,旗
piano,NGSL|CEFR-J,A1,2588,noun,a large wooden musical instrument with strings inside and black and white bars that produce sounds when you press them,ピアノ
magic,NGSL|CEFR-J,A2,2589,noun,special powers that can make things happen that seem impossible,魔法
mystery,NGSL|CEFR-J,A2,2590,noun,something that is not known ,謎
ski,NGSL|CEFR-J,A2,2591,noun,"one of a pair of long, thin pieces of wood or plastic that you wear on the bottom of boots to move over snow",スキー
whisper,NGSL|CEFR-J,B1,2592,verb,to speak very softly or quietly,ささやく
rear,NGSL|CEFR-J,B2,2593,adjective,the back part of something,後ろ
menu,NGSL|CEFR-J,A2,2594,noun,a list of food and drinks that you can order in a restaurant; a list of choices on a computer or electronic device,お品書き
species,NGSL|CEFR-J,B2,2595,noun,a group of plants or animals which share similar characteristics,種
moon,NGSL|CEFR-J,A1,2596,noun,the large round object that circles the Earth and that shines at night by reflecting light from the sun ,月
presumably,NGSL|CEFR-J,B2,2597,adverb,used to say what you think is the likely situation,おそらく
bless,NGSL|CEFR-J,B1,2598,verb,to make (something or someone) holy by saying a special prayer ,神聖にする
airline,NGSL|CEFR-J,B1,2599,noun,a company that provides regular flights to places,航空
amendment,NGSL,,2600,noun,"a change in the words of a document, or the process of doing this",改正
grandmother,NGSL|CEFR-J,A1,2601,noun,the mother of your mother or father,祖母
jury,NGSL|CEFR-J,B2,2602,noun,a group of people in a court of law who decide if someone is guilty or not,陪審
cooperation,NGSL|CEFR-J,B2,2603,noun,when you work together with someone or do what they ask you,協力
civilian,NGSL,,2604,noun,someone who is not a member of a military organization or the police,民間人
composition,NGSL|CEFR-J,B1,2605,noun, the way in which something is put together or arranged ,構成
coin,NGSL|CEFR-J,A2,2606,noun,"a small, flat, and usually round piece of metal issued by a government as money",硬貨
regardless,NGSL|CEFR-J,B2,2607,adverb,without thinking about problems or difficulties,～にかかわらず
scan,NGSL|CEFR-J,B1,2608,verb,to examine something with a machine; to use a machine that copies a document into a computer,スキャン
bunch,NGSL|CEFR-J,B1,2609,noun,a group of things of the same kind that are held or tied together or that grow together ,房
racial,NGSL|CEFR-J,B1,2610,adjective,relating to people's race,人種の
greet,NGSL|CEFR-J,A1,2611,verb,to meet (someone who has just arrived) with usually friendly and polite words and actions : welcome ,挨拶する
hopefully,NGSL|CEFR-J,B1,2612,adverb,"used, often at the start of a sentence, to express what you would like to happen",願わくは
sanction,NGSL,,2613,noun,a punishment for not obeying a rule or a law,制裁
trick,NGSL|CEFR-J,A2,2614,noun,an action that is meant to deceive someone,巧妙な技
paragraph,NGSL|CEFR-J,A1,2615,noun,a section of writing that usually deals with one subject,段落
maker,NGSL|CEFR-J,A2,2616,noun,the person or company that makes a product,製作者
chocolate,NGSL|CEFR-J,A1,2617,noun,"a sweet, brown food that is made from cocoa",チョコレート
stimulate,NGSL|CEFR-J,B2,2618,verb,to make something happen or develop more; to make someone feel interested and excited,促す、刺激する
belt,NGSL|CEFR-J,A2,2619,noun,a band of material (such as leather) that is worn around a person's waist,ベルト
potato,NGSL|CEFR-J,A1,2620,noun,"a round vegetable with a brown, yellow, or red skin that grows in the ground",じゃがいも
narrative,NGSL|CEFR-J,B1,2621,noun,a story or description of a series of events,物語
tissue,NGSL|CEFR-J,B1,2622,noun,the material that animals and plants are made of; a soft piece of paper that you use for cleaning your nose,ティッシュペーパー、組織
barely,NGSL|CEFR-J,B1,2623,adverb,only just,かろうじて
invent,NGSL|CEFR-J,A2,2624,verb,to create or produce (something useful) for the first time ,発明する
tourism,NGSL|CEFR-J,B1,2625,noun,"the business of providing services for tourists, including organizing their travel, hotels, entertainment, etc.",観光事業
pro,NGSL|CEFR-J,A2,2626,noun,someone who earns money for playing a sport,プロ
stair,NGSL|CEFR-J,A2,2627,noun,a series of steps that go from one level or floor to another ,階段
hesitate,NGSL|CEFR-J,B1,2628,verb,to stop briefly before you do something especially because you are nervous or unsure about what to do ,ためらう
shine,NGSL|CEFR-J,A2,2629,verb,to give off light ,輝く
motivation,NGSL|CEFR-J,B1,2630,noun,enthusiasm for doing something; the need or reason for doing something,意欲、動機
romantic,NGSL|CEFR-J,A2,2631,adjective,relating to feelings or stories of love,ロマンティック
firmly,NGSL|CEFR-J,B1,2632,adverb,"not gently, with some force",しっかりと
interior,NGSL|CEFR-J,B2,2633,noun,the inside part of something,内側
stomach,NGSL|CEFR-J,A2,2634,noun,the organ in your body where food goes and begins to be digested after you swallow it ,胃
nowhere,NGSL|CEFR-J,B1,2635,adverb,not in or at any place ,どこにも～ない
pray,NGSL|CEFR-J,A1,2636,verb,to hope or wish very much for something to happen,祈る
championship,NGSL|CEFR-J,A2,2637,noun,a competition to find the best team or player in a particular game or sport,選手権
servant,NGSL|CEFR-J,B2,2638,noun,a person who is hired to do household or personal duties such as cleaning and cooking ,使用人
immigrant,NGSL|CEFR-J,B2,2639,noun,someone who comes to live in a different country,移民
excess,NGSL|CEFR-J,B1,2640,noun,an amount that is more than the usual or necessary amount ,余分
complexity,NGSL|CEFR-J,B2,2641,noun,involving a lot of different but connected parts in a way that is difficult to understand,複雑さ
liability,NGSL,,2642,noun,when you are legally responsible for something; a debt; a disadvantage,法的責任、債務
surprisingly,NGSL|CEFR-J,B1,2643,adverb,in an unexpected way that makes someone feel surprised,驚くべき
extract,NGSL|CEFR-J,B2,2644,verb,to remove or take out ,引き抜く
implementation,NGSL,,2645,noun,"to make a law, system, plan, etc. start to happen or operate",実施、実装
bias,NGSL,,2646,noun,a tendency to believe certain people or ideas,偏見
differently,NGSL|CEFR-J,A2,2647,adverb,not in the same way as someone or something else,異なって
catalog,NGSL|CEFR-J,B2,2648,noun,"a book with a list of all the goods that you can buy from a shop, or of all the books, paintings, etc. that you can find in a place",カタログ
continuous,NGSL|CEFR-J,B1,2649,adjective,happening or existing without stopping,連続的な
golden,NGSL|CEFR-J,A2,2650,adjective,made of gold ,金の
stamp,NGSL|CEFR-J,A2,2651,noun,a small piece of paper that you buy and then stick to an envelope or package to pay the cost of mailing it ,切手
guideline,NGSL|CEFR-J,B2,2652,noun,"a rule, instruction or principle",指針
envelope,NGSL|CEFR-J,A2,2653,noun,"an enclosing cover for a letter, card, etc.",封筒
knife,NGSL|CEFR-J,A1,2654,noun,a usually sharp blade attached to a handle that is used for cutting or as a weapon ,ナイフ
biological,NGSL|CEFR-J,B2,2655,adjective,relating to the study of living things such as plants and animals,生物学的
consume,NGSL|CEFR-J,B1,2656,verb,"to eat, drink, buy or use up something",消費する
luxury,NGSL|CEFR-J,B2,2657,adjective,something expensive that you enjoy but do not need,贅沢な
weekly,NGSL|CEFR-J,A2,2658,adjective,happening once a week or every week,週１
wherever,NGSL|CEFR-J,B1,2659,adverb,in what place;  where - used in questions that express surprise or confusion,どこでも
bite,NGSL|CEFR-J,A2,2660,verb,to press down on or cut into (someone or something) with the teeth,かむ
printer,NGSL|CEFR-J,A2,2661,noun,a machine which is connected to a computer and which produces writing or images on paper,印刷機
firstly,NGSL|CEFR-J,B2,2662,adverb,"used to introduce the first idea, reason, etc. in a series",初めに
anxious,NGSL|CEFR-J,A2,2663,adjective,afraid or nervous especially about what may happen :feeling anxiety ,心配する
adventure,NGSL|CEFR-J,A2,2664,noun,an exciting or dangerous experience ,冒険
fence,NGSL|CEFR-J,A2,2665,noun,a structure like a wall built outdoors usually of wood or metal that separates two areas or prevents people or animals from entering or leaving,フェンス
exhaust,NGSL|CEFR-J,B2,2666,verb,to finish all of the supply of something; to make someone very tired,疲れ果てさせる、使い果たす
attraction,NGSL|CEFR-J,B1,2667,noun," something interesting or enjoyable that people want to visit, see, or do ",ひきつけるもの
ocean,NGSL|CEFR-J,B1,2668,noun,the salt water that covers much of the Earth's surface ,海洋
quietly,NGSL|CEFR-J,A2,2669,adverb,making little or no noise,静かに
castle,NGSL|CEFR-J,A2,2670,noun,"a large building usually with high, thick walls and towers that was built in the past to protect against attack",城
veteran,NGSL|CEFR-J,B2,2671,noun,someone who has been in the military; someone who has done a job or activity for a long time,ベテラン
reflection,NGSL|CEFR-J,B1,2672,noun,an image that is seen in a mirror or on a shiny surface ,反射
nerve,NGSL|CEFR-J,B2,2673,noun,one of the threads in your body which carry messages between your brain and other parts of the body,神経
determination,NGSL|CEFR-J,B1,2674,noun,"when someone continues trying to do something, although it is very difficult",決意
altogether,NGSL|CEFR-J,B1,2675,adverb,"completely and fully : totally, entirely ",完全に
fiction,NGSL|CEFR-J,A2,2676,noun,literature and stories about imaginary people or events; not real,フィクション
carpet,NGSL|CEFR-J,B1,2677,noun,"thick material for covering floors, often made of wool",カーペット
cluster,NGSL,,2678,noun,a group of similar things that are close together,群
confusion,NGSL|CEFR-J,B1,2679,noun,a situation in which people are uncertain about what to do or are unable to understand something clearly,混乱
hurry,NGSL|CEFR-J,A1,2680,verb,"to move, act, or go quickly ",急ぐ
logic,NGSL|CEFR-J,B1,2681,noun,a proper or linear way of thinking about something,論理
controversial,NGSL|CEFR-J,B1,2682,adjective,causing a lot of disagreement or argument,議論を呼ぶ
raw,NGSL|CEFR-J,A2,2683,adjective,"not cooked, or in a natural state;  not treated or prepared",生の、未加工の
grammar,NGSL|CEFR-J,A1,2684,noun,the set of rules that explain how words are used in a language,文法
revise,NGSL|CEFR-J,B1,2685,verb,"to make changes, add something to improve",修正する
hint,NGSL|CEFR-J,B2,2686,noun,"when you say something that suggests what you think or want, but not in a direct way; a clue",ほのめかす、ヒント
hook,NGSL|CEFR-J,B2,2687,noun," a curved or bent tool for catching, holding, or pulling something ",鉤
bell,NGSL|CEFR-J,A1,2688,noun, a hollow usually cup-shaped metal object that makes a ringing sound when it is hit ,ベル
liquid,NGSL|CEFR-J,B1,2689,noun,a substance that is able to flow freely,液体
panic,NGSL|CEFR-J,A2,2690,noun,"a sudden, strong feeling of worry or fear that makes you unable to think or behave calmly",パニック
uncle,NGSL|CEFR-J,A1,2691,noun, the brother of your father or mother or the husband of your aunt ,叔父
rice,NGSL|CEFR-J,A1,2692,noun,small white or brown grains that come from a southeast Asian plant and that are used for food ,おこめ
slope,NGSL|CEFR-J,B1,2693,noun,ground that slants downward or upward : ground that slopes ,坂
happiness,NGSL|CEFR-J,A2,2694,noun,the feeling of being happy,幸せ
genuine,NGSL|CEFR-J,B2,2695,adjective,"If a person or their feelings are genuine, they are sincere and honest; real",正真正銘の
vessel,NGSL|CEFR-J,B1,2696,noun,a ship or large boat ,貨物船
verb,NGSL|CEFR-J,A2,2697,noun,"a word (such as jump, think, happen, or exist) that is usually one of the main parts of a sentence and that expresses an action, an occurrence, or a state of being",動詞
reckon,NGSL|CEFR-J,B2,2698,verb,to think that something is probably true,～だと思う
silly,NGSL|CEFR-J,A2,2699,adjective,"stupid, small and not important",愚か
transportation,NGSL|CEFR-J,B1,2700,noun,"a vehicle or system of vehicles, such as buses, trains, etc. for getting from one place to another",交通
harbor,NGSL|CEFR-J,B1,2701,noun," a part of the ocean, a lake, etc., that is next to land and that is protected and deep enough to provide safety for ships",湾
comedy,NGSL|CEFR-J,B1,2702,noun,"entertainment such as a film, play, etc. which is funny",コメディ
chase,NGSL|CEFR-J,B1,2703,noun,to run after someone or something in order to catch them,追いかける
storage,NGSL|CEFR-J,B1,2704,noun,when you put things in a safe place until they are needed,保管場所
universe,NGSL|CEFR-J,B1,2705,noun,"all of space and everything in it including stars, planets, galaxies, etc.",宇宙
horrible,NGSL|CEFR-J,B1,2706,adjective,very unpleasant or bad,ひどい
sheep,NGSL|CEFR-J,A1,2707,noun,an animal with a thick woolly coat that is often raised for meat or for its wool and skin ,羊
lover,NGSL|CEFR-J,A2,2708,noun,"If two people are lovers, they have a sexual relationship but they are not married",恋人
rat,NGSL|CEFR-J,A1,2709,noun,an animal that looks like a large mouse and has a long tail,ラット
portrait,NGSL|CEFR-J,A2,2710,noun,"a painting, drawing, or photograph of someone",肖像
innocent,NGSL|CEFR-J,B1,2711,adjective,not guilty of committing a crime,潔白な、無実な
substitute,NGSL|CEFR-J,B1,2712,noun,a person or thing that makes the place instead of something,控え
supplement,NGSL|CEFR-J,B2,2713,noun,"something that is added to make it complete, help understanding",補足
adjustment,NGSL|CEFR-J,B2,2714,noun,"a slight change that you make to something so that it works better, fits better, or is more suitable",調整
reasonably,NGSL|CEFR-J,B2,2715,adverb,"in a fair way, showing good judgment",合理的に
filter,NGSL|CEFR-J,B1,2716,noun,to pass a liquid or gas through a piece of equipment in order to remove solid pieces or other substances,フィルター
flexible,NGSL|CEFR-J,B2,2717,adjective,capable of being easily bent changed without breaking,曲げやすい
abstract,NGSL|CEFR-J,B1,2718,adjective,relating to something that doesn't exist,抽象的な
tent,NGSL|CEFR-J,B1,2719,noun,"a portable shelter that is used outdoors, is made of cloth (such as canvas or nylon), and is held up with poles and ropes ",テント
precise,NGSL|CEFR-J,A2,2720,adjective,very accurate and exact expression or detail,正確な、精密な
distant,NGSL|CEFR-J,B1,2721,adjective,existing or happening far away in space,遠い
stranger,NGSL|CEFR-J,A2,2722,noun,someone you have never met before,初対面の人、知らない人
shade,NGSL|CEFR-J,A2,2723,noun,an area of slight darkness that is produced when something blocks the light of the sun ,影
grain,NGSL|CEFR-J,B2,2724,noun,"the seeds of plants (such as wheat, corn, and rice) that are used for food ",穀物
situate,NGSL,,2725,verb,to put something in a particular position,～に置く
summarize,NGSL|CEFR-J,B1,2726,verb,to describe briefly the main facts or ideas of something,要約する
leap,NGSL|CEFR-J,B2,2727,verb,to jump from one place to another,跳ねる
snap,NGSL|CEFR-J,B2,2728,verb,"to break something, such as a pencil, making a short, loud sound",バキっ！　ばしん！、折る
probability,NGSL|CEFR-J,B1,2729,noun,how likely it is that something will happen,見込み
leather,NGSL|CEFR-J,A2,2730,noun,"animal skin that is chemically treated to preserve it and that is used in making clothes, shoes, furniture, etc.",革
uncertainty,NGSL|CEFR-J,B1,2731,noun,"not known, or not completely certain",不確実なこと
swear,NGSL|CEFR-J,B1,2732,verb,to state (something) very strongly and sincerely,誓う
refugee,NGSL|CEFR-J,B2,2733,noun,"someone who has been forced to leave their country, especially because of a war",難民
shore,NGSL|CEFR-J,A2,2734,noun,"the land along the edge of an area of water (such as an ocean, lake, etc.)",岸
monthly,NGSL|CEFR-J,B1,2735,adjective,happening or produced once a month,月１
comprise,NGSL,,2736,verb,to make up or form something,構成する
stir,NGSL|CEFR-J,B1,2737,verb,to mix (something) by making circular movements in it with a spoon or similar object ,かき混ぜる
excitement,NGSL|CEFR-J,B1,2738,noun,a happy and enthusiastic feeling,興奮
sigh,NGSL|CEFR-J,B1,2739,verb,"to breathe out slowly and noisily, often because you are annoyed or unhappy",ため息をつく
pregnancy,NGSL,,2740,noun,when a woman is pregnant,妊娠
experimental,NGSL,,2741,adjective,"relating to tests, especially scientific ones",実験の
institutional,NGSL,,2742,adjective,"relating to a large and important organization, such as a government, university or bank",機関の
slice,NGSL|CEFR-J,A2,2743,noun,a flat piece of something that has been cut from a larger piece,一切れ
wander,NGSL|CEFR-J,A2,2744,verb,to move around or go to different places usually without having a particular purpose or direction,さまよう
empire,NGSL|CEFR-J,B1,2745,noun, a group of countries or regions that are controlled by one ruler or one government ,帝国
subsequently,NGSL,,2746,adverb,happening after something else,その後に
gentle,NGSL|CEFR-J,A2,2747,adjective,having or showing a kind and quiet nature : not harsh or violent ,優しい、穏やかな
attendance,NGSL|CEFR-J,B2,2748,noun,"the number of people who go to an event, meeting, etc.",出席者数
ownership,NGSL,,2749,noun, the state or fact of owning something,所有権
qualification,NGSL|CEFR-J,B2,2750,noun, a special skill or type of experience or knowledge that makes someone suitable to do a particular job or activity ,資格
suspend,NGSL|CEFR-J,B2,2751,verb,to stop something for a usually short period of time,一時停止する
functional,NGSL|CEFR-J,B2,2752,adjective,designed to be practical or useful and not only attractive; operating correctly,機能的な
voluntary,NGSL,,2753,adjective,done or given by their own will and not forced to do,自由意志による
pale,NGSL|CEFR-J,B1,2754,adjective,light in color,淡い
stain,NGSL|CEFR-J,B2,2755,verb,to leave a mark on something,汚す
athlete,NGSL|CEFR-J,A2,2756,noun,someone who is very good at a sport and who competes with others in organized events,アスリート
organic,NGSL|CEFR-J,B1,2757,adjective,not using artificial chemicals when keeping animals or growing plants for food,有機栽培の
tongue,NGSL|CEFR-J,B1,2758,noun,"the soft, movable part in the mouth that is used for tasting and eating food and in human beings for speaking",舌
server,NGSL|CEFR-J,B1,2759,noun,a computer that is used only for storing and managing programs and information used by other computers,サーバー
structural,NGSL,,2760,adjective,relating to the structure of something,構造的な
fool,NGSL|CEFR-J,A2,2761,noun, a person who lacks good sense or judgment : a stupid or silly person ,馬鹿者
alongside,NGSL|CEFR-J,B2,2762,preposition,next to someone or something,並んで
unite,NGSL|CEFR-J,B1,2763,verb,"to join together, to come together for the same goal",団結する
gently,NGSL|CEFR-J,B2,2764,adverb,in a kind and careful way as not to hurt or upset anyone or anything,優しく
compute,NGSL|CEFR-J,B2,2765,verb,to find out by calculating or estimating,計算する
wipe,NGSL|CEFR-J,B2,2766,verb," to clean or dry (something) by using a towel, your hand, etc.",拭く
weird,NGSL|CEFR-J,B1,2767,adjective,very strange,変わった
gaze,NGSL|CEFR-J,B2,2768,verb,to look for a long time at someone or something or in a particular direction,じっと見る
fade,NGSL|CEFR-J,B1,2769,verb, to lose strength or freshness ,弱まる
cough,NGSL|NGSL-Spoken|CEFR-J,B2,2770,verb,"to force air through your throat with a short, loud noise often because you are sick",咳をする
hypothesis,NGSL,,2771,noun,an idea that leads to further study or discussion,仮説
royal,NGSL|CEFR-J,A2,2772,adjective,of or relating to a king or queen ,王族の
theoretical,NGSL,,2773,adjective,related to an explanation that has not been proved,理論的な
curtain,NGSL|CEFR-J,B1,2774,noun, a piece of cloth that hangs down from above a window and can be used to cover the window ,カーテン
mayor,NGSL|CEFR-J,B1,2775,noun,the person who is elected to be the leader of the group that governs a town or city,市長
darkness,NGSL|CEFR-J,B1,2776,noun,when there is little or no light,暗闇
aunt,NGSL|CEFR-J,A1,2777,noun, the sister of your father or mother or the wife of your uncle ,叔母
tournament,NGSL|CEFR-J,B1,2778,noun,"a competition with a series of games between many teams or players, with one winner at the end",大会
registration,NGSL|CEFR-J,B1,2779,noun,when a name or information is recorded on an official list,登録
fragment,NGSL|CEFR-J,B1,2780,noun,a small piece of something,断片
listener,NGSL|CEFR-J,B2,2781,noun,someone who listens,傍聴者
tender,NGSL|CEFR-J,B2,2782,adjective,very loving and gentle : showing affection and love for someone or something ,思いやりのある
density,NGSL,,2783,noun,the number of people or things in a place when compared with the size of the place;  the relationship between the weight of a substance and its size,密度
ugly,NGSL|CEFR-J,A1,2784,adjective,unpleasant to look at : not pretty or attractive ,醜い
module,NGSL,,2785,noun,"a part of an object that can operate alone, especially a part of a spacecraft; part of a course or a textbook",モジュール
faithfully,NGSL,,2786,adverb,in a loyal way or a way that can be trusted,忠実に
autumn,NGSL|CEFR-J,A1,2787,noun,the season between summer and winter ,秋
cheek,NGSL|CEFR-J,A2,2788,noun,the soft part of your face below your eye,ほお
attachment,NGSL|CEFR-J,B1,2789,noun,a feeling strong connection to someone or something; a computer file which is sent together with an email message,愛着、添付ファイル
holder,NGSL|CEFR-J,B2,2790,noun,someone who officially owns something,所有者
grin,NGSL|CEFR-J,B2,2791,noun,to smile a big smile,にっこり笑う
noun,NGSL|CEFR-J,A2,2792,noun," a word that is the name of something (such as a person, animal, place, thing, quality, idea, or action) and is typically used in a sentence as subject or object of a verb or as object of a preposition ",名詞
fortunate,NGSL|CEFR-J,B1,2793,adjective,having good luck : enjoying good fortune : lucky ,幸運
alright,NGSL|NGSL-Spoken|CEFR-J,A2,2794,adverb,"good enough, although not very good; safe or well",大丈夫
lazy,NGSL|CEFR-J,A1,2795,adjective,not liking to work hard or to be active ,怠惰な
hello,NGSL|CEFR-J,A1,2796,interjection,used as a greeting,こんにちは
hunger,NGSL|CEFR-J,B1,2797,noun,a very great need for food : a severe lack of food ,空腹
insure,NGSL,,2798,verb,"to buy insurance for (something, such as property or health)",保険を掛ける
ashamed,NGSL|CEFR-J,B1,2799,adjective,"feeling shame, guilt or embarrassment ",恥ずかしい
found,NGSL|CEFR-J,B2,2800,verb,"to start an organization, especially by providing money",設立する
thirst,NGSL|CEFR-J,B2,2801,noun,an uncomfortable feeling that is caused by the need for something to drink,渇き
abandoned,CEFR-J,B2,,adjective,,
abdominal,NAWL,,,adj,Concerned with the abdomen or stomach,腹部の
abide,TSL,,,,put up with,
abnormal,CEFR-J,B1,,adjective,,
abnormally,CEFR-J,B2,,adverb,,
aboard,TSL|CEFR-J,B1,,adverb,"on or in a moving vehicle, e.g. aboard the boat",
abolish,BSL|CEFR-J,B2,,verb,,
aboriginal,CEFR-J,B2,,adjective,,
aborigine,CEFR-J,B1,,noun,,
abruptly,CEFR-J,B2,,adverb,,
absent,TSL|CEFR-J,B1,,adjective,"missing, not present",
absentee,CEFR-J,B2,,noun,,
absorb,NAWL|TSL|BSL|CEFR-J,B1,,verb,to take in a liquid; soak up,吸収する
absorption,NAWL|BSL,,,n,"process of being absorbed (e.g. liquid, attention)",吸収
absurd,CEFR-J,B2,,adjective,,
abundance,CEFR-J,B1,,noun,,
abundant,CEFR-J,B1,,adjective,,
academy,CEFR-J,B1,,noun,,
accelerate,NAWL|BSL,,,verb,to increase the speed or rate of something,加速する
acceleration,NAWL,,,n,increase in the speed or rate of something,加速
accent,NAWL|TSL|CEFR-J,B1,,n,a way of speaking that shows your dialect or class,訛り
acceptance,TSL|BSL|CEFR-J,B1,,noun,state of being okay with something or someone,
accessibility,CEFR-J,B2,,noun,,
accessible,TSL|BSL|CEFR-J,B1,,adjective,"available, easy to reach",
accessory,TSL|CEFR-J,B1,,noun,partner in crime,
accidental,CEFR-J,B1,,adjective,,
accidentally,CEFR-J,B1,,adverb,,
acclaim,TSL,,,,approval and great praise,
accommodate,TSL|BSL,,,,to give something that is needed,
accomplishment,TSL|BSL,,,,something you achieve,
accordance,BSL,,,,,
according to,CEFR-J,B1,,preposition,,
accordingly,TSL|BSL|CEFR-J,B2,,adverb,"therefore, so",
accountability,BSL,,,,,
accountable,BSL,,,,,
accountant,TSL|BSL|CEFR-J,B1,,noun,a person responsible for the money in a business,
accrual,BSL,,,,,
accrue,BSL,,,,,
accumulate,NAWL|TSL|BSL|CEFR-J,B2,,verb,To gather or acquire so that you have more of it,蓄積する
accumulation,NAWL|BSL,,,n,The act of getting or becoming bigger or more over time,蓄積
accuracy,NAWL|TSL|BSL|CEFR-J,B1,,n,being exactly right; correctness,正確さ
accurately,NAWL|TSL|BSL|CEFR-J,B1,,adv,exactly and without any mistakes; correctly,正確に
accusation,BSL|CEFR-J,B2,,noun,,
accustom,TSL|CEFR-J,B1,,verb,to get used to,
ache,CEFR-J,B1,,noun,,
achievable,CEFR-J,B2,,adjective,,
acid,NAWL|BSL|CEFR-J,B2,,n,sour substance that reacts with metals e.g. lemon,酸
acidic,NAWL,,,adj,containing acid,酸性の
acknowledgment,CEFR-J,B1,,noun,,
acquaintance,CEFR-J,B1,,noun,,
acre,BSL,,,,,
activate,NAWL|TSL,,,verb,To make something start working,始動する
actively,NAWL|TSL|BSL|CEFR-J,B2,,adv,doing things to achieve a specific goal,積極的に
activist,BSL,,,,,
actress,TSL|CEFR-J,B1,,noun,a female actor ,
acute,NAWL|CEFR-J,B2,,adj,strong; very serious or severe,鋭い；深刻な；急性の
adaptable,CEFR-J,B2,,adjective,,
adaptation,NAWL,,,n,changing to a new form; thing that is changed,適応
adapter,TSL,,,,something that connects to something to make it usable,
adaptive,NAWL,,,adj,able to adjust to new conditions,適応性のある
addict,CEFR-J,B2,,noun,,
addicted,CEFR-J,B2,,adjective,,
addiction,CEFR-J,B2,,noun,,
additionally,TSL|CEFR-J,B2,,adverb,"furthermore, also",
addressee,CEFR-J,B1,,noun,,
adequately,BSL|CEFR-J,B2,,adverb,,
adhere,TSL|BSL,,,,"to stay with or follow , e.g. adhere to rules",
adjacent,NAWL|TSL,,,adj,"being close or near to a border, wall, or point",隣接した
adjective,CEFR-J,A2,,noun,,
administer,TSL|BSL,,,,to manage an office,
administrative,TSL|BSL|CEFR-J,B2,,adjective,to do with the management of an office,
administrator,TSL|BSL,,,,the person who manages an office,
admirable,CEFR-J,B2,,adjective,,
admiration,CEFR-J,B1,,noun,,
admiringly,CEFR-J,B2,,adverb,,
admission,NAWL|TSL|BSL|CEFR-J,B1,,n,the act of taking responsibility for an error or mistake,自白
admittedly,CEFR-J,B2,,adverb,,
adolescent,NAWL,,,n,Teenager developing into an adult,青春期の若者
adopted,CEFR-J,B2,,adjective,,
adoption,BSL|CEFR-J,B2,,noun,,
adorable,CEFR-J,B1,,adjective,,
adore,CEFR-J,B2,,verb,,
adorn,CEFR-J,B2,,verb,,
advanced,CEFR-J,A2,,adjective,,
advancement,TSL|CEFR-J,B2,,noun,gradual move forward,
advent,CEFR-J,B2,,noun,,
adventurous,CEFR-J,B2,,adjective,,
adverb,CEFR-J,B1,,noun,,
adverbial,CEFR-J,B1,,adjective,,
adverse,NAWL|BSL|CEFR-J,B2,,adj,negative or harmful,逆の；不利な
adversely,CEFR-J,B2,,adverb,,
adversity,CEFR-J,B2,,noun,,
advert,CEFR-J,B1,,noun,,
advertiser,TSL|BSL,,,,someone who is selling something through media,
advertising,CEFR-J,A2,,noun,,
advisable,TSL,,,,"something one should do, or is good to do",
advisor,TSL|BSL,,,,someone who gives an opinion on what to do,
advisory,TSL|BSL,,,,related to giving advice or an opinion on what to do,
aerobics,CEFR-J,B1,,noun,,
aerosol,NAWL,,,n,a container that sprays liquid under pressure,エアロゾル
aesthetic,NAWL,,,adj,concerning the sense of artistic beauty,美的な
affection,CEFR-J,B1,,noun,,
affectionate,CEFR-J,B2,,adjective,,
affectionately,CEFR-J,B2,,adverb,,
affiliate,BSL,,,,,
affirm,NAWL,,,verb,"to state, strengthen or support a belief you have",確認する
affirmative,TSL,,,,"positive, meaning 'yes'",
affordable,TSL|BSL|CEFR-J,B2,,adjective,"not expensive, one is able to pay easily",
afterward,NAWL|TSL|BSL|CEFR-J,B1,,adv,happening after something else happened,その後
afterwards,CEFR-J,B1,,adverb,,
aged,CEFR-J,A2,,adjective,,
ageless,CEFR-J,B2,,adjective,,
aggregate,NAWL|BSL,,,n,a sum total amount of something,(...の)総計
aggressively,CEFR-J,B2,,adverb,,
agonize,CEFR-J,B2,,verb,,
agony,CEFR-J,B2,,noun,,
agriculture,NAWL|BSL|CEFR-J,B1,,n,the science of farming,農業
air conditioning,CEFR-J,B1,,noun,,
air force,CEFR-J,B1,,noun,,
aircrew,CEFR-J,B2,,noun,,
airfare,TSL,,,,the amount of money charged for traveling by airplane  ,
airplane,NAWL|TSL|CEFR-J,A1,,n,a machine that flies through the air,飛行機
airport,TSL|BSL|CEFR-J,A1,,noun,the place where you go to get on a plane,
aisle,TSL|CEFR-J,A2,,noun,long narrow area for walking between rows of something,
alarm clock,CEFR-J,A2,,noun,,
alas,BSL,,,,,
albeit,BSL,,,,,
alcoholic,CEFR-J,B1,,adjective,,
alcoholism,CEFR-J,B2,,noun,,
alert,TSL|BSL|CEFR-J,B2,,verb,"wide awake, aware",
algebra,NAWL,,,n,mathematics using letters and symbols in place of some numbers,代数学
algorithm,NAWL|BSL,,,n,a step-by-step problem-solving feature,アルゴリズム
alien,NAWL,,,n,person or creature from a planet other than Earth,外国人；宇宙人
align,BSL,,,,,
alike,TSL|BSL|CEFR-J,B1,,adjective,"similar, almost the same",
all right,CEFR-J,A1,,adjective,,
allegation,BSL|CEFR-J,B2,,noun,,
allegedly,BSL,,,,,
allergic,CEFR-J,B1,,adjective,,
allergy,TSL,,,,condition that means you get ill if you come into contact with a particular material,
alliance,NAWL|BSL|CEFR-J,B2,,n,A group of people or organizations being joined or associated,同盟；提携
allocate,NAWL|TSL|BSL,,,verb,To distribute or set apart for a plan or purpose,割り当てる
allocation,NAWL|BSL,,,n,The distribution of items set apart according to a plan or purpose,割り当て
allowance,BSL|CEFR-J,B1,,noun,,
aloud,CEFR-J,B1,,adverb,,
alpha,BSL,,,,,
alphabet,CEFR-J,B1,,noun,,
alphabetical,CEFR-J,B2,,adjective,,
altar,CEFR-J,B2,,noun,,
alternate,TSL|CEFR-J,B2,,verb,another option,
alternatively,TSL|CEFR-J,B2,,adverb,another option,
altitude,NAWL|CEFR-J,B2,,n,the height of something above sea level,高度
aluminum,NAWL|BSL|CEFR-J,B2,,n,very light silvery-white metal used to make cans,アルミニウム 
am,CEFR-J,A1,,be-verb,,
amateur,TSL,,,,"a beginner, not a professional, done for pleasure not for pay",
amazed,CEFR-J,B1,,adjective,,
amazement,CEFR-J,B2,,noun,,
amazing,CEFR-J,B1,,adjective,,
amazingly,CEFR-J,B2,,adverb,,
ambassador,TSL|BSL|CEFR-J,B2,,noun,"somebody who represents somehting, usually a country",
ambiguity,CEFR-J,B2,,noun,,
ambiguous,CEFR-J,B2,,adjective,,
ambition,BSL|CEFR-J,A2,,noun,,
ambitious,TSL|BSL|CEFR-J,B1,,adjective,"hard-working, wanting to achieve much",
ambulance,CEFR-J,B1,,noun,,
amend,BSL,,,,,
amenity,TSL,,,,"Something, like a swimming pool in a town, that makes life more comfortable and enjoyable.",
amid,BSL,,,,,
amino,NAWL,,,n,a substance that combines to form the structure of proteins,アミノ酸
ammonia,CEFR-J,B2,,noun,,
amongst,NAWL|BSL|CEFR-J,B2,,prep,in or through a group,～の間に；～の中の
amortization,BSL,,,,,
amortize,BSL,,,,,
ample,TSL|CEFR-J,B2,,adjective,more than enough of,
amplifier,CEFR-J,B2,,noun,,
amplify,CEFR-J,B2,,verb,,
amplitude,NAWL,,,n,"the breadth, width or largeness of something",振幅
amuse,TSL|CEFR-J,B2,,verb,to entertain,
amused,CEFR-J,A2,,adjective,,
amusement,CEFR-J,A2,,noun,,
amusing,CEFR-J,B1,,adjective,,
an,CEFR-J,A1,,determiner,,
analogy,NAWL|CEFR-J,B2,,n,comparison of things based on their similarity,類似；類推
analytic,BSL,,,,,
analytical,BSL,,,,,
ancestor,NAWL|CEFR-J,A2,,n,a person from your family that lived in the past,祖先
anchor,CEFR-J,B2,,noun,,
anchorage,CEFR-J,B2,,noun,,
anchorman,CEFR-J,B2,,noun,,
anchorperson,CEFR-J,B2,,noun,,
anew,TSL,,,,"starting over again, a fresh start",
angel,CEFR-J,A2,,noun,,
angrily,CEFR-J,A2,,adverb,,
anguish,CEFR-J,B2,,noun,,
animate,CEFR-J,B2,,verb,,
animated,CEFR-J,B1,,adjective,,
animation,CEFR-J,B1,,noun,,
ankle,CEFR-J,A2,,noun,,
anniversary,TSL|BSL|CEFR-J,A2,,noun,a date to remember,
announcer,TSL,,,,someone who gives a message publicly  ,
annoy,TSL|CEFR-J,A2,,verb,to bother or irritate,
annoyance,CEFR-J,B1,,noun,,
annoyed,CEFR-J,B1,,adjective,,
annoying,CEFR-J,A2,,adjective,,
annualize,BSL,,,,,
annually,TSL|BSL|CEFR-J,B1,,adverb,every 12 months,
annuity,BSL,,,,,
annum,BSL,,,,,
anonymous,CEFR-J,B2,,adjective,,
ant,CEFR-J,B1,,noun,,
anthropology,NAWL,,,n,the study of human origins and the development of society,人類学
anti,NAWL|BSL|CEFR-J,B1,,prefix,a prefix meaning 'against' or 'opposed',アンチ
antiaircraft,CEFR-J,B2,,adjective,,
antibacterial,CEFR-J,B2,,adjective,,
antibiotic,NAWL,,,adj,concerning medicine that is used to fight certain diseases,抗生物質，抗生物質の
antibody,NAWL,,,n,a defense provided by the body against disease,抗体
anticancer,CEFR-J,B2,,noun,,
anticipation,CEFR-J,B2,,noun,,
antipollution,CEFR-J,B2,,noun,,
antique,TSL|CEFR-J,B2,,adjective,"very old item, usually furniture or jewellery",
antiquity,NAWL,,,n,an ancient period; something made a long time ago,古代；古代に作られたもの
antistatic,CEFR-J,B2,,adjective,,
antitrust,BSL,,,,,
antivirus,CEFR-J,B2,,noun,,
antonym,CEFR-J,B1,,noun,,
anxiously,CEFR-J,B1,,adverb,,
anyhow,TSL|CEFR-J,B1,,adverb,"anyway, besides",
anytime,TSL,,,,"at a time you choose, it's not important when",
ape,CEFR-J,B1,,noun,,
apology,TSL|CEFR-J,B1,,noun,saying you are sorry for something,
apostrophe,CEFR-J,B2,,noun,,
appendix,NAWL|TSL,,,n,additional information at the end of a document,付録；追加
appetite,BSL|CEFR-J,B1,,noun,,
appetizer,TSL,,,,small amount of food eaten before the main meal,
applaud,CEFR-J,B1,,verb,,
applause,NAWL|CEFR-J,B1,,n,the sound made by clapping a performance or speech,拍手
apple,NAWL|TSL|BSL|CEFR-J,A1,,n,hard round red or green fruit with a white center,りんご
appliance,TSL|BSL,,,,a machine or device that does a particular task,
applicable,TSL|BSL,,,,relating to,
applicant,TSL|BSL|CEFR-J,B2,,noun,"a person who submits papers in order to do something, e.g. job applicant",
appraisal,TSL|BSL,,,,an evaluation ,
appreciation,TSL|BSL|CEFR-J,B1,,noun,to show thanks for something or someone,
appreciative,CEFR-J,B2,,adjective,,
apprehensive,TSL,,,,"uneasy, worried",
apprentice,TSL,,,,someone who is learning a trade by working with an expert,
appropriately,BSL|CEFR-J,B2,,adverb,,
approximate,NAWL|TSL|BSL|CEFR-J,B2,,adj,about; not exact but close,約；大体の；おおよその
approximation,NAWL|BSL,,,n,"something that is similar, but not an exact copy",近似
april,NGSL|CEFR-J,A1,,noun,,
apron,CEFR-J,A1,,noun,,
arbitrage,BSL,,,,,
arbitrary,NAWL|BSL,,,adj,unsupported,任意の; 気ままな
arbitration,BSL,,,,,
arc,TSL,,,,"a curved line, like part of a circle",
arch,CEFR-J,B2,,noun,,
archaeologist,CEFR-J,B2,,noun,,
archaeology,NAWL,,,n,"the study of ancient societies by looking at old tools, bones and buildings",考古学
architect,NAWL|TSL|BSL|CEFR-J,B1,,n,person who designs and advises on buildings,建築家
architectural,TSL,,,,to do with the design of buildings,
archive,TSL|BSL,,,,a place where documents are kept for a long time,
arctic,CEFR-J,B2,,adjective,,
are,CEFR-J,A1,,be-verb,,
arena,CEFR-J,B2,,noun,,
arguably,BSL,,,,,
aristocracy,CEFR-J,B2,,noun,,
arithmetic,CEFR-J,B1,,noun,,
armchair,CEFR-J,A2,,noun,,
armed,CEFR-J,A2,,adjective,,
armful,CEFR-J,B2,,noun,,
arouse,CEFR-J,B2,,verb,,
array,NAWL|BSL,,,n,a large group of people or things; a regular order or arrangement; in maths: a series of figures.,配列
arrogant,CEFR-J,B2,,adjective,,
arrow,NAWL|CEFR-J,B1,,n,a symbol to give direction; a long piece of wood shot from a bow,矢印
artery,CEFR-J,B2,,noun,,
articulate,NAWL|CEFR-J,B2,,verb,to express something clearly using language,考えをはっきり言う
artifact,NAWL,,,n,"object made by humans, e.g. ancient tool",工芸品；人工遺物
artificial,NAWL|BSL|CEFR-J,A2,,adj,not made by people; not created by nature,人工の
artificially,CEFR-J,B2,,adverb,,
artistic,NAWL|TSL|CEFR-J,B1,,adj,"Being able to paint, write music, etc.; creative",芸術的な
artistry,CEFR-J,B2,,noun,,
artwork,NAWL,,,n,photographs or pictures in a printed publication,作品
ash,CEFR-J,B2,,noun,,
asleep,TSL|CEFR-J,A2,,adjective,"not awake, in sleep",
aspect,NAWL|TSL|BSL|CEFR-J,B1,,n,"an element, feature, or quality of something",面；様相
aspiration,CEFR-J,B2,,noun,,
aspire,CEFR-J,B2,,verb,,
aspirin,CEFR-J,B1,,noun,,
assault,BSL|CEFR-J,B2,,noun,,
assemble,TSL|BSL|CEFR-J,B2,,verb,to gather people together,
assembly,NAWL|TSL|BSL|CEFR-J,B2,,n,a group of machine parts forming a tool or machine,組み立て
assert,NAWL|BSL|CEFR-J,B2,,verb,To state or declare your ideas positively strongly,断言する
assertion,BSL,,,,,
assignment,NAWL|TSL|BSL|CEFR-J,B1,,n,A duty that you are give to do (especially in the armed forces),任務； 業務； 職
assurance,TSL|BSL|CEFR-J,B2,,noun,certainty or full confidence,
astonish,CEFR-J,B2,,verb,,
astonished,CEFR-J,B2,,adjective,,
astonishing,CEFR-J,B2,,adjective,,
astonishment,CEFR-J,B2,,noun,,
astronaut,CEFR-J,A2,,noun,,
astronomer,CEFR-J,B1,,noun,,
astronomy,CEFR-J,B2,,noun,,
asylum,BSL,,,,,
athletic,NAWL|TSL|CEFR-J,B1,,adj,fit and strong; physically capable,たくましい；強健な
athletics,CEFR-J,B2,,noun,,
atlantic,CEFR-J,B1,,adjective,,
atom,NAWL|BSL|CEFR-J,A2,,n,smallest bit that matter can be broken down into,原子
atomic,NAWL|CEFR-J,B1,,adj,concerning atoms,原子の
attached,CEFR-J,B2,,adjective,,
attain,TSL|BSL|CEFR-J,B1,,verb,to get or achieve,
attainable,CEFR-J,B2,,adjective,,
attainment,CEFR-J,B2,,noun,,
attendant,TSL,,,,someone who waits on or tends to the needs of another  ,
attendee,TSL,,,,someone present (at a meeting or event),
attentive,CEFR-J,B2,,adjective,,
attentively,CEFR-J,B2,,adverb,,
attire,TSL,,,,clothing,
attorney,TSL|BSL,,,,lawyer,
attractiveness,CEFR-J,B2,,noun,,
attributable,BSL,,,,,
atypical,CEFR-J,B2,,adjective,,
aubergine,CEFR-J,B2,,noun,,
auction,NAWL|TSL|BSL,,,verb,To sell to a person offering the highest price,競売で売る
audio,NAWL|BSL|CEFR-J,A2,,adj,concerning sound,音声の
audit,NAWL|TSL|BSL|CEFR-J,B2,,verb,to examine carefully for accuracy,監査
audition,TSL|CEFR-J,B2,,noun,a try out done by a performer to test whether they have the skills to do the job,
auditor,TSL|BSL,,,,a person who checks to make sure things are correct,
auditorium,TSL,,,,the area of a theater or concert hall where the audience sits  ,
august,NGSL|CEFR-J,A1,,noun,,
authentic,TSL,,,,"real, not fake",
authoritative,CEFR-J,B2,,adjective,,
authority,NAWL|TSL|BSL|CEFR-J,B1,,n,"people in positions of power, able to decide things",権力者； 権限者
authorization,TSL|BSL,,,,the permission given to do something,
authorize,TSL|BSL|CEFR-J,B2,,verb,to give permission for something,
auto,TSL|BSL,,,,car,
automate,TSL|BSL,,,,To make a process that does a task over and over again by machine,
automatic,TSL|BSL|CEFR-J,A2,,adjective,done without thinking,
automobile,TSL|BSL,,,,long name for 'car',
automotive,TSL,,,,of or relating to motor vehicles,
autonomous,BSL,,,,,
autonomy,NAWL|BSL,,,n,the power to make independent decisions,自治権；自立性
auxiliary,CEFR-J,B1,,adjective,,
availability,NAWL|TSL|BSL|CEFR-J,B2,,n,being present and able to be used,可用性；利用可能
avenue,CEFR-J,B1,,noun,,
averse,BSL,,,,,
aversion,BSL,,,,,
aviation,BSL,,,,,
await,TSL|BSL|CEFR-J,B2,,verb,"to wait for, or expect, something to happen",
awake,CEFR-J,A1,,adjective,,
awe,CEFR-J,B2,,noun,,
awesome,CEFR-J,B1,,adjective,,
awkward,BSL|CEFR-J,B1,,adjective,,
ax,CEFR-J,B2,,noun,,
axiom,NAWL,,,n,a statement that is accepted as true,公理
axis,NAWL|BSL|CEFR-J,B2,,n,"a line about which a rotating body, such as the earth, turns.",軸
babysit,CEFR-J,B1,,verb,,
babysitter,CEFR-J,B1,,noun,,
backache,CEFR-J,B1,,noun,,
backpack,TSL|CEFR-J,B1,,noun,a bag with shoulder straps worn on the back,
backpacker,CEFR-J,B1,,noun,,
backpacking,CEFR-J,B1,,noun,,
backup,CEFR-J,B2,,noun,,
backward,NAWL|BSL|CEFR-J,B2,,adv,toward what is behind you,後ろへ
backyard,CEFR-J,B2,,noun,,
bacon,CEFR-J,B1,,noun,,
bacteria,NAWL|TSL,,,n,the very small creatures that sometimes cause disease in humans and animals,細菌
bacterial,NAWL,,,adj,concerning or caused by bacteria,細菌の
bad-tempered,CEFR-J,B2,,adjective,,
badge,TSL|CEFR-J,B2,,noun,a small piece of material with your name and details on that you wear to show who you are,
badminton,CEFR-J,A2,,noun,,
baggage,TSL|CEFR-J,B1,,noun,travel bags,
bail,BSL,,,,,
bake,TSL|CEFR-J,A2,,verb,to cook things inside the oven,
baker,TSL|CEFR-J,B1,,noun,someone who bakes for a living ,
bakery,TSL|CEFR-J,B1,,noun,a place where baked goods (breads and cakes and pastries) are made and sold,
balanced,CEFR-J,B2,,adjective,,
balcony,TSL|CEFR-J,A2,,noun,a small floor area with a wall or fence round it that is joined to the outside of a building,
bald,CEFR-J,B1,,adjective,,
balky,CEFR-J,B2,,adjective,,
ballad,CEFR-J,B2,,noun,,
ballet,CEFR-J,B2,,noun,,
balloon,TSL|CEFR-J,A2,,noun,a colorful round object made of rubber that is filled with air,
ballot,BSL|CEFR-J,B2,,noun,,
ballroom,TSL,,,,large room used mainly for dancing  ,
banana,CEFR-J,A1,,noun,,
bandage,CEFR-J,B1,,noun,,
bang,NAWL|CEFR-J,B1,,verb,to strike something loudly or forcefully,たたく；ぶつける
bank account,CEFR-J,B1,,noun,,
banker,TSL|BSL|CEFR-J,B2,,noun,someone who works for the bank,
banking,CEFR-J,A2,,noun,,
bankrupt,TSL|BSL|CEFR-J,B2,,verb,to have no more money,
bankruptcy,TSL|BSL|CEFR-J,B2,,noun,the act of having no more money to pay bills,
banquet,TSL,,,,a formal meal given for a lot of people,
barbecue,TSL|CEFR-J,A2,,noun,"meal that has been cooked on a grill, outdoors",
barber,CEFR-J,A2,,noun,,
barbershop,CEFR-J,B2,,noun,,
bare,CEFR-J,B1,,adjective,,
bargain,NAWL|TSL|BSL|CEFR-J,A2,,n,something bought for a lower price than expected,バーゲン； 安売り
bark,CEFR-J,B1,,noun,,
barley,CEFR-J,B2,,noun,,
barman,CEFR-J,B1,,noun,,
barn,CEFR-J,B2,,noun,,
barometer,CEFR-J,B2,,noun,,
barrel,NAWL|BSL|CEFR-J,B1,,n,a round container with curved sides and flat ends,樽；バレル
barren,CEFR-J,B2,,adjective,,
bartender,CEFR-J,B2,,noun,,
baseball,TSL|BSL|CEFR-J,A1,,noun,a sports game with a bat and ball,
baseline,BSL,,,,,
basement,TSL|CEFR-J,B1,,noun,the level under the ground floor,
basin,NAWL|CEFR-J,B1,,n,a sink; a place in a bathroom to wash your face,たらい；盆地
basket,TSL|BSL|CEFR-J,A2,,noun,a container made of pieces of wood,
basketball,TSL|CEFR-J,A1,,noun,a game played by two teams who try to score goals by throwing the ball,
bat,NAWL|CEFR-J,A1,,n,object used for hitting a ball in various games,バット
batch,BSL|CEFR-J,A2,,noun,,
bathe,CEFR-J,B1,,verb,,
bathhouse,CEFR-J,B2,,noun,,
bathroom,TSL|CEFR-J,A1,,noun,a room where there is a bath and/or a shower,
battery,TSL|BSL|CEFR-J,A2,,noun,something that produces electric energy,
battlefield,CEFR-J,B2,,noun,,
bay,CEFR-J,A2,,noun,,
beagle,CEFR-J,B2,,noun,,
beak,CEFR-J,B2,,noun,,
beam,NAWL|BSL|CEFR-J,B2,,n,a long piece of metal or wood; a line of light or energy,梁（はり）；光線；ビーム
bean,TSL|CEFR-J,A1,,noun,a long thin green vegetable,
beard,CEFR-J,B1,,noun,,
bearing,CEFR-J,B2,,noun,,
beast,CEFR-J,B1,,noun,,
beautifully,CEFR-J,B1,,adverb,,
beautify,CEFR-J,B2,,verb,,
beaver,CEFR-J,B1,,noun,,
because of,CEFR-J,B1,,preposition,,
bedside,CEFR-J,B1,,noun,,
bee,CEFR-J,A1,,noun,,
beef,BSL|CEFR-J,A1,,noun,,
been,CEFR-J,A2,,be-verb,,
beforehand,TSL,,,,earlier in time,
beg,CEFR-J,A2,,verb,,
beginner,TSL|CEFR-J,A2,,noun,to be new at something,
beginning,CEFR-J,A2,,noun,,
behalf,TSL|BSL|CEFR-J,B1,,noun,"to speak or do something for someone else, e.g. on behalf of…",
behavioral,NAWL|BSL,,,adj,concerning the way people act,行動の
being,CEFR-J,A2,,noun,,
bellow,CEFR-J,B2,,verb,,
belly,CEFR-J,A2,,noun,,
belongings,CEFR-J,B2,,noun,,
beloved,CEFR-J,B1,,adjective,,
bench,TSL|CEFR-J,A2,,noun,"a long, usually wooden, seat found mainly in parks",
benchmark,BSL,,,,,
beneficial,TSL|BSL|CEFR-J,B2,,adjective,"good for you, positive effect",
beneficiary,BSL,,,,,
benevolence,CEFR-J,B2,,noun,,
benevolent,CEFR-J,B2,,adjective,,
bent,CEFR-J,B1,,adjective,,
berry,CEFR-J,B2,,noun,,
best,CEFR-J,A1,,adjective,,
bestow,CEFR-J,B2,,verb,,
bestseller,CEFR-J,B2,,noun,,
beta,BSL,,,,,
betray,CEFR-J,B2,,verb,,
better,CEFR-J,A1,,adjective,,
beverage,TSL|BSL,,,,any liquid suitable for drinking,
bewilder,CEFR-J,B2,,verb,,
bewilderment,CEFR-J,B2,,noun,,
bicycle,TSL|CEFR-J,A1,,noun,a vehicle with two wheels and pedals ,
bidder,BSL,,,,,
bidding,CEFR-J,B2,,noun,,
bikini,CEFR-J,B2,,noun,,
bilateral,BSL,,,,,
bilingual,NAWL|CEFR-J,B1,,adj,being able to speak two languages well,バイリンガル
billion,NGSL|CEFR-J,B2,,noun,,
binary,NAWL,,,adj,"having two parts; using only 2 numbers, 1 and 0",２つの；２進法の
bio,CEFR-J,B2,,noun,,
biochemistry,CEFR-J,B1,,noun,,
biodiversity,NAWL,,,n,"the variation in an environment, the number of different types of life found there",生物多様性
biography,TSL|BSL|CEFR-J,B1,,noun,someone's life story,
biologist,NAWL,,,n,a scientist who studies living things,生物学者
biology,NAWL|TSL|CEFR-J,B1,,n,the study of living things,生物学
biotechnology,CEFR-J,B2,,noun,,
birdcage,CEFR-J,B2,,noun,,
birthday,TSL|CEFR-J,A1,,noun,the day in the year on which a person was born  ,
birthplace,CEFR-J,B2,,noun,,
biscuit,CEFR-J,A1,,noun,,
bishop,CEFR-J,B1,,noun,,
bitter,BSL|CEFR-J,B1,,adjective,,
bitterly,CEFR-J,B2,,adverb,,
bizarre,NAWL|CEFR-J,B2,,adj,odd or strange,奇妙な
blackboard,CEFR-J,A2,,noun,,
blade,CEFR-J,B2,,noun,,
blank,NAWL|BSL|CEFR-J,A1,,adj,being empty; not filled out; with no writing on it,空白
blanket,TSL|CEFR-J,A2,,noun,a large piece of cloth used to cover someone or something,
blast,BSL|CEFR-J,B2,,noun,,
blaze,CEFR-J,B2,,noun,,
bleed,NAWL|CEFR-J,B1,,verb,to lose blood because of an injury,出血する
blend,BSL|CEFR-J,B2,,noun,,
blessing,CEFR-J,B1,,noun,,
blindly,CEFR-J,B2,,adverb,,
blindness,CEFR-J,B2,,noun,,
blink,CEFR-J,B2,,verb,,
blog,BSL|CEFR-J,B1,,noun,,
blogger,CEFR-J,B1,,noun,,
blonde,CEFR-J,A2,,adjective,,
bloodstream,CEFR-J,B2,,noun,,
bloom,CEFR-J,A2,,noun,,
blooming,CEFR-J,B2,,adjective,,
blossom,CEFR-J,B2,,noun,,
blueprint,TSL,,,,a drawing or plan to show what the finished thing will look like,
blur,CEFR-J,B2,,verb,,
blurt,CEFR-J,B2,,noun,,
blush,CEFR-J,B1,,noun,,
board game,CEFR-J,A2,,noun,,
boardroom,TSL,,,,a room where the board of directors of a company hold meetings  ,
boast,BSL|CEFR-J,B1,,verb,,
bodily,NAWL,,,adv,"physically, as when lifting someone",身体の
boil,CEFR-J,A2,,verb,,
boiled,CEFR-J,A2,,adjective,,
boiling,CEFR-J,B2,,adjective,,
bold,BSL|CEFR-J,B1,,adjective,,
boldly,CEFR-J,B1,,adverb,,
bolster,BSL,,,,,
bolt,CEFR-J,B2,,noun,,
bombard,CEFR-J,B2,,noun,,
bomber,BSL|CEFR-J,B2,,noun,,
bombing,CEFR-J,B2,,noun,,
bondholder,BSL,,,,,
bonus,NAWL|TSL|BSL|CEFR-J,A2,,n pl.,extra money for achieving/exceeding target,ボーナス；賞与
bony,CEFR-J,B2,,adjective,,
bookcase,TSL|CEFR-J,A2,,noun,a piece of furniture with shelves for storing books  ,
booking,CEFR-J,B1,,noun,,
bookish,CEFR-J,B2,,adjective,,
booklet,TSL|CEFR-J,B2,,noun,"a small book, leaflet, or brochure",
bookmark,CEFR-J,B2,,noun,,
bookshelf,CEFR-J,A2,,noun,,
bookshop,CEFR-J,A2,,noun,,
bookstore,TSL|CEFR-J,A1,,noun,A place where you go to buy books,
booth,TSL|CEFR-J,B2,,noun,"an enclosed space like a cubicle, stall or stand",
bored,CEFR-J,A2,,adjective,,
boredom,CEFR-J,B1,,noun,,
boring,CEFR-J,A1,,adjective,,
born,TSL|BSL,,,,brought to life,
borrower,BSL,,,,,
bossy,CEFR-J,B2,,adjective,,
botany,CEFR-J,B2,,noun,,
bothered,CEFR-J,B2,,adjective,,
bothersome,CEFR-J,B2,,adjective,,
bounce,BSL|CEFR-J,B2,,noun,,
bound,NAWL|TSL|BSL|CEFR-J,B1,,verb,to go to a specified place; to jump,縛られた
bourbon,CEFR-J,B2,,noun,,
bow,CEFR-J,B1,,noun,,
boxer,CEFR-J,B2,,noun,,
boxing,CEFR-J,B1,,noun,,
boycott,BSL,,,,,
boyfriend,CEFR-J,A1,,noun,,
bra,CEFR-J,A2,,noun,,
bracelet,CEFR-J,B1,,noun,,
bracket,NAWL|BSL|CEFR-J,B2,,n,a 90 degree piece of metal used to support a wall shelf,括弧
brag,CEFR-J,B2,,noun,,
brainstorm,TSL|CEFR-J,A2,,noun,a group discussion to come up with a lot of ideas very quickly,
brainstorming,CEFR-J,B1,,noun,,
brake,TSL|CEFR-J,A2,,noun,to stop a vehicle by pressing a pedal,
brand-new,CEFR-J,B1,,adjective,,
brass,CEFR-J,B1,,noun,,
brave,BSL|CEFR-J,A2,,adjective,,
bravely,CEFR-J,B1,,adverb,,
bravery,CEFR-J,B2,,noun,,
breach,BSL,,,,,
breakable,CEFR-J,B2,,adjective,,
breakdown,NAWL|BSL|CEFR-J,B2,,n,when normal activity or behaviour stops,故障；破壊
breakthrough,BSL|CEFR-J,B1,,noun,,
breakup,CEFR-J,B2,,noun,,
breathless,CEFR-J,B1,,adjective,,
breathtaking,CEFR-J,B2,,adjective,,
breeding,CEFR-J,B1,,noun,,
breeze,CEFR-J,A2,,noun,,
breezy,CEFR-J,B2,,adjective,,
brewery,CEFR-J,B2,,noun,,
bribe,BSL,,,,,
brick,BSL|CEFR-J,B1,,noun,,
bride,CEFR-J,A2,,noun,,
briefcase,TSL,,,,a small case with a handle usually used for carrying business papers,
brightly,CEFR-J,B1,,adverb,,
brilliantly,CEFR-J,B2,,adverb,,
broadband,BSL|CEFR-J,B2,,noun,,
broadcaster,CEFR-J,B2,,noun,,
broaden,TSL|BSL|CEFR-J,B2,,verb,to widen ,
broadly,NAWL|BSL|CEFR-J,B2,,adv,in a general (not detailed) manner,広く
broccoli,CEFR-J,B1,,noun,,
brochure,TSL|BSL|CEFR-J,B2,,noun,a small paper book that gives information about a product or service,
broken,CEFR-J,A1,,adjective,,
broker,TSL|BSL,,,,someone who buys and sells thing for a percentage of sales,
brokerage,BSL,,,,,
bronze,CEFR-J,B1,,noun,,
broom,TSL,,,,a brush with a long handle used for sweeping the dirt from the floor,
brother-in-law,CEFR-J,B2,,noun,,
brotherhood,CEFR-J,B1,,noun,,
browse,TSL|CEFR-J,B2,,verb,"look or leaf through casually, like looking through a book without really reading it",
browser,BSL|CEFR-J,B2,,noun,,
bruise,CEFR-J,B2,,noun,,
brutal,BSL,,,,,
bubble,NAWL|BSL|CEFR-J,B1,,n,a small ball of air inside of a liquid,泡
bucket,NAWL|CEFR-J,A1,,n,open container with a handle used to carry liquids,バケツ
bud,CEFR-J,B2,,noun,,
buddy,CEFR-J,B1,,noun,,
buffer,BSL,,,,,
buffet,TSL,,,,a meal consisting of a number of different dishes from which people serve themselves,
bug,TSL|BSL|CEFR-J,A2,,noun,an insect,
builder,BSL|CEFR-J,B1,,noun,,
building,CEFR-J,A1,,noun,,
bulb,TSL|CEFR-J,A2,,noun,"the shape of a teardrop, e.g. light bulb",
bulimia,CEFR-J,B2,,noun,,
bulk,NAWL|TSL|BSL,,,n,big size; largeness; heaviness,体積； 容積； 多量
bull,BSL|CEFR-J,B1,,noun,,
bullet,NAWL|BSL|CEFR-J,B1,,n,metal object fired from a gun,弾丸
bulletin,TSL|CEFR-J,B1,,noun,a short news report,
bully,BSL|CEFR-J,B2,,verb,,
bum,CEFR-J,B2,,noun,,
bump,CEFR-J,B1,,verb,,
bumper,CEFR-J,B2,,noun,,
bun,CEFR-J,B2,,noun,,
bundle,NAWL|BSL,,,n,a group of things that are tied together,束，束ねる
burdensome,CEFR-J,B2,,adjective,,
bureau,CEFR-J,B1,,noun,,
bureaucracy,BSL|CEFR-J,B2,,noun,,
bureaucrat,BSL,,,,,
bureaucratic,BSL,,,,,
burger,CEFR-J,A1,,noun,,
burglar,CEFR-J,B1,,noun,,
burglary,CEFR-J,B2,,noun,,
burgle,CEFR-J,B2,,verb,,
burial,CEFR-J,B2,,noun,,
burning,CEFR-J,B1,,adjective,,
bus station,CEFR-J,A2,,noun,,
bus stop,CEFR-J,A2,,noun,,
bush,CEFR-J,A2,,noun,,
businessman,TSL|BSL|CEFR-J,A2,,noun,"a man who works in commercial or industrial business, especially an owner or executive  ",
businessperson,TSL,,,,"a person who works in commercial or industrial business, especially an owner or executive  ",
businesswoman,CEFR-J,A2,,noun,,
bust,BSL|CEFR-J,B1,,verb,,
bustle,CEFR-J,B2,,verb,,
bustling,CEFR-J,B2,,adjective,,
butcher,CEFR-J,B1,,noun,,
butter,TSL|CEFR-J,A1,,noun,"a kind of soft spread for bread, made from cow's milk",
butterfly,CEFR-J,A1,,noun,,
buyout,BSL,,,,,
buzz,CEFR-J,B2,,noun,,
by-law,TSL,,,,,
bye,TSL|CEFR-J,A1,,noun,opposite of 'hello',
cab,TSL|CEFR-J,A2,,noun,taxi,
cabbage,CEFR-J,B1,,noun,,
cabin,TSL|CEFR-J,B1,,noun,a small house in the forest,
cabinet,TSL|BSL|CEFR-J,B2,,noun,a piece of furniture with shelves to store things,
cafe,CEFR-J,A1,,noun,,
cafeteria,TSL|CEFR-J,A2,,noun,a restaurant where you serve yourself and pay a cashier  ,
cage,TSL|CEFR-J,B1,,noun,a box-like crate usually made of steel,
calcium,NAWL,,,n,"a substance important for human and animal health, particularly for making bones and teeth",カルシウム
calculation,NAWL|TSL|BSL|CEFR-J,B1,,n,process or result of using mathematics,計算
calculator,NAWL|TSL|BSL|CEFR-J,B1,,n,a small electronic device used for calculation,計算機
calculus,NAWL,,,n,a type of mathematics used for calculating such things as the slopes of curves,結石、微積分（数学）
calendar,TSL|BSL|CEFR-J,A2,,noun,something you hang on the wall that has the months of the year on it,
calf,CEFR-J,B1,,noun,,
caller,TSL|CEFR-J,B1,,noun,the person that is phoning you,
calmly,CEFR-J,B2,,adverb,,
calmness,CEFR-J,B1,,noun,,
camel,CEFR-J,B1,,noun,,
camping,CEFR-J,A2,,noun,,
campsite,CEFR-J,B1,,noun,,
campus,NAWL|TSL|BSL|CEFR-J,A2,,n pl.,"the site of an institution, such as a university campus",キャンパス
canal,CEFR-J,B1,,noun,,
cancellation,TSL|BSL,,,,when something is not going to happen after all,
candidate,NAWL|TSL|BSL|CEFR-J,B2,,n,a person who is selected by others as a contestant for an office or honor,候補者
candle,CEFR-J,B1,,noun,,
candy,TSL|CEFR-J,A1,,noun,"a very sweet food, made from sugar and other things, that is good to eat",
cane,CEFR-J,B2,,noun,,
canned,CEFR-J,B1,,adjective,,
cannonball,CEFR-J,B2,,noun,,
canon,CEFR-J,B2,,noun,,
canteen,CEFR-J,B1,,noun,,
capillary,NAWL,,,n,very small blood vessels,毛細血管
capita,BSL,,,,,
capital letter,CEFR-J,A2,,noun,,
capitalism,NAWL|BSL,,,n,economic system based on private ownership of money,資本主義
capitalist,NAWL|BSL,,,n,one believing in private ownership of money,資本家； 資本主義者
capitalization,BSL,,,,,
capitalize,BSL,,,,,
capsule,CEFR-J,B1,,noun,,
captain,TSL|BSL|CEFR-J,A2,,noun,the person in charge of a ship or airplane,
caption,CEFR-J,B2,,noun,,
captive,CEFR-J,B2,,noun,,
car park,CEFR-J,A2,,noun,,
caravan,CEFR-J,B2,,noun,,
carbon dioxide,CEFR-J,B2,,noun,,
carbon footprint,CEFR-J,B2,,noun,,
carbon monoxide,CEFR-J,B2,,noun,,
cardboard,CEFR-J,B2,,noun,,
cardigan,CEFR-J,B2,,noun,,
carefree,CEFR-J,B2,,adjective,,
careless,TSL|CEFR-J,B1,,adjective,to do something with little care or attention,
carelessly,CEFR-J,B1,,adverb,,
carelessness,CEFR-J,B1,,noun,,
cargo,TSL|BSL,,,,the things carried in the hold of an airplane or on a truck,
caring,CEFR-J,B2,,adjective,,
carmaker,BSL,,,,,
carnival,CEFR-J,B2,,noun,,
carpenter,TSL,,,,a person makes and mends things made of wood for a liviing,
carpool,CEFR-J,B2,,noun,,
carriage,CEFR-J,B1,,noun,,
carrier,NAWL|TSL|BSL,,,n,"a company, usually an airline, that carries things",運送業；航空会社；電話会社
carrot,CEFR-J,A2,,noun,,
cart,TSL,,,,a wagon or truck used to for transport,
cartel,BSL,,,,,
carton,TSL|CEFR-J,B1,,noun,a box made of cardboard or plastic in which things like milk and juice are sold,
cartoon,CEFR-J,A1,,noun,,
cartridge,TSL,,,,"a piece of the equipment that is a sealed unit, and that can be taken out and replaced ",
carve,CEFR-J,B2,,verb,,
cascade,CEFR-J,B2,,noun,,
cashier,TSL,,,,the person whose job it is to take the money you pay for goods or services,
cashpoint,CEFR-J,B1,,noun,,
casino,BSL,,,,,
cassette,CEFR-J,A2,,noun,,
casual,TSL|BSL|CEFR-J,B1,,adjective,"uncertain, unplanned",
casually,CEFR-J,B2,,adverb,,
casualty,BSL,,,,,
catalyst,CEFR-J,B2,,noun,,
catastrophe,BSL|CEFR-J,B2,,noun,,
catastrophic,CEFR-J,B2,,adjective,,
catchy,CEFR-J,B2,,adjective,,
categorization,CEFR-J,B2,,noun,,
categorize,CEFR-J,B1,,verb,,
cater,TSL|BSL,,,,to make and deliver food ,
caterer,TSL,,,,the person who makes food and delivers it for a living,
catering,CEFR-J,B2,,noun,,
cathedral,CEFR-J,B2,,noun,,
cattle,NAWL|BSL|CEFR-J,B1,,n,cows or bulls on a farm,畜牛
caution,TSL|BSL|CEFR-J,B1,,noun,a warning to be careful,
cautious,TSL|BSL|CEFR-J,B1,,adjective,to be careful,
cave,CEFR-J,B1,,noun,,
cd,CEFR-J,A1,,noun,,
cd player,CEFR-J,A1,,noun,,
cd-rom,CEFR-J,B1,,noun,,
cease,BSL|CEFR-J,B2,,verb,,
ceasefire,BSL,,,,,
ceiling,TSL|BSL|CEFR-J,B2,,noun,the thing that covers the room up high,
celebrity,TSL|BSL|CEFR-J,B1,,noun,someone famous,
cellar,CEFR-J,B2,,noun,,
cellist,CEFR-J,B2,,noun,,
cello,CEFR-J,B2,,noun,,
cellphone,TSL,,,,phone that connects to the system by radio so that you can use it anywhere,
cemetery,CEFR-J,B2,,noun,,
censor,NAWL,,,n,"to remove parts of a book, film or letter for moral, religious, or political reasons",検閲官，検閲する
census,BSL,,,,,
centigrade,CEFR-J,B2,,noun,,
centimeter,TSL|CEFR-J,A2,,noun,"a form of measurement,  e.g. there are 100 cm in a meter",
central heating,CEFR-J,B1,,noun,,
centralize,BSL,,,,,
cereal,CEFR-J,A2,,noun,,
certainty,BSL|CEFR-J,B1,,noun,,
certificate,TSL|BSL|CEFR-J,B2,,noun,a piece of paper stating you did something,
certification,TSL|BSL|CEFR-J,B2,,noun,written proof that you did something or that something is good enough,
certify,TSL|BSL|CEFR-J,B2,,verb,to state something is real or correct,
chairperson,TSL,,,,the person in charge of a meeting,
challenging,CEFR-J,B1,,adjective,,
champagne,CEFR-J,A2,,noun,,
chancellor,BSL|CEFR-J,B2,,noun,,
chaos,BSL|CEFR-J,B1,,noun,,
chaotic,CEFR-J,B2,,adjective,,
characterization,NAWL,,,n,the way someone or something is described,特徴付けること
chariot,CEFR-J,B1,,noun,,
charitable,TSL|BSL,,,,giving free money or help of some kind to someone who needs it,
charming,CEFR-J,B2,,adjective,,
charter,BSL,,,,,
chat show,CEFR-J,B1,,noun,,
cheaply,BSL,,,,,
cheat,NAWL|BSL|CEFR-J,B2,,verb,To act in dishonest manner to gain an advantage,だます
check-in counter,CEFR-J,B1,,noun,,
check-in desk,CEFR-J,B1,,noun,,
checkout,TSL|CEFR-J,B1,,noun,the latest time that you must vacate a hotel room,
checkpoint,CEFR-J,B2,,noun,,
checkup,TSL,,,,a test to see that all is as it should be,
cheeky,CEFR-J,B2,,adjective,,
cheer,TSL|BSL|CEFR-J,A2,,verb,"to cheer on, shout encouragement",
cheerful,CEFR-J,B1,,adjective,,
cheerfully,CEFR-J,B2,,adverb,,
cheerfulness,CEFR-J,B2,,noun,,
cheers,NAWL,,,n,a toast used when raising your glass to drink,乾杯
cheeseburger,TSL,,,,a hamburger with melted cheese on it  ,
chef,TSL|CEFR-J,A2,,noun,a person who cooks for a living,
chemist,CEFR-J,B1,,noun,,
chemistry,NAWL|TSL|CEFR-J,B1,,n,the study of the structure of substances,化学
chemotherapy,NAWL|CEFR-J,B2,,n,"the treatment of diseases, such as cancer, using chemicals",化学療法
cheque,BSL|CEFR-J,A2,,noun,,
cherish,CEFR-J,B1,,verb,,
cherished,CEFR-J,B2,,adjective,,
cherry,CEFR-J,B2,,noun,,
chess,NAWL|CEFR-J,A2,,n,"a game of strategy, for two players",チェス
chest of drawers,CEFR-J,B1,,noun,,
chew,CEFR-J,B2,,verb,,
chewing gum,CEFR-J,B1,,noun,,
childish,CEFR-J,B2,,adjective,,
chili,CEFR-J,A2,,noun,,
chilly,TSL,,,,when the weather is cold and causing you to shiver,
chimney,CEFR-J,B2,,noun,,
chimpanzee,CEFR-J,A2,,noun,,
chin,CEFR-J,A2,,noun,,
chirp,CEFR-J,A2,,noun,,
chloride,NAWL,,,n,a chemical compound that is a mixture of chlorine and something else,塩化物
choir,CEFR-J,B1,,noun,,
choke,CEFR-J,B1,,verb,,
chop,CEFR-J,B2,,verb,,
christian,CEFR-J,B1,,adjective,,
chromosome,NAWL,,,n,cell structures that carry the genetic material that is copied and passed to the next generation.,染色体
chronic,NAWL|TSL,,,adj,over a long time; serious,慢性的な
chronological,CEFR-J,B1,,adjective,,
chuckle,CEFR-J,B1,,noun,,
chunk,NAWL|BSL|CEFR-J,B2,,n,a large bit of something; thick lump,大きな塊
cinema,NAWL|TSL|BSL|CEFR-J,A1,,n,a place for showing movies,映画；映画館
circa,NAWL,,,n,an approximate time period,約（年号に使われる）
circuit,TSL|BSL|CEFR-J,B2,,noun,a set path you move along,
circuitry,CEFR-J,B2,,noun,,
circular,CEFR-J,B1,,adjective,,
circulate,NAWL|TSL|BSL,,,verb,to go round continuously,循環する
circulation,NAWL|TSL|BSL,,,n,the movement of blood through the body,循環
circus,TSL|CEFR-J,B1,,noun,a showy or noisy performance,
citation,BSL,,,,,
citizenship,BSL|CEFR-J,B1,,noun,,
citywide,CEFR-J,B2,,adjective,,
civilization,NAWL|CEFR-J,B1,,n,a highly developed society,文明
clam,CEFR-J,B2,,noun,,
clap,TSL|CEFR-J,B2,,verb,hitting your hands together to make a noise to show you enjoyed something,
clarify,NAWL|TSL|BSL|CEFR-J,B2,,verb,to state again so that a point is clearer,明確にする
clarity,BSL,,,,,
clash,BSL,,,,,
classical music,CEFR-J,A2,,noun,,
classification,NAWL|BSL|CEFR-J,B2,,n,putting similar items into groups or sets,分類
classify,NAWL|TSL|BSL|CEFR-J,B1,,verb,To arrange things into groups of similar items,分類する
classmate,TSL|CEFR-J,A1,,noun,Someone studying in your class with you,
classroom,NAWL|BSL|CEFR-J,A1,,n,room in a school where lessons take place,教室
clay,NAWL,,,n,"heavy, sticky earth used to make pottery",粘土
cleaner,TSL|BSL|CEFR-J,A2,,noun,someone who cleans  for a living,
cleanliness,TSL,,,,"state of being not dirty, clean",
clearness,CEFR-J,B2,,noun,,
cleric,BSL,,,,,
clerical,CEFR-J,B2,,adjective,,
clerk,TSL|CEFR-J,A2,,noun,someone who works at a counter,
clever,NAWL|BSL|CEFR-J,A1,,adj,Showing intelligence; quick to understand or learn,利口な
click,NAWL|TSL|BSL|CEFR-J,B1,,verb,to press a computer mouse to do something on a computer,クリックする
client,NAWL|TSL|BSL|CEFR-J,B2,,n,person paying for professional services,依頼人；顧客
cliff,CEFR-J,B1,,noun,,
climate change,CEFR-J,B2,,noun,,
climber,CEFR-J,B1,,noun,,
climbing,CEFR-J,A2,,noun,,
clinic,NAWL|TSL|BSL|CEFR-J,B1,,n,local medical center; department of a hospital,診療所
clip,NAWL|TSL|BSL|CEFR-J,B1,,n,a metal holder used for keeping things together,クリップ；切り抜き，切り抜く
clog,CEFR-J,B2,,verb,,
clone,NAWL|BSL|CEFR-J,A2,,verb,to make an exact copy of a living thing,クローンを作る
closed,CEFR-J,A1,,adjective,,
closet,TSL,,,,a small cupboard,
closure,NAWL|TSL|BSL|CEFR-J,B2,,n,the act of closing something,終末
cloth,TSL|CEFR-J,A1,,noun,a piece of thin material,
cloudy,TSL|CEFR-J,A1,,adjective,weather where the sky is filled with clouds,
clout,BSL,,,,,
clown,CEFR-J,A2,,noun,,
clue,NAWL|TSL|BSL|CEFR-J,A2,,n,a piece of information that helps explain a situation or provide a solution to a problem,手がかり
clumsy,CEFR-J,B2,,adjective,,
coaching,CEFR-J,B2,,noun,,
coalition,BSL|CEFR-J,B2,,noun,,
coarse,CEFR-J,B2,,adjective,,
coastal,CEFR-J,B1,,adjective,,
coastline,CEFR-J,B2,,noun,,
cocktail,CEFR-J,B2,,noun,,
cocoa,CEFR-J,B2,,noun,,
coconut,CEFR-J,B2,,noun,,
cod,CEFR-J,B1,,noun,,
coefficient,NAWL|BSL,,,adj,a number multiplied by a variable in an algebraic expression.,係数
coffin,CEFR-J,B1,,noun,,
cognitive,NAWL|BSL,,,adj,the process of knowing and remembering,認知の
coherence,CEFR-J,B2,,noun,,
coherent,NAWL|CEFR-J,B2,,adj,(of language/ideas) logical and well-organized,まとまった；理解しやすい
coincide,BSL|CEFR-J,B2,,verb,,
coincidence,CEFR-J,B2,,noun,,
coke,CEFR-J,A1,,noun,,
cola,CEFR-J,A2,,noun,,
collaboration,TSL|BSL,,,,the act of working together,
collar,BSL|CEFR-J,B1,,noun,,
collateral,BSL,,,,,
collective,NAWL|BSL,,,adj,formed by working together as a group,収集された； 集団の
collectively,BSL,,,,,
collector,TSL|CEFR-J,B2,,noun,someone who buys and keeps old things,
collocation,CEFR-J,B2,,noun,,
colon,CEFR-J,B2,,noun,,
colonial,NAWL|BSL|CEFR-J,B2,,adj,of a system where one country controls another,植民地の
colony,NAWL,,,n,country or settlement controlled by another country,植民地
colorful,TSL|CEFR-J,A2,,adjective,having many different colors,
columnist,CEFR-J,B1,,noun,,
coma,CEFR-J,B2,,noun,,
comb,TSL|CEFR-J,A2,,noun,make smooth by getting the knots out of,
combat,BSL,,,,,
comedian,CEFR-J,B1,,noun,,
comet,CEFR-J,B1,,noun,,
comfortably,TSL|CEFR-J,B2,,adverb,to do something easily,
comic,CEFR-J,A2,,adjective,,
comma,NAWL|CEFR-J,B1,,n,mark showing a pause or list in a sentence,コンマ
commander,BSL|CEFR-J,B2,,noun,,
commemorate,CEFR-J,B2,,verb,,
commence,BSL,,,,,
commentary,NAWL,,,n,explanation or discussion of a written work/event,論評；注釈；記録
commentator,BSL,,,,,
commerce,TSL|BSL|CEFR-J,B2,,noun,"trade, business, industry ",
commissioner,BSL,,,,,
commodity,NAWL|BSL,,,n,"Something useful or valuable, usually for sale",商品；日用品
common sense,CEFR-J,B1,,noun,,
commonly,NAWL|TSL|BSL|CEFR-J,B1,,adv,"typically, normally; not unusually",一般に
commonwealth,CEFR-J,B2,,noun,,
communicative,NAWL|CEFR-J,B2,,adj,talkative; cooperative in giving information,コミュニケーションのための；情報伝達の
communism,BSL,,,,,
communist,NAWL|BSL,,,adj,believer in communism,共産主義者
commute,TSL|CEFR-J,B2,,verb,to travel a long way to work and back,
commuter,TSL,,,,someone who travels a long way to work and back,
compact,NAWL|TSL,,,adj,packed together; closely united; small,小型の，圧縮する
companion,CEFR-J,B1,,noun,,
comparable,NAWL|BSL,,,adj,being similar in some way,比較できる；同等な
comparative,NAWL|BSL|CEFR-J,A2,,adj,expressing a difference in degree,比較の
compartment,TSL,,,,a part of a closed area that has been separated from a bigger one,
compassion,CEFR-J,B2,,noun,,
compassionate,CEFR-J,B2,,adjective,,
compatible,TSL|BSL|CEFR-J,B2,,adjective,to go well with,
compel,BSL,,,,,
compensate,NAWL|TSL|BSL|CEFR-J,B2,,verb,to give (money) to as a form of correcting a loss,補償する
competence,NAWL|BSL|CEFR-J,B2,,n,ability to do something in a fully satisfactory way,能力
competency,BSL,,,,,
competent,NAWL|BSL|CEFR-J,B2,,adj,fully qualified or capable of doing,有能な
competitiveness,BSL,,,,,
compile,TSL|BSL|CEFR-J,B2,,verb,to collect or gather data,
complement,NAWL|BSL|CEFR-J,B1,,n,something needed to complete or make perfect,補足， 補足する； 完全にする
completion,TSL|BSL|CEFR-J,B2,,noun,"the end, the finishing point",
complexion,CEFR-J,B2,,noun,,
compliance,TSL|BSL,,,,the act of obeying rules,
complicated,CEFR-J,B1,,adjective,,
complication,NAWL|TSL,,,n,action making something harder to do something,合併症
compliment,TSL|CEFR-J,B1,,noun,saying something nice about someone,
complimentary,TSL,,,,"it does not cost anything, it is free",
comply,NAWL|TSL|BSL,,,verb,to act in agreement with another's wishes; to obey a rule,従う
composer,NAWL|CEFR-J,A2,,n,a music writer,作曲家
composite,NAWL|BSL,,,adj,made of more than one different part,合成物，複合の
comprehension,NAWL|TSL|CEFR-J,B2,,n,ability to understand,理解
compress,CEFR-J,B2,,noun,,
compression,CEFR-J,B2,,noun,,
compulsory,BSL|CEFR-J,B2,,adjective,,
computation,NAWL|BSL,,,n,the act of calculating; method of computing,計算
computerize,BSL,,,,,
con,BSL,,,,,
conceal,BSL|CEFR-J,B2,,verb,,
concede,BSL|CEFR-J,B2,,verb,,
conceit,CEFR-J,B2,,noun,,
conceivable,CEFR-J,B2,,adjective,,
conceive,NAWL|CEFR-J,B2,,verb,"to think of, or create, something new (e.g. idea, child)",思い付く；妊娠する
conception,NAWL|CEFR-J,B2,,n,an idea or notion; the first stage in pregnancy,概念
conceptual,NAWL|BSL,,,adj,characterized by concepts or the forming of concepts,概念の
concerned,CEFR-J,B1,,adjective,,
concerning,CEFR-J,B2,,preposition,,
concession,BSL|CEFR-J,B2,,noun,,
concierge,TSL,,,,the person in a hotel whose job it is to arrange things for the guests,
condemn,BSL|CEFR-J,B2,,verb,,
conditional,NAWL|BSL,,,adj,depending (on),条件付きの
conditioner,TSL,,,,shampoo-like substance used after washing hair,
condominium,TSL,,,,"a building that has lots of apartments in it, all owned and lived in by different people",
conduction,NAWL,,,n,"the transmission of heat, electricity or sound",伝導
conductor,TSL|CEFR-J,B2,,noun,a person who leads,
cone,NAWL|CEFR-J,B2,,n,a 3D shape with a circular base; a part of the eye,円錐
confer,BSL,,,,,
conference,NAWL|TSL|BSL|CEFR-J,B2,,n,a meeting or series of meetings for discussion and exchange of information,会議
conferencing,CEFR-J,B2,,noun,,
confess,CEFR-J,B2,,verb,,
confession,CEFR-J,B2,,noun,,
confidential,TSL|BSL,,,,something that needs to be kept secret,
confidently,CEFR-J,B2,,adverb,,
configuration,NAWL|BSL,,,n,a shape or outline; a method of arrangement,形状
confine,NAWL|BSL|CEFR-J,B2,,verb,to keep something or someone within a limited area so it cannot escape,閉じ込める
confirmation,TSL|BSL|CEFR-J,B1,,noun,something that verifies something is true,
conform,TSL|BSL,,,,to be like others,
confound,NAWL,,,verb,"to confuse and greatly surprise someone, so that they are unable to explain a situation",情況などを混乱させる
confront,BSL|CEFR-J,B2,,verb,,
confrontation,BSL,,,,,
confused,CEFR-J,A2,,adjective,,
confusing,CEFR-J,B1,,adjective,,
congestion,TSL,,,,a blockage; something that blocks it up,
conglomerate,BSL,,,,,
congratulate,TSL|CEFR-J,B1,,verb,to tell someone 'good job' on a happy occasion,
congratulation,TSL,,,,the act of congratulating,
congressional,BSL,,,,,
congressman,BSL,,,,,
congruent,NAWL,,,adj,having the same shape and size,合同の
conjunction,BSL|CEFR-J,B2,,noun,,
connector,NAWL,,,n,a device that joins things together,コネクタ
connotation,NAWL,,,n,an association; an implication,含蓄
conquer,CEFR-J,B1,,verb,,
conquest,CEFR-J,B2,,noun,,
conscience,CEFR-J,B2,,noun,,
conscious,NAWL|BSL|CEFR-J,B1,,adj,aware of what is going on around you; not knocked out,意識している
consciousness,NAWL|CEFR-J,B2,,n,being awake,意識
consecutive,TSL|BSL,,,,following one after the other ,
consensus,NAWL|BSL|CEFR-J,B2,,n pl.,a decision that is shared by most of the members of a group,合意；コンセンサス
consent,NAWL|TSL|BSL|CEFR-J,B2,,verb,to agree or allow to do something,承諾，同意する
conservation,NAWL|BSL|CEFR-J,B1,,n,the management of land and water in ways that stop it from being damaged,保全
conserve,NAWL,,,verb,to keep safe,保存する；節約する
considerably,TSL|BSL|CEFR-J,B2,,adverb,to a large degree,
considerate,TSL,,,,showing concern for the rights and feelings of others,
considering,CEFR-J,B2,,conjunction,,
consignment,TSL,,,,a shipment of goods for  delivery,
consistency,BSL,,,,,
consistently,TSL|BSL,,,,doing something the same way every time,
consolation,CEFR-J,B2,,noun,,
console,CEFR-J,B2,,verb,,
consolidate,BSL,,,,,
consolidation,BSL,,,,,
consonant,NAWL|CEFR-J,B1,,adj,a speech sound; any letter in the alphabet that is not a vowel.,一致した
consortium,BSL,,,,,
conspiracy,BSL,,,,,
constituency,BSL,,,,,
constituent,BSL,,,,,
constitution,NAWL|BSL|CEFR-J,B1,,n,a law determining the fundamental political principles of a government,憲法；構成
constitutional,BSL,,,,,
constrain,NAWL|BSL,,,verb,To make someone do something by strong persuasion or force,強制する; 抑制する
constructive,BSL,,,,,
consultancy,BSL,,,,,
consultation,NAWL|TSL|BSL,,,n,a discussion between people to make a decision,相談；協議
consumption,NAWL|TSL|BSL|CEFR-J,B1,,n,how much is spent on things; the process of eating and drinking,消費
container,NAWL|TSL|BSL|CEFR-J,A2,,n,an object that can be used to hold things,容器
contaminate,CEFR-J,B2,,verb,,
contemplate,BSL,,,,,
contempt,CEFR-J,B2,,noun,,
contend,BSL,,,,,
contestant,TSL,,,,someone who is part of a contest,
continent,NAWL|BSL|CEFR-J,A2,,n,one of the very large areas of land on Earth that are usually divided into several countries,大陸
continental,TSL|BSL,,,,to do with the mainland,
contingency,BSL,,,,,
contingent,BSL,,,,,
continual,CEFR-J,B1,,adjective,,
continually,BSL|CEFR-J,B1,,adverb,,
continuity,NAWL|BSL,,,n,continued existence; fact of not stopping,継続性
continuously,BSL|CEFR-J,B1,,adverb,,
contour,NAWL,,,n,the shape of the outside edge of something,輪郭
contraction,TSL,,,,a tightening or squeezing movement,
contractor,TSL|BSL,,,,a builder,
contractual,BSL,,,,,
contradict,NAWL|TSL|CEFR-J,B2,,verb,"to disagree, to say the opposite is true",矛盾する；否定する
contradiction,NAWL|TSL|CEFR-J,B2,,n,the act of saying that something is not true or very different,矛盾；否定
contradictory,NAWL|CEFR-J,B2,,adj,"containing information, statements, or beliefs that do not agree with one another",矛盾した
contrary,NAWL|TSL|BSL|CEFR-J,B1,,adj,different; opposite,逆の，反対
contributor,BSL,,,,,
controller,BSL,,,,,
controversy,NAWL|BSL|CEFR-J,B2,,n,strong public disagreement about something,論争
convenience,TSL|BSL|CEFR-J,A2,,noun,the state of being easy,
convenient,TSL|BSL|CEFR-J,A2,,adjective,to be easy to do,
conveniently,TSL|CEFR-J,B2,,adverb,in a manner that is easy,
converge,NAWL|BSL,,,verb,to come together,集中する
convergence,NAWL|BSL,,,n,coming together,収束
converse,CEFR-J,B2,,noun,,
conversely,CEFR-J,B2,,adverb,,
conversion,BSL|CEFR-J,B2,,noun,,
convertible,BSL,,,,,
convey,TSL|BSL|CEFR-J,B1,,verb,to give a message to someone,
convict,BSL,,,,,
conviction,BSL,,,,,
convinced,CEFR-J,B2,,adjective,,
cookbook,TSL,,,,a book that gives directions  on how to prepare and cook food,
cooker,CEFR-J,A2,,noun,,
cookie,TSL|CEFR-J,A1,,noun,"a small, flat, round, dry, sweet cake-like snack ",
cooking,CEFR-J,A2,,noun,,
cooler,TSL|CEFR-J,A2,,noun,a box (filled with ice) that keeps drinks cold,
cooperate,TSL|CEFR-J,B2,,verb,to work together nicely,
cooperative,BSL|CEFR-J,B2,,adjective,,
coordinate,NAWL|TSL|BSL,,,verb,to bring order and organization to something; in maths: any of the magnitudes that serve to define the position of a point or line by reference to a fixed figure or system of lines.,調整する； まとめる
coordination,NAWL|BSL,,,n,organizing people or things to make them work together effectively,調整
coordinator,TSL,,,,someone whose job is to organize things ,
cop,CEFR-J,A1,,noun,,
copier,TSL,,,,a machine that makes paper copies,
copper,BSL|CEFR-J,B2,,noun,,
copyright,TSL|BSL|CEFR-J,B1,,noun,when you cannot copy work,
coral,CEFR-J,B2,,noun,,
cord,NAWL|TSL,,,n,"a long, strong material, thicker than string but not as thick as rope; an electrical wire",ひも；コード
cordless,TSL,,,,no electric cable needed,
corn,BSL|CEFR-J,A1,,noun,,
cornerstone,CEFR-J,B2,,noun,,
cornet,CEFR-J,B2,,noun,,
corona,CEFR-J,B2,,noun,,
coronary,NAWL,,,adj,concerning the heart,冠状動脈
corporal,CEFR-J,B2,,adjective,,
corpus,NAWL,,,n pl.,a body; in linguistics: a body of words,集成；コーパス；体
correction,NAWL|TSL|BSL|CEFR-J,B1,,n,a change to make something right,訂正
corrective,BSL,,,,,
correctly,NAWL|TSL|BSL|CEFR-J,A2,,adv,in an accurate or correct manner,正しく
correctness,CEFR-J,B2,,noun,,
correlate,NAWL|BSL,,,verb,to show the relationship between two items or events.,相関がある
correlation,NAWL|BSL,,,n,a measure of the relationship between two variables,相互関係
correspondence,NAWL|TSL|CEFR-J,B2,,n,"Communication by letters, emails or text messages",文通； 通信
correspondent,BSL|CEFR-J,B2,,noun,,
corresponding,CEFR-J,B2,,adjective,,
corridor,CEFR-J,B2,,noun,,
corrupt,BSL|CEFR-J,B2,,adjective,,
corruption,NAWL|BSL|CEFR-J,B2,,n,"actions that are illegal or morally questionable, often performed by a person in a position of power",汚職；腐敗；破損
cortex,NAWL,,,n,the outer part of an organ or structure,皮質
cosmetic,TSL,,,,makes something look better without changing it too much,
costly,TSL|BSL|CEFR-J,B2,,adjective,"to be expensive, to be of a high price",
costume,TSL|CEFR-J,B2,,noun,"something unusual you dress up in, e.g. for Hallowe'en",
cottage,CEFR-J,B2,,noun,,
cotton,BSL|CEFR-J,B1,,noun,,
couch,CEFR-J,A1,,noun,,
counseling,CEFR-J,B1,,noun,,
counselor,TSL,,,,someone who helps people with problems for a living,
counterpart,BSL,,,,,
counterparty,BSL,,,,,
countless,CEFR-J,B1,,adjective,,
countryman,CEFR-J,B2,,noun,,
countryside,TSL|BSL|CEFR-J,A2,,noun,"land outside of cities and towns, that does not have buildings on it",
countrywide,CEFR-J,B2,,adjective,,
coup,BSL,,,,,
coupon,TSL|BSL,,,,a piece of paper that you can use to buy goods or to get them at a reduced price,
courage,CEFR-J,B1,,noun,,
courageous,CEFR-J,B1,,adjective,,
courgette,CEFR-J,B1,,noun,,
courier,TSL,,,,Person paid to carry and deliver documents,
courtesy,TSL|CEFR-J,B2,,noun,a kindness to someone,
covariance,BSL,,,,,
covenant,BSL,,,,,
coward,CEFR-J,B2,,noun,,
cowardly,CEFR-J,B2,,adjective,,
coworker,TSL,,,,a person that works with you in the same workplace,
coziness,CEFR-J,B2,,noun,,
cozy,CEFR-J,B2,,adjective,,
crab,CEFR-J,B2,,noun,,
craftsman,CEFR-J,B2,,noun,,
crane,TSL,,,,a machine used to move and lift heavy things,
crater,CEFR-J,B2,,noun,,
crawl,CEFR-J,B2,,verb,,
crease,CEFR-J,B2,,noun,,
creatively,CEFR-J,B2,,adverb,,
creativity,TSL|BSL|CEFR-J,A2,,noun,the state of having talent and imagination,
creator,CEFR-J,B1,,noun,,
credential,BSL,,,,,
credibility,NAWL|BSL,,,n,quality of being believable or deserving of trust,信頼性
credible,BSL,,,,,
credit card,CEFR-J,A1,,noun,,
creditor,BSL,,,,,
creek,CEFR-J,B2,,noun,,
creepy,CEFR-J,B2,,adjective,,
cricket,CEFR-J,A2,,noun,,
cripple,CEFR-J,B2,,noun,,
crisp,CEFR-J,A2,,noun,,
criteria,NAWL|TSL|BSL,,,n,standard used to make judgments or decisions,基準
critically,NAWL|CEFR-J,B2,,adv,in a way that is serious or dangerous; vitally,批判的に
critique,NAWL,,,n,a review of the quality of a work,批評
crocodile,CEFR-J,B2,,noun,,
crossing,CEFR-J,B1,,noun,,
crossly,CEFR-J,B2,,adverb,,
crossroads,CEFR-J,B1,,noun,,
crow,CEFR-J,B1,,noun,,
crowded,CEFR-J,A2,,adjective,,
crown,CEFR-J,A2,,noun,,
crude,NAWL|BSL,,,adj,"basic or made without skill, such as a crude drawing",原油，自然の；粗雑な
cruel,CEFR-J,B1,,adjective,,
cruelly,CEFR-J,B2,,adverb,,
cruelty,CEFR-J,B2,,noun,,
cruise,TSL|BSL|CEFR-J,A2,,noun,"a long, relaxing holiday on a ship",
crunch,BSL,,,,,
crush,BSL|CEFR-J,B1,,noun,,
crystal,NAWL,,,n,a solid formed by the solidification of a chemical,結晶
crystallize,CEFR-J,B2,,verb,,
cube,CEFR-J,B2,,noun,,
cubism,CEFR-J,B2,,noun,,
cucumber,CEFR-J,B1,,noun,,
cue,NAWL,,,n,a word or action during a stage play to tell an actor to speak,合図，合図を送る
cuff,CEFR-J,B2,,noun,,
culinary,TSL,,,,relating to cooking  ,
culmination,CEFR-J,B2,,noun,,
cultivate,CEFR-J,B1,,verb,,
culturally,CEFR-J,B2,,adverb,,
cumulative,TSL|BSL,,,,gets bigger by more and more being added to it,
cupboard,CEFR-J,A2,,noun,,
curb,BSL,,,,,
cure,NAWL|BSL|CEFR-J,B1,,n,a medicine or treatment that makes an ill person become healthy,治療，治療する
curiosity,CEFR-J,B1,,noun,,
curiously,CEFR-J,B1,,adverb,,
curl,CEFR-J,B2,,noun,,
curly,CEFR-J,B1,,adjective,,
curriculum,NAWL|CEFR-J,B1,,n,group of related courses in a school or college,カリキュラム
curry,CEFR-J,A2,,noun,,
curse,CEFR-J,A2,,noun,,
cursor,CEFR-J,B2,,noun,,
cushion,TSL|CEFR-J,B1,,noun,a pad to make something more comfortable,
customize,TSL|BSL,,,,make or change something to suit the customer's  particular needs,
customs,CEFR-J,B1,,noun,,
cute,CEFR-J,A1,,adjective,,
cv,CEFR-J,B1,,noun,,
cyberaddict,CEFR-J,B2,,noun,,
cybercafe,CEFR-J,B2,,noun,,
cybercrime,CEFR-J,B2,,noun,,
cyberpet,CEFR-J,B2,,noun,,
cyberschool,CEFR-J,B2,,noun,,
cyberspace,CEFR-J,B2,,noun,,
cyclic,NAWL,,,adj,a series of regular and repeated actions,循環の；環式の
cyclical,BSL,,,,,
cycling,CEFR-J,A2,,noun,,
cyclist,CEFR-J,B2,,noun,,
cylinder,NAWL,,,n,"a shape or object with flat, circular ends and long, straight sides",シリンダー
daddy,CEFR-J,A1,,noun,,
daft,CEFR-J,B2,,adjective,,
daisy,CEFR-J,B1,,noun,,
dam,CEFR-J,A2,,noun,,
damaged,CEFR-J,B1,,adjective,,
damp,NAWL|CEFR-J,B1,,adj,a little wet,湿った
dancer,CEFR-J,A2,,noun,,
dancing,CEFR-J,A1,,noun,,
dandelion,CEFR-J,B2,,noun,,
dangerously,CEFR-J,B1,,adverb,,
darling,CEFR-J,B2,,adjective,,
dash,BSL|CEFR-J,B2,,noun,,
dated,CEFR-J,B2,,adjective,,
dating,CEFR-J,B1,,noun,,
daughter-in-law,CEFR-J,B2,,noun,,
dawn,CEFR-J,B2,,noun,,
daylight,CEFR-J,A2,,noun,,
daytime,TSL|CEFR-J,B2,,noun,The time between when the sun rises and when it  goes down; not nightime,
daze,CEFR-J,B1,,noun,,
dazzle,CEFR-J,B1,,noun,,
de facto,CEFR-J,B2,,adjective,,
deadline,NAWL|TSL|BSL|CEFR-J,B1,,n,a date or time before which something must be done,締め切り
deadly,CEFR-J,B1,,adjective,,
deaf,CEFR-J,B1,,adjective,,
dealership,TSL,,,,a business that can buy and sell certain things,
dearly,CEFR-J,B2,,adverb,,
debenture,BSL,,,,,
debit,TSL|BSL|CEFR-J,B2,,noun,a record of an amount of money taken out of an account,
debit card,CEFR-J,B2,,noun,,
debris,CEFR-J,B1,,noun,,
debtor,BSL,,,,,
decay,NAWL|CEFR-J,B2,,verb,to be slowly broken down by natural processes,腐敗；減衰，腐敗する；崩壊する
deceive,NAWL|CEFR-J,B2,,verb,to make someone believe something that is not true,欺く
december,NGSL|CEFR-J,A1,,noun,,
decent,BSL|CEFR-J,B2,,adjective,,
decentralize,BSL,,,,,
deceptive,CEFR-J,B2,,adjective,,
decimal,BSL,,,,,
decisive,CEFR-J,B2,,adjective,,
deck,TSL|CEFR-J,B2,,noun,like a patio or terrace,
declaration,BSL|CEFR-J,B1,,noun,,
decomposition,CEFR-J,B2,,noun,,
decorate,TSL|CEFR-J,B2,,verb,"make more attractive by adding ornament, colour, etc.",
decoration,TSL|CEFR-J,B2,,noun,the act of decorating something (in the hope of making it more attractive)  ,
decorative,CEFR-J,B2,,adjective,,
decree,BSL,,,,,
dedication,TSL|CEFR-J,B2,,noun,the act of being faithful to someone or something,
deduce,CEFR-J,B2,,verb,,
deduct,TSL|BSL,,,,to minus or take away,
deductible,BSL,,,,,
deduction,TSL|BSL|CEFR-J,B2,,noun,"the act of taking away, usually money",
deed,BSL|CEFR-J,B1,,noun,,
deem,BSL|CEFR-J,B2,,verb,,
deer,CEFR-J,B2,,noun,,
default,BSL,,,,,
defect,NAWL|TSL|BSL,,,n,a problem; a fault,欠陥
defective,TSL|BSL,,,,when something is not working,
defendant,BSL,,,,,
defender,CEFR-J,B1,,noun,,
defensive,BSL,,,,,
defer,BSL,,,,,
deficiency,NAWL|BSL|CEFR-J,B1,,n,without something that is necessary,欠乏
definite,NAWL|TSL|CEFR-J,B1,,adj,Not likely to change; clearly decided,明確な；限定的な
definite article,CEFR-J,B1,,noun,,
deflation,BSL,,,,,
deflection,NAWL,,,n,the action of making something move in a different direction,たわみ
deforestation,CEFR-J,B2,,noun,,
defy,BSL|CEFR-J,B2,,verb,,
degrade,NAWL,,,verb,to treat someone without respect; to reduce in amount or strength,低下する；分解する
dehumanize,CEFR-J,B2,,verb,,
delegate,TSL|BSL|CEFR-J,B2,,noun,to give others tasks to do,
delegation,BSL,,,,,
delete,TSL|BSL|CEFR-J,B1,,verb,remove ,
deliberate,BSL|CEFR-J,B2,,adjective,,
deliberately,NAWL|BSL|CEFR-J,B2,,adv,"in a careful, considered manner",意図的に
delicacy,CEFR-J,B2,,noun,,
delicate,TSL|CEFR-J,B1,,adjective,need to handle with care,
delicately,CEFR-J,B2,,adverb,,
delicious,TSL|CEFR-J,A1,,adjective,to taste good,
delighted,CEFR-J,B1,,adjective,,
delightful,CEFR-J,B1,,adjective,,
deliverable,BSL,,,,,
delta,NAWL|BSL,,,n,the place a river divides before entering a larger body of water,デルタ
deluxe,TSL,,,,rich and superior in quality,
demanding,CEFR-J,B2,,adjective,,
demise,BSL,,,,,
demographic,BSL,,,,,
demolish,TSL|CEFR-J,B2,,verb,knock down; completely destroy,
demonstrator,NAWL,,,n,person who shows how something works e.g. product,証明者
denim,CEFR-J,B2,,noun,,
denominate,BSL,,,,,
denominator,NAWL,,,n,the bottom number in a fraction,分母
denote,NAWL|BSL,,,verb,be a name or symbol for,示す
denounce,BSL,,,,,
dense,NAWL|CEFR-J,B2,,adj,very thick and difficult to see/get through,濃い；密集した
densely,CEFR-J,B2,,adverb,,
dent,BSL,,,,,
dental,TSL|CEFR-J,B2,,adjective,relating to teeth,
dentist,TSL|CEFR-J,A2,,noun,a person who looks after your teeth for a living,
depart,TSL|BSL|CEFR-J,B1,,verb,to leave,
department store,CEFR-J,A2,,noun,,
departmental,TSL,,,,to do with a specific area or unit in an organization,
departure,TSL|BSL|CEFR-J,B1,,noun,the act of leaving,
dependable,TSL|CEFR-J,B2,,adjective,"reliable, trustworthy",
dependence,NAWL|TSL|BSL,,,n,relying on someone for (financial) support,依存
dependency,BSL,,,,,
depict,NAWL|BSL,,,verb,to describe someone or something,描写する
deploy,BSL,,,,,
deployment,BSL,,,,,
depositor,BSL,,,,,
depreciate,BSL,,,,,
depreciation,BSL,,,,,
depressed,CEFR-J,B1,,adjective,,
depressing,CEFR-J,B1,,adjective,,
deprive,BSL|CEFR-J,B1,,verb,,
deputy,BSL|CEFR-J,B2,,noun,,
deregulation,BSL,,,,,
derivative,NAWL|BSL,,,adj,something that has developed or been obtained from something else,派生物；派生語，派生した
descend,CEFR-J,B2,,verb,,
descendent,NAWL,,,undefined,,子孫
descriptive,TSL|CEFR-J,B2,,adjective,something that tells you more about it,
descriptor,NAWL,,,n,a label; something that describes,記述語；記述子
designate,TSL|BSL,,,,to name or select someone for something,
desirable,TSL|BSL|CEFR-J,B2,,adjective,worth having or wanting,
desktop,TSL|BSL|CEFR-J,B2,,noun,the working area of a computer screen when no programs are open,
desolation,CEFR-J,B2,,noun,,
despair,CEFR-J,B1,,noun,,
desperate,TSL|BSL|CEFR-J,B1,,adjective,to be in urgent need of something,
desperately,CEFR-J,B2,,adverb,,
desperation,CEFR-J,B2,,noun,,
despise,CEFR-J,B2,,verb,,
dessert,TSL|CEFR-J,A2,,noun,sweet food you eat after your main meal,
destination,NAWL|TSL|BSL|CEFR-J,B1,,n,the place one is traveling to,目的地；宛先
destiny,CEFR-J,B2,,noun,,
destructive,CEFR-J,B1,,adjective,,
detach,TSL|CEFR-J,B2,,verb,to remove from something,
detachment,CEFR-J,B2,,noun,,
detailed,CEFR-J,B2,,adjective,,
detection,NAWL|BSL,,,n,the act of discovering something or solving a crime,発見；検出
detective,CEFR-J,B1,,noun,,
deter,BSL,,,,,
deteriorate,TSL|BSL,,,,to become worse in state,
determinant,BSL,,,,,
determined,CEFR-J,B2,,adjective,,
determiner,CEFR-J,B2,,noun,,
devaluation,BSL,,,,,
devastate,TSL|BSL|CEFR-J,B1,,verb,to destroy completely,
devastating,CEFR-J,B1,,adjective,,
developed,CEFR-J,A2,,adjective,,
developer,TSL|BSL,,,,someone who designs and builds properties,
developing,CEFR-J,B2,,adjective,,
developmental,NAWL,,,adj,concerning the development or growth,発達上の
deviation,NAWL|BSL,,,n,"not standard or normal; in statistics: the difference between one of a set of values and some fixed value, usually the mean of the set.",逸脱；偏差
devil,CEFR-J,B2,,noun,,
devise,BSL,,,,,
devoted,CEFR-J,B2,,adjective,,
devotion,CEFR-J,B1,,noun,,
diagnose,NAWL|TSL,,,verb,"to determine the cause of something, e.g. an illness",診断する
diagnosis,NAWL,,,n pl.,a judgment by a doctor about a person’s illness,診断
diagnostic,NAWL|TSL,,,adj,to do with finding out the cause of a problem,診断の
diagram,NAWL|TSL|BSL|CEFR-J,B1,,n,a drawing intended to explain how something works,図
dial,TSL|CEFR-J,B1,,noun,to make a phone call by pressing the buttons,
dialect,NAWL,,,n,a way of speaking a language that is used only in a particular area or by a particular group,方言
diameter,NAWL|CEFR-J,B1,,n,the distance across the center of an object,直径
diamond,TSL|BSL|CEFR-J,A2,,noun,a very valuable gem,
diaper,CEFR-J,B1,,noun,,
diarrhea,CEFR-J,B2,,noun,,
diary,NAWL|BSL|CEFR-J,A2,,n,blank book in which you write what you did each day,日記
dictate,NAWL|BSL,,,verb,to speak while another person (or computer) writes the words down,書き取らせる；口述する
dictator,BSL|CEFR-J,B2,,noun,,
dictatorship,BSL,,,,,
dictionary,NAWL|CEFR-J,A1,,n,a book with the spellings and meanings of many words,辞書
did,CEFR-J,A1,,do-verb,,
differential,NAWL|BSL,,,adj,difference; diversity,区別を示す
differentiate,NAWL|BSL,,,verb,to see or show a difference between things,区別する；差別化する
differentiation,NAWL|BSL,,,n,a discrimination between things as different and distinct,差別化；分化
diffusion,NAWL,,,n,the movement of light in many directions,拡散
digest,CEFR-J,B2,,noun,,
digit,BSL,,,,,
digital camera,CEFR-J,A2,,noun,,
dignify,CEFR-J,B2,,verb,,
dignity,CEFR-J,B2,,noun,,
dilemma,NAWL|BSL|CEFR-J,B2,,n,a position in which a person must make difficult choices,ジレンマ 
diligence,BSL|CEFR-J,B1,,noun,,
diligent,CEFR-J,B1,,adjective,,
dilute,NAWL|BSL,,,verb,"to mix; to reduce in strength, concentration, quality or purity",希薄な，薄くする
dim,CEFR-J,B2,,adjective,,
dime,CEFR-J,B2,,noun,,
dimensional,NAWL,,,adj,having parts that extent in a number of directions,次元の
diminish,BSL,,,,,
dine,TSL,,,,have supper; eat dinner,
diner,TSL,,,,"a small, informal restaurant",
dining room,CEFR-J,A1,,noun,,
dinosaur,CEFR-J,A2,,noun,,
dioxide,NAWL|BSL|CEFR-J,B1,,n,an oxide containing two oxides per molecule,二酸化
dip,BSL|CEFR-J,B2,,verb,,
diphtheria,CEFR-J,B2,,noun,,
diploma,TSL|CEFR-J,B2,,noun,a document certifying the successful completion of a course of study  ,
diplomacy,BSL,,,,,
diplomat,BSL|CEFR-J,B2,,noun,,
diplomatic,BSL,,,,,
directive,NAWL|BSL,,,n,formal an order from an authority,指令；指示の
directory,TSL|BSL,,,,an alphabetical list of names and addresses  ,
dirt,CEFR-J,B1,,noun,,
disability,NAWL|BSL|CEFR-J,B1,,n,a condition that limits a person's ability to do something,身体障害
disable,TSL|BSL|CEFR-J,B1,,verb,to make something not work,
disabled,CEFR-J,B1,,adjective,,
disadvantage,NAWL|BSL|CEFR-J,A2,,n,a negative point; a downside; difficulty,不利な点
disagreement,TSL|BSL|CEFR-J,B1,,noun,the act of having a difference of opinion,
disappearance,CEFR-J,B2,,noun,,
disappointed,CEFR-J,A2,,adjective,,
disappointing,CEFR-J,A2,,adjective,,
disappointment,TSL|CEFR-J,B1,,noun,what is felt when someone does not fulfill your expectations,
disapproval,CEFR-J,B2,,noun,,
disapprove,CEFR-J,B2,,verb,,
disastrous,BSL|CEFR-J,B1,,adjective,,
disc jockey,CEFR-J,B1,,noun,,
discard,TSL,,,,to throw away,
discharge,NAWL|BSL|CEFR-J,B2,,verb,to release someone or something,発砲；排出；解任，排出する；放電する
disciple,CEFR-J,B2,,noun,,
disclose,BSL,,,,,
disclosure,BSL,,,,,
disco,CEFR-J,A2,,noun,,
discomfort,CEFR-J,B1,,noun,,
disconnect,TSL|CEFR-J,B2,,verb,cut off or detach,
discontinue,TSL|BSL,,,,stop doing it,
discourage,BSL|CEFR-J,B1,,verb,,
discourse,NAWL,,,n,"talk, conversation",談話
discredit,CEFR-J,B2,,verb,,
discrepancy,TSL,,,,an unexpected difference between two things that needs to be explained,
discrete,NAWL|BSL,,,adj,separate; composed of distinct parts,別々の
discretion,BSL,,,,,
discretionary,BSL,,,,,
discriminate,BSL|CEFR-J,B2,,verb,,
discrimination,NAWL|BSL|CEFR-J,B1,,n,the ability to recognize the difference between things; treating different groups of people unfairly,差別；識別
disgrace,CEFR-J,B2,,noun,,
disguise,BSL|CEFR-J,B2,,noun,,
disgust,TSL,,,,strong feelings of dislike  ,
disgusting,CEFR-J,B1,,adjective,,
dishonest,CEFR-J,A2,,adjective,,
dishonesty,CEFR-J,B2,,noun,,
dishwasher,TSL|CEFR-J,B1,,noun,a machine that cleans dirty dishes,
disillusion,CEFR-J,B2,,verb,,
dislike,TSL|BSL|CEFR-J,A2,,noun,"to not like, hate",
dismal,BSL,,,,,
dismantle,BSL,,,,,
dismissal,BSL,,,,,
disorderly,CEFR-J,B2,,adjective,,
disorganized,CEFR-J,B2,,adjective,,
dispatch,TSL|BSL,,,,to send out ,
dispensable,CEFR-J,B2,,adjective,,
displace,BSL|CEFR-J,B2,,verb,,
displacement,NAWL,,,n,the act of taking the place of something or someone else,移動；置換
displeasure,CEFR-J,B2,,noun,,
disposable,BSL,,,,,
disposal,TSL|BSL|CEFR-J,B2,,noun,the act of getting rid of something,
dispose,TSL|BSL,,,,to get rid of something,
disposition,BSL|CEFR-J,B2,,noun,,
disqualify,CEFR-J,B2,,verb,,
disregard,CEFR-J,B2,,noun,,
disrupt,TSL|BSL|CEFR-J,B2,,verb,to interrupt and cause chaos,
disruption,TSL|BSL,,,,the act of interrupting and causing chaos,
dissatisfaction,CEFR-J,B2,,noun,,
dissatisfied,CEFR-J,B2,,adjective,,
dissatisfy,TSL,,,,to make someone not pleased with what you have done,
dissection,NAWL,,,n,the act or process of cutting something,切開
dissent,BSL,,,,,
dissertation,NAWL,,,n,an in-depth paper submitted for a doctorate degree,論文
dissident,BSL|CEFR-J,B2,,noun,,
dissolution,BSL,,,,,
dissolve,NAWL|BSL|CEFR-J,B1,,verb,to melt into a liquid so that a substance mixes with the liquid itself,溶解する
distinctive,BSL,,,,,
distinctly,CEFR-J,B1,,adverb,,
distinguished,CEFR-J,B2,,adjective,,
distort,BSL,,,,,
distortion,BSL|CEFR-J,B2,,noun,,
distract,TSL|CEFR-J,B2,,verb,to take your focus away from something ,
distraction,TSL|CEFR-J,B2,,noun,the act of taking your focus away from something,
distractor,TSL,,,,an incorrect option offered in a multiple choice question ,
distress,BSL,,,,,
distressing,CEFR-J,B2,,adjective,,
distribution,NAWL|TSL|BSL|CEFR-J,B1,,n,- in statistics: an arrangement of values showing frequency of occurrence - in engineering: the way in which the fuel-air mixture is supplied to each cylinder of an engine - in commerce: delivery of products or services.,配布；分布；流通
distributor,TSL|BSL|CEFR-J,B2,,noun,someone who sells or sends things to different areas,
disturbance,NAWL|CEFR-J,B1,,n,a noise or something that stops you from continuing what you were doing,騒乱；妨害
dive,TSL|CEFR-J,B1,,noun,jump in or swim under water,
diver,CEFR-J,B1,,noun,,
diverse,NAWL|BSL|CEFR-J,B1,,adj,very different from each other,多様な
diversification,BSL,,,,,
diversify,BSL,,,,,
diversion,CEFR-J,B2,,noun,,
divert,BSL|CEFR-J,B2,,verb,,
divided,CEFR-J,B2,,adjective,,
dividend,TSL|BSL,,,,money received as a bonus ,
divine,CEFR-J,B1,,adjective,,
diving,CEFR-J,B1,,noun,,
divorced,CEFR-J,B1,,adjective,,
dizzy,CEFR-J,A2,,adjective,,
dj,CEFR-J,B1,,noun,,
dna,CEFR-J,B2,,noun,,
doc,CEFR-J,B1,,noun,,
dock,TSL|CEFR-J,B2,,noun,the place where boats get tied up,
doctrine,BSL,,,,,
documentary,TSL|CEFR-J,B1,,noun,a film about a real life or event,
documentation,TSL|BSL,,,,the act of showing proof in writing,
does,CEFR-J,A1,,do-verb,,
doing,CEFR-J,A1,,do-verb,,
doll,CEFR-J,A1,,noun,,
dolphin,CEFR-J,B1,,noun,,
domain,NAWL|BSL,,,n,"a field of action, thought or influence; an area of knowledge",領域；ドメイン
dominance,NAWL|BSL,,,n,"the state of being more powerful, successful, or important than others",支配
dominant,NAWL|BSL,,,adj,strongest,支配的な
domination,NAWL,,,n,authority; rule; control,支配
donate,TSL|CEFR-J,B2,,verb,to give money to a cause or charity,
donation,TSL|BSL|CEFR-J,B2,,noun,the money that is given to a cause or charity,
done,CEFR-J,A2,,do-verb,,
donkey,CEFR-J,B2,,noun,,
donor,NAWL|BSL,,,n,a person or group that gives gifts or money to help support an organization or cause,寄贈者
donut,TSL,,,,"small, fried, very sweet piece of dough covered in sugar and good to eat",
doom,BSL|CEFR-J,B2,,noun,,
doorkeeper,CEFR-J,B2,,noun,,
doorman,TSL,,,,Someone whose job it is to stand at entrance to a hotel to let people go in and out,
doorway,CEFR-J,B2,,noun,,
dorm,CEFR-J,B2,,noun,,
dormitory,CEFR-J,B2,,noun,,
dose,NAWL|TSL|BSL|CEFR-J,B2,,n,an amount of medicine to be taken at any one time,服用量
dot,BSL|CEFR-J,B1,,noun,,
doubly,CEFR-J,B2,,adverb,,
doubtful,BSL|CEFR-J,B2,,adjective,,
dove,CEFR-J,B2,,noun,,
downfall,CEFR-J,B2,,noun,,
downgrade,BSL,,,,,
download,TSL|BSL|CEFR-J,B2,,noun,transfer a file or program onto your computer,
downside,BSL,,,,,
downsize,TSL|CEFR-J,B2,,verb,reduce in size or number,
downstairs,TSL|CEFR-J,B1,,adjective,on a lower floor of a building,
downtown,TSL|CEFR-J,A2,,adverb,the business or central part of a city or town,
downturn,TSL|BSL,,,,a drop in the success of a business or the economy,
downward,BSL|CEFR-J,B1,,adjective,,
dowry,CEFR-J,B2,,noun,,
doze,CEFR-J,B1,,noun,,
drain,NAWL|BSL|CEFR-J,B2,,n,"a pipe that removes water, or other liquids",配水管，排出する
drapery,CEFR-J,B2,,noun,,
drastically,TSL,,,,very seriously,
drawback,TSL|BSL,,,,the downside of something,
drawer,TSL|CEFR-J,A2,,noun,a sliding compartment you keep things in,
drawing,CEFR-J,A2,,noun,,
dread,CEFR-J,B2,,verb,,
dreadful,CEFR-J,B2,,adjective,,
dreamy,CEFR-J,B2,,adjective,,
dressed,CEFR-J,A2,,adjective,,
drift,NAWL|BSL,,,n,to move slowly,漂流，漂う
drill,TSL|BSL|CEFR-J,A2,,noun,to bore a hole into something,
drinkable,CEFR-J,B2,,adjective,,
driver's license,CEFR-J,A2,,noun,,
droop,CEFR-J,B2,,noun,,
dropout,CEFR-J,B2,,noun,,
drought,TSL|CEFR-J,B2,,noun,a period of time when there is very little rainfall,
drown,CEFR-J,B1,,verb,,
drugstore,CEFR-J,A2,,noun,,
drum,TSL|CEFR-J,A1,,noun,a musical instrument you hit with wooden sticks,
drunk,CEFR-J,B1,,adjective,,
dual,BSL,,,,,
dub,BSL,,,,,
duck,CEFR-J,A2,,noun,,
dude,CEFR-J,B1,,noun,,
duel,CEFR-J,B2,,noun,,
dull,TSL|CEFR-J,B1,,adjective,boring; not exciting,
duly,BSL,,,,,
dumb,CEFR-J,B2,,adjective,,
dump,BSL|CEFR-J,B1,,noun,,
duplicate,TSL|BSL|CEFR-J,B2,,noun,make an exact copy,
duplication,CEFR-J,B2,,noun,,
durable,TSL|BSL,,,,very long lasting,
duration,NAWL|TSL|BSL,,,n,the length of time that something lasts,持続；継続期間
dustbin,CEFR-J,B1,,noun,,
dusty,CEFR-J,B1,,adjective,,
duty-free,CEFR-J,B1,,adjective,,
duvet,CEFR-J,B1,,noun,,
dvd,CEFR-J,A1,,noun,,
dwarf,CEFR-J,B2,,noun,,
dye,NAWL|CEFR-J,B2,,n,a liquid that colors hair or cloth,染料，染める
dynamic,NAWL|TSL|BSL|CEFR-J,B2,,adj,always active or changing; in physics: a force related to motion,動的な; 活動的な
dynasty,CEFR-J,B1,,noun,,
e-book,TSL|BSL,,,,,
each other,CEFR-J,A1,,pronoun,,
eager,TSL|BSL|CEFR-J,B1,,adjective,to be excited to help or do something,
eagerly,CEFR-J,B2,,adverb,,
eagerness,CEFR-J,B1,,noun,,
eagle,CEFR-J,B2,,noun,,
earache,CEFR-J,B1,,noun,,
earnest,CEFR-J,B1,,adjective,,
earnings,CEFR-J,B2,,noun,,
earring,CEFR-J,A2,,noun,,
earthquake,TSL|BSL|CEFR-J,A2,,noun,when the ground shakes due to the natural movement of rocks underground,
eastward,CEFR-J,B2,,adverb,,
easygoing,CEFR-J,B1,,adjective,,
echo,BSL,,,,,
eco,CEFR-J,B1,,noun,,
ecological,NAWL|CEFR-J,B1,,adj,"concerning the environment, plants, or animals",生態学的な
ecologically,CEFR-J,B2,,adverb,,
ecologist,CEFR-J,B2,,noun,,
ecology,NAWL|CEFR-J,B1,,n,"the study of plants, animals, people, and their environments",生態学
economical,TSL|CEFR-J,B2,,adjective,of good value,
economically,NAWL|TSL|BSL,,,adv,in an efficient manner; without using too much effort,経済的に
economics,CEFR-J,B1,,noun,,
economist,NAWL|TSL|BSL|CEFR-J,B2,,n,a person who studies economics,経済学者
economize,TSL,,,,"to save money, avoid waste",
ecosystem,CEFR-J,B1,,noun,,
ecstasy,CEFR-J,B1,,noun,,
ecstatic,CEFR-J,B2,,adjective,,
editorial,TSL|BSL|CEFR-J,B2,,noun,a newspaper article written by the editor,
educated,CEFR-J,B2,,adjective,,
educator,CEFR-J,B2,,noun,,
effectiveness,NAWL|TSL|BSL|CEFR-J,B2,,n,the degree of how well something works or is done,有効性
efficiently,TSL|BSL,,,,to do something well in a little amount of time,
eight,NGSL|NGSL-Spoken|CEFR-J,A1,,number,,
eighteen,NGSL|CEFR-J,A1,,number,,
eighty,NGSL|NGSL-Spoken|CEFR-J,A1,,number,,
elaborate,NAWL|BSL,,,adj,to be made or done with great care or with much detail,手の込んだ
elastic,NAWL|BSL,,,adj,able to return to original shape or size after stretching,弾性の
elasticity,NAWL|BSL,,,n,the ability to stretch easily and then quickly return to the original shape,弾力性
elbow,CEFR-J,B1,,noun,,
elective,CEFR-J,B2,,adjective,,
electoral,BSL,,,,,
electorate,BSL,,,,,
electrical,TSL|BSL|CEFR-J,B1,,adjective,to do with electricity,
electrician,TSL|CEFR-J,B2,,noun,a person who installs or repairs electrical or telephone lines  ,
electron,NAWL|CEFR-J,B1,,n,a negatively charged particle,電子
electronically,TSL|CEFR-J,B2,,adverb,to do something using electronics,
electronics,CEFR-J,B2,,noun,,
elegance,CEFR-J,B2,,noun,,
elegant,TSL|CEFR-J,B2,,adjective,fine or beautiful,
elegantly,CEFR-J,B2,,adverb,,
elemental,CEFR-J,B2,,adjective,,
elementary,NAWL|CEFR-J,A1,,adj,"basic, simple, or essential",初等の
elephant,TSL|CEFR-J,A2,,noun,a large animal with a long trunk and big ears found in Africa and Asia,
elevate,NAWL|TSL,,,verb,to make something higher,高くあげる
elevation,NAWL,,,n,the height of a place,高度
elevator,TSL|CEFR-J,A2,,noun,a machine that takes people to different floors in a building,
eleven,NGSL|NGSL-Spoken|CEFR-J,A1,,number,,
eligible,TSL|BSL|CEFR-J,B2,,adjective,able to be chosen,
elimination,NAWL,,,n,the act or process of removing or being removed,除去
elite,NAWL|BSL|CEFR-J,B2,,n,important people of high status,エリート、上流階級、幹部
eloquence,CEFR-J,B2,,noun,,
eloquent,CEFR-J,B2,,adjective,,
embarrassed,CEFR-J,B1,,adjective,,
embarrassing,CEFR-J,A2,,adjective,,
embarrassment,CEFR-J,B1,,noun,,
embassy,TSL|CEFR-J,B2,,noun,the office of an ambassador,
embed,NAWL|TSL|BSL,,,verb,"to place or set inside rock, etc",埋め込む
embody,BSL,,,,,
emergence,NAWL|BSL|CEFR-J,B2,,n,the process of emerging/coming out,出現
emission,NAWL|BSL,,,n,a substance (e.g. gas) released into the air,放出；排出量
emit,NAWL,,,verb,"formal to release or send out (a gas, etc)",出す；発する
emotionally,CEFR-J,B1,,adverb,,
emperor,NAWL|CEFR-J,B1,,n,man who rules an empire,皇帝
emphatically,CEFR-J,B2,,adverb,,
empirical,NAWL|BSL,,,adj,based on observation or experiment,実証的な；経験による
empower,BSL,,,,,
empowerment,BSL,,,,,
enact,BSL,,,,,
enclose,TSL|CEFR-J,B1,,verb,to surround fully,
encode,NAWL,,,verb,to change a message or information into code,暗号化する
encompass,BSL,,,,,
encouragement,CEFR-J,B1,,noun,,
encouraging,CEFR-J,B1,,adjective,,
encyclopedia,BSL|CEFR-J,B1,,noun,,
endanger,CEFR-J,B1,,verb,,
endangered,CEFR-J,A2,,adjective,,
endeavor,CEFR-J,B2,,noun,,
ending,CEFR-J,A2,,noun,,
endless,BSL|CEFR-J,B1,,adjective,,
endlessly,CEFR-J,B2,,adverb,,
endorse,BSL|CEFR-J,B2,,verb,,
endorsement,BSL,,,,,
endowment,BSL,,,,,
endurance,CEFR-J,B2,,noun,,
endure,BSL|CEFR-J,B1,,verb,,
enduring,CEFR-J,B2,,adjective,,
energetic,TSL|CEFR-J,A2,,adjective,"to be lively, full of energy",
enforce,BSL|CEFR-J,B2,,verb,,
enforceable,BSL,,,,,
enforcement,NAWL|BSL,,,n,the act or process of making sure that rules are followed,施行
engaged,CEFR-J,B1,,adjective,,
engagement,TSL|BSL|CEFR-J,B2,,noun,the act of participating in something,
engineering,CEFR-J,B1,,noun,,
englishman,CEFR-J,B1,,noun,,
engulf,CEFR-J,B2,,verb,,
enhancement,BSL,,,,,
enjoyable,TSL|CEFR-J,B1,,adjective,"not boring, fun",
enjoyment,CEFR-J,B1,,noun,,
enlarge,BSL,,,,,
enlargement,BSL,,,,,
enormously,NAWL,,,adv,"extremely, by a large amount",非常に
enrich,BSL|CEFR-J,B1,,verb,,
enroll,TSL|CEFR-J,B2,,verb,to register for something,
enrollment,TSL,,,,the act of registering for something,
entail,BSL,,,,,
entertainer,CEFR-J,B1,,noun,,
entertaining,CEFR-J,B2,,adjective,,
enthusiasm,TSL|BSL|CEFR-J,B1,,noun,the act of being excited about something,
enthusiast,TSL|CEFR-J,B1,,noun,"a person who is crazy about something, e.g. a sports enthusiast",
enthusiastic,TSL|BSL|CEFR-J,B1,,adjective,to show excitement for something,
enthusiastically,TSL|CEFR-J,B2,,adverb,to do something with excitement and energy,
entity,NAWL|BSL,,,n,something that is real,実体
entrant,NAWL|BSL,,,n,a person who enters a contest,参加者
entrepreneur,TSL|BSL|CEFR-J,B2,,noun,a business person who starts companies,
entrepreneurial,BSL,,,,,
environmentalist,CEFR-J,B1,,noun,,
environmentally,TSL|CEFR-J,B2,,adverb,related to natural surroundings,
environmentally friendly,CEFR-J,B2,,adjective,,
envy,CEFR-J,A2,,noun,,
enzyme,NAWL,,,n,a protein made by cells,酵素
epidemic,NAWL,,,adj,a disease affecting many people,流行性の、伝染病
epidemiology,NAWL,,,n,the science of how diseases spread,疫学
equality,NAWL|BSL|CEFR-J,B1,,n,the idea that all people have the same rights,平等
equate,BSL,,,,,
equilibrium,NAWL|BSL,,,n,a state of balance,平衡
equip,TSL|BSL|CEFR-J,B2,,verb,provide with abilities or tools,
equity,BSL|CEFR-J,B2,,noun,,
equivalence,NAWL,,,n,when something is equal to something else,同価値
erase,NAWL|TSL,,,verb,to remove written information or information on a computer memory,消す
erect,CEFR-J,B2,,adjective,,
erode,BSL,,,,,
erupt,CEFR-J,B2,,verb,,
eruption,CEFR-J,B2,,noun,,
escalator,TSL|CEFR-J,A2,,noun,a moving stairway,
escort,TSL,,,,to go with someone,
essayist,CEFR-J,B2,,noun,,
essence,NAWL|BSL|CEFR-J,B1,,n,the most important part or quality of something,本質
essentially,NAWL|BSL|CEFR-J,B2,,adv,"basically, primarily",本質的に
estimated,CEFR-J,B2,,adjective,,
estimation,NAWL|BSL,,,n,judgment; opinion; guess at the value of,推定
eternal,CEFR-J,B1,,adjective,,
eternally,CEFR-J,B2,,adverb,,
eternity,CEFR-J,B1,,noun,,
ethanol,BSL,,,,,
ethic,CEFR-J,B2,,noun,,
ethical,NAWL|BSL,,,adj,morally right or wrong,倫理的な
ethics,NAWL|TSL|BSL,,,n pl.,"the moral principles, standards, and rules for deciding what is right and wrong",倫理学；道徳
euro,TSL|BSL|CEFR-J,A2,,noun,a unit of money used in a number of European countries,
evacuate,TSL|CEFR-J,B2,,verb,to make people leave an area,
evacuation,CEFR-J,B2,,noun,,
evenly,TSL|CEFR-J,B1,,adverb,in equal ways,
eventual,BSL,,,,,
everlasting,CEFR-J,B2,,adjective,,
evident,NAWL|TSL|BSL|CEFR-J,B1,,adj,"plain, clear",明らかな
evidently,CEFR-J,B2,,adverb,,
evolutionary,NAWL,,,adj,concerning evolution,進化の
ex,NAWL|BSL,,,prefix,"a prefix meaning ""out of,"" ""from,"" or ""not""",元
exactness,CEFR-J,B2,,noun,,
exaggerate,BSL|CEFR-J,B2,,noun,,
exaggeration,CEFR-J,B2,,noun,,
exalt,CEFR-J,B2,,verb,,
examinee,CEFR-J,B2,,noun,,
examiner,CEFR-J,B1,,noun,,
excel,CEFR-J,B2,,verb,,
excellence,TSL|BSL|CEFR-J,B1,,noun,"the state of being very, very good",
exceptional,TSL|BSL|CEFR-J,B2,,adjective,beyond excellent,
exceptionally,CEFR-J,B2,,adverb,,
excessive,TSL|BSL|CEFR-J,B2,,adjective,way too much of something,
exchange rate,CEFR-J,B1,,noun,,
excited,CEFR-J,A1,,adjective,,
excitedly,CEFR-J,B1,,adverb,,
exciting,CEFR-J,A1,,adjective,,
exclaim,CEFR-J,B2,,verb,,
exclamation mark,CEFR-J,B2,,noun,,
exclusion,BSL|CEFR-J,B2,,noun,,
exclusive,TSL|BSL|CEFR-J,B1,,adjective,only available to a certain group,
exclusively,TSL|BSL|CEFR-J,B2,,adverb,offered only to a certain group,
excursion,TSL|CEFR-J,B2,,noun,a journey taken for pleasure,
execute,NAWL|BSL|CEFR-J,B2,,verb,"To kill someone, usually as an official punishment",死刑執行する
execution,NAWL|BSL|CEFR-J,B2,,n,killing a person as a (usually legal) punishment,処刑
exempt,BSL,,,,,
exemption,TSL|BSL,,,,an exception to the rule,
exert,BSL,,,,,
exhausted,CEFR-J,B1,,adjective,,
exhausting,CEFR-J,B2,,adjective,,
exhaustion,CEFR-J,B2,,noun,,
exile,BSL|CEFR-J,B2,,noun,,
existing,CEFR-J,B2,,adjective,,
exit,NAWL|TSL|BSL|CEFR-J,B1,,n,a door that you go through to leave a place,出口；終了
exotic,TSL|CEFR-J,B2,,adjective,from another country,
expectancy,BSL,,,,,
expected,CEFR-J,B2,,adjective,,
expedite,TSL,,,,speed up the progress of,
expedition,CEFR-J,B2,,noun,,
experienced,CEFR-J,B1,,adjective,,
expertise,NAWL|TSL|BSL,,,n,the special knowledge that an expert has,専門知識
expiration,TSL|BSL,,,,the end of a period of time,
expire,TSL|BSL,,,,Come to an end ,
explanatory,TSL,,,, to explain or make clear,
explicit,NAWL|BSL,,,adj,definite; clearly stated; specific,明示的な
explicitly,NAWL|BSL,,,adv,clearly; specifically,明示的に
explode,BSL|CEFR-J,B2,,verb,,
exploit,NAWL|BSL|CEFR-J,B2,,verb,to use something or someone selfishly or unethically,不当に利用する；搾取する
exploration,BSL|CEFR-J,B1,,noun,,
explorer,TSL|CEFR-J,B2,,noun,a person who travels to unknown places ,
explosion,BSL|CEFR-J,B1,,noun,,
explosive,BSL|CEFR-J,B2,,adjective,,
exponential,NAWL,,,adj,a constant e raised to a power equal to a given expression: e.g. e3x is the exponential of 3x.,指数の
exporter,BSL,,,,,
expressive,CEFR-J,B2,,adjective,,
exquisite,CEFR-J,B2,,adjective,,
extensively,CEFR-J,B1,,adverb,,
externality,BSL,,,,,
extinct,CEFR-J,B1,,adjective,,
extinction,CEFR-J,B1,,noun,,
extinguisher,TSL,,,,Device used to put out fires,
extraordinarily,CEFR-J,B2,,adverb,,
extreme sports,CEFR-J,B1,,noun,,
extremist,BSL,,,,,
exultant,CEFR-J,B2,,adjective,,
eyebrow,CEFR-J,B2,,noun,,
eyelash,CEFR-J,B2,,noun,,
eyelid,CEFR-J,B2,,noun,,
eyesight,CEFR-J,B1,,noun,,
fabric,NAWL|TSL|CEFR-J,B2,,n,cloth,織物
fabulous,CEFR-J,B2,,adjective,,
face to face,CEFR-J,B1,,adverb,,
face-to-face,CEFR-J,B1,,adjective,,
facet,NAWL,,,n,a part of something,宝石などの小面
facilitate,NAWL|TSL|BSL|CEFR-J,B2,,verb,To make an action or process easier,促進する
facilities,CEFR-J,B2,,noun,,
faction,BSL,,,,,
factorial,NAWL,,,adj,concerning factors or factorials,要因の；階乗の
factual,TSL,,,,based on true information,
faculty,NAWL|TSL|BSL|CEFR-J,B2,,n,the teachers in a school or college,学部；教授陣；能力
faint,CEFR-J,B1,,adjective,,
fairness,BSL,,,,,
fairy,CEFR-J,A1,,noun,,
faithful,CEFR-J,B1,,adjective,,
fake,CEFR-J,B1,,adjective,,
fallen,CEFR-J,B1,,adjective,,
falter,CEFR-J,B2,,verb,,
fame,CEFR-J,B2,,noun,,
familiarity,TSL,,,,"the state of being used to, or comfortable with something",
familiarize,TSL|CEFR-J,B2,,verb,to get to know better,
fantastically,CEFR-J,B2,,adverb,,
fantasy,CEFR-J,B1,,noun,,
faraway,CEFR-J,B1,,adjective,,
fare,TSL|BSL|CEFR-J,A2,,noun,"the cost for a ride, e.g. bus, or taxi",
farewell,TSL|CEFR-J,B1,,noun,goodbye,
farming,CEFR-J,B1,,noun,,
farmland,CEFR-J,B1,,noun,,
farther,CEFR-J,B1,,adverb,,
farthest,CEFR-J,B1,,adverb,,
fascinated,CEFR-J,B2,,adjective,,
fascinating,CEFR-J,A2,,adjective,,
fascination,CEFR-J,B2,,noun,,
fashionable,CEFR-J,B1,,adjective,,
fast food,CEFR-J,A2,,noun,,
fasten,TSL|CEFR-J,B1,,verb,fix together firmly,
fatal,CEFR-J,B2,,adjective,,
fate,BSL|CEFR-J,B2,,noun,,
father-in-law,CEFR-J,B2,,noun,,
fatigue,NAWL|TSL,,,n,being very tired,疲労
faulty,TSL|CEFR-J,B2,,adjective,"broken, not perfect",
favorable,TSL|BSL|CEFR-J,B1,,adjective,to be seen as good or positive,
fax,TSL|BSL|CEFR-J,B1,,noun,to send using a fax machine,
fearsome,CEFR-J,B2,,adjective,,
feasible,BSL,,,,,
feast,CEFR-J,B1,,noun,,
feat,CEFR-J,B2,,noun,,
feather,CEFR-J,A2,,noun,,
february,NGSL|CEFR-J,A1,,noun,,
fed up,CEFR-J,B2,,adjective,,
feedback,NAWL|TSL|BSL|CEFR-J,B2,,n,a response to a message; information about a person's behavior,フィードバック
feeling,CEFR-J,A1,,noun,,
ferry,TSL|CEFR-J,B1,,noun,a big boat that carries people and cars,
ferryboat,CEFR-J,B2,,noun,,
fertility,NAWL,,,n,the state of a female being able to produce young,肥沃；繁殖力
festive,CEFR-J,B1,,adjective,,
fetal,NAWL,,,adj,"concerning a fetus, an unborn baby",胎児
fetch,CEFR-J,B1,,verb,,
fever,NAWL|CEFR-J,A1,,n,a high body temperature,熱
feverishly,CEFR-J,B1,,adverb,,
fiber,NAWL|BSL|CEFR-J,B2,,n,"a thin, threadlike part of an animal hair or plant tissue; an artificial thread; body cells that form muscles and nerves; a food substance",繊維 ；ファイバー
fictional,CEFR-J,B2,,adjective,,
fiduciary,BSL,,,,,
fierce,BSL|CEFR-J,B2,,adjective,,
fifteen,NGSL|NGSL-Spoken|CEFR-J,A1,,number,,
fifth,CEFR-J,B1,,noun,,
fifty,NGSL|NGSL-Spoken|CEFR-J,A1,,number,,
fighter,BSL|CEFR-J,A2,,noun,,
fighting,CEFR-J,B2,,noun,,
figurative,CEFR-J,B2,,adjective,,
filial,CEFR-J,B2,,adjective,,
filling,CEFR-J,B1,,noun,,
film-maker,CEFR-J,B1,,noun,,
fin,NAWL,,,n,"the flat, thin body parts of a fish that sticks out and helps guide it through water",魚のひれ
finalize,TSL,,,,to make final,
financially,BSL|CEFR-J,B2,,adverb,,
finding,CEFR-J,B1,,noun,,
finely,CEFR-J,B2,,adverb,,
fingernail,CEFR-J,B2,,noun,,
finite,NAWL,,,adj,having limits; lasting for a limited time,有限の
fire brigade,CEFR-J,B2,,noun,,
fire station,CEFR-J,B1,,noun,,
firearm,CEFR-J,B2,,noun,,
firefighter,TSL|CEFR-J,B1,,noun,someone whose job it is to put out fires or save people from dangerous situations,
fireplace,CEFR-J,B2,,noun,,
firework,TSL|CEFR-J,B1,,noun,"a small stick-like object that, when lit with a flame, goes off with a bang and flashes of colored light ",
firmness,CEFR-J,B2,,noun,,
first floor,CEFR-J,B1,,noun,,
first lady,CEFR-J,B1,,noun,,
first language,CEFR-J,B2,,noun,,
first name,CEFR-J,A2,,noun,,
first person,CEFR-J,B2,,noun,,
first-floor,CEFR-J,B1,,adjective,,
fiscal,TSL|BSL|CEFR-J,B2,,adjective,to do with money,
fisherman,CEFR-J,A2,,noun,,
fishing,CEFR-J,A1,,noun,,
fitness,TSL|CEFR-J,B1,,noun,the state of being healthy,
five,NGSL|NGSL-Spoken|CEFR-J,A1,,number,,
fixed,CEFR-J,B2,,adjective,,
fixture,TSL,,,,"a piece of equipment, like a bath, that is permanently fixed to a building ",
flame,CEFR-J,B2,,noun,,
flap,CEFR-J,B2,,verb,,
flavor,TSL|BSL|CEFR-J,B1,,noun,"the taste of something, e.g. sweet, sour",
flaw,TSL|BSL|CEFR-J,B2,,noun,something that is faulty in otherwise perfect person/thing,
flawless,CEFR-J,B2,,adjective,,
flax,CEFR-J,B2,,noun,,
flea,CEFR-J,A2,,noun,,
flee,BSL|CEFR-J,B2,,verb,,
fleet,TSL|BSL|CEFR-J,B2,,noun,a group of ships travelling together,
flesh,NAWL|CEFR-J,B2,,n,the soft parts of the body,肉
flexibility,NAWL|TSL|BSL|CEFR-J,B2,,n,the quality of being able to be bent or stretched,柔軟性
flexibly,CEFR-J,B2,,adverb,,
flextime,TSL,,,,there is a choice about when to start and finish working a set number of hours,
flip,NAWL|CEFR-J,B2,,n,to rotate or turn something over,反転する；はじく
flock,CEFR-J,B1,,noun,,
flotation,BSL,,,,,
flour,TSL|CEFR-J,A2,,noun,white powder from wheat used in baking,
flourish,BSL,,,,,
flu,TSL|CEFR-J,B1,,noun,"illness that you catch from other people, that gives you a fever for a few days",
fluctuate,TSL|BSL,,,,comes and goes stronger and weaker,
fluctuation,BSL,,,,,
fluency,CEFR-J,B2,,noun,,
fluent,TSL|CEFR-J,B1,,adjective,able to speak a language easily and with confidence ,
fluently,CEFR-J,B1,,adverb,,
fluid,NAWL|CEFR-J,B2,,adj,a material that can easily flow. e.g. water,流体（名）、 流動的な（形）
flunk,CEFR-J,B1,,verb,,
flute,CEFR-J,B1,,noun,,
flutter,CEFR-J,B2,,noun,,
flux,NAWL,,,n,a state of flow and change,流れ
flyer,TSL,,,,"brochure, leaflet",
fog,TSL|CEFR-J,A2,,noun,a cloud of white filled with small water droplets,
foggy,CEFR-J,A1,,adjective,,
folder,TSL|CEFR-J,A2,,noun,a file or covering to keep papers in,
follower,BSL|CEFR-J,B2,,noun,,
following,CEFR-J,A1,,adjective,,
folly,CEFR-J,B2,,noun,,
fond,CEFR-J,B1,,adjective,,
fondly,CEFR-J,B2,,adverb,,
fondness,CEFR-J,B1,,noun,,
foolish,CEFR-J,B1,,adjective,,
foolishly,CEFR-J,B2,,adverb,,
footballer,CEFR-J,A2,,noun,,
footnote,NAWL|CEFR-J,B2,,n,extra information at the bottom of a page,脚注
footwear,TSL,,,,"something you wear on your feet, such as shoes or boots",
forbid,TSL|BSL|CEFR-J,A2,,verb,to not allow,
forbidden,CEFR-J,B1,,adjective,,
forcefully,CEFR-J,B2,,adverb,,
forecaster,BSL,,,,,
forehead,CEFR-J,B1,,noun,,
foreigner,BSL|CEFR-J,A1,,noun,,
foreman,TSL|CEFR-J,B2,,noun,Senior worker who controls other workers,
foresee,CEFR-J,B2,,verb,,
forestry,CEFR-J,B2,,noun,,
forge,BSL,,,,,
forgive,CEFR-J,B1,,verb,,
fork,TSL|CEFR-J,A2,,noun,eating utensil,
formally,NAWL|TSL|BSL|CEFR-J,B1,,adv,in a formal manner; officially,正式に
formerly,BSL|CEFR-J,B2,,adverb,,
formidable,CEFR-J,B2,,adjective,,
formulate,BSL,,,,,
formulation,NAWL|BSL,,,n,"the development of a plan, system, or proposal",形成；策定
forthcoming,BSL|CEFR-J,B2,,adjective,,
fortnight,CEFR-J,B1,,noun,,
fortunately,TSL|CEFR-J,A2,,adverb,"happily, luckily",
forty,NGSL|NGSL-Spoken|CEFR-J,A1,,number,,
forum,NAWL|TSL|BSL,,,n,meeting where people can openly discuss a subject,フォーラム、講演会、座談会
fossil,NAWL,,,n,a plant or animal that has become rock after many thousands of years,化石
foster,TSL|BSL,,,,to promote or bring about,
foul,CEFR-J,B2,,adjective,,
founder,TSL|BSL,,,,someone who starts a business or organization,
founds,NAWL,,,verb,"to be based on, started or created by",設立する
fountain,TSL|CEFR-J,B1,,noun,a man-made spray of water that shoots upwards,
four,NGSL|NGSL-Spoken|CEFR-J,A1,,number,,
fourteen,NGSL|CEFR-J,A1,,number,,
fox,CEFR-J,B2,,noun,,
fraction,NAWL|BSL,,,n,a part of a whole,一部；少量；分数
fracture,NAWL,,,n,the result of breaking a hard material; a crack,骨折，骨折する；砕く
fragile,BSL,,,,,
fragrance,CEFR-J,B2,,noun,,
franc,BSL,,,,,
franchise,TSL|BSL,,,,"one of many branches of a business you buy, e.g.KFC",
frank,CEFR-J,A2,,adjective,,
frankly,CEFR-J,B2,,adverb,,
frantically,CEFR-J,B2,,adverb,,
fraud,BSL|CEFR-J,B2,,noun,,
fraudulent,BSL,,,,,
freak,CEFR-J,B2,,verb,,
freelance,TSL,,,,"working for yourself, not for an employer  ",
freely,NAWL|BSL|CEFR-J,B1,,adv,"(living, existing) without being controlled",自由に
freezer,CEFR-J,B1,,noun,,
freezing,CEFR-J,B1,,adjective,,
freight,TSL|BSL,,,,goods that are transported from one place to another,
freighter,TSL,,,,a large ship that is used to transport goods,
freshman,CEFR-J,B1,,noun,,
fret,BSL,,,,,
friction,NAWL,,,n,the act of sliding two objects against each other,摩擦
friday,NGSL|CEFR-J,A1,,noun,,
fridge,CEFR-J,A2,,noun,,
fried,CEFR-J,A2,,adjective,,
friendliness,CEFR-J,B1,,noun,,
frigate,CEFR-J,B2,,noun,,
fright,CEFR-J,B1,,noun,,
frightened,CEFR-J,A2,,adjective,,
frightening,CEFR-J,A2,,adjective,,
fringe,NAWL|BSL,,,n,the edge of something; such as the decorative edge on a piece of clothing,縁；縞（しま）
frog,CEFR-J,A1,,noun,,
frontier,BSL|CEFR-J,B2,,noun,,
frost,CEFR-J,B1,,noun,,
frozen,CEFR-J,B1,,adjective,,
frugal,CEFR-J,B2,,adjective,,
frustrate,TSL|BSL,,,,to upset someone,
frustrated,CEFR-J,B1,,adjective,,
frustration,BSL|CEFR-J,B1,,noun,,
fry,TSL|CEFR-J,A2,,noun,to cook in a pan,
frying pan,CEFR-J,B1,,noun,,
full stop,CEFR-J,B1,,noun,,
full-time,CEFR-J,B1,,adjective,,
fume,CEFR-J,B2,,noun,,
functionality,CEFR-J,B2,,noun,,
fundamentally,NAWL,,,adv,in a basic and important way,根本的に
fundraise,TSL,,,,to get money from people for a partular project,
funeral,CEFR-J,B1,,noun,,
fungus,NAWL,,,n pl.,"a group of plants that grow on dead materials and have no flowers, e.g. mushrooms",菌
funk,CEFR-J,B2,,noun,,
funky,CEFR-J,B2,,adjective,,
fur,CEFR-J,B1,,noun,,
furious,CEFR-J,B2,,adjective,,
furiously,CEFR-J,B2,,adverb,,
furnish,TSL|BSL|CEFR-J,B1,,verb,to put furniture in,
furor,CEFR-J,B2,,noun,,
furthest,CEFR-J,B1,,adverb,,
fusion,NAWL,,,n,"when different styles, ideas or designs combine to form something new; in physics: when atoms combine to produce nuclear energy",融合
fuss,CEFR-J,B1,,noun,,
gaiety,CEFR-J,B2,,noun,,
gall,CEFR-J,B1,,noun,,
gallon,TSL|BSL|CEFR-J,B1,,noun,a type of measurement equal to 3.78 liters,
gamble,BSL,,,,,
gambling,CEFR-J,B2,,noun,,
gang,BSL|CEFR-J,B2,,noun,,
gangster,CEFR-J,B2,,noun,,
garage,TSL|CEFR-J,A2,,noun,a place where you keep your car,
garbage,TSL|CEFR-J,A1,,noun,trash; something that is worthless,
gardener,TSL|CEFR-J,B2,,noun,a person who works with plants and flowers for a living,
gardening,CEFR-J,B1,,noun,,
garlic,CEFR-J,A2,,noun,,
garment,TSL|CEFR-J,B1,,noun,"something made of material that you can wear, like pants or a dress",
gasoline,TSL,,,,fuel used in most motor vehicles,
gasp,CEFR-J,B2,,noun,,
gateway,CEFR-J,B2,,noun,,
gaudy,CEFR-J,B2,,adjective,,
gauge,NAWL|BSL,,,n,a tool used to measure things,計測器，測定する
gee,CEFR-J,B1,,interjection,,
generalization,NAWL|TSL|CEFR-J,B2,,n,making a statement about a group from limited data,一般化；一般概念
generalize,NAWL|BSL|CEFR-J,B2,,verb,To apply a particular idea to a large group,一般化する
generator,TSL|BSL,,,,a machine that makes electricity,
generic,TSL|BSL,,,,general,
generosity,CEFR-J,B2,,noun,,
generous,TSL|BSL|CEFR-J,B1,,adjective,to give willingly and freely,
generously,CEFR-J,B2,,adverb,,
genetically,NAWL|CEFR-J,B1,,adv,"caused or controlled, or by genes",遺伝的に
genetics,NAWL|CEFR-J,B1,,n pl.,"the scientific study of genes, how a living things develop between generations",遺伝学
genius,CEFR-J,B2,,noun,,
genocide,BSL,,,,,
genre,TSL|CEFR-J,B2,,noun,"type of art, literature, or film, e.g. romance",
genuinely,BSL|CEFR-J,B2,,adverb,,
geographic,BSL|CEFR-J,B2,,adjective,,
geographical,BSL|CEFR-J,B1,,adjective,,
geography,BSL|CEFR-J,B1,,noun,,
geology,CEFR-J,B1,,noun,,
germ,CEFR-J,B2,,noun,,
getaway,TSL|CEFR-J,B2,,noun,escape or leave very quickly,
ghetto,CEFR-J,B2,,noun,,
ghost,NAWL|CEFR-J,A1,,n,"spirit of a dead person, appearing to the living",幽霊
gifted,CEFR-J,B1,,adjective,,
giggle,CEFR-J,B1,,noun,,
ginger,CEFR-J,B1,,noun,,
giraffe,CEFR-J,B1,,noun,,
girlfriend,CEFR-J,A1,,noun,,
giveaway,CEFR-J,B2,,noun,,
given,CEFR-J,A2,,adjective,,
glacis,CEFR-J,B2,,noun,,
glamorous,CEFR-J,B2,,adjective,,
glare,CEFR-J,B2,,noun,,
glasses,CEFR-J,A1,,noun,,
gleam,CEFR-J,B2,,noun,,
glee,CEFR-J,B2,,noun,,
glide,CEFR-J,B1,,noun,,
glimpse,CEFR-J,B1,,noun,,
glint,CEFR-J,B1,,noun,,
global warming,CEFR-J,B2,,noun,,
globalization,NAWL|BSL,,,n,"international spread of something, e.g. company",世界化
globally,BSL|CEFR-J,B2,,adverb,,
globe,BSL|CEFR-J,A2,,noun,,
glocal,CEFR-J,B2,,adjective,,
gloomy,BSL|CEFR-J,B2,,adjective,,
glorify,CEFR-J,B2,,verb,,
glorious,CEFR-J,B1,,adjective,,
glory,CEFR-J,B1,,noun,,
glove,TSL|CEFR-J,A2,,noun,something you wear on your hand to keep warm,
glow,CEFR-J,B2,,noun,,
goalkeeper,CEFR-J,B1,,noun,,
goat,NAWL|CEFR-J,B2,,n,small animal with beard and horns,ヤギ
goddess,CEFR-J,B1,,noun,,
godly,CEFR-J,B2,,adjective,,
golfer,CEFR-J,B1,,noun,,
good afternoon,CEFR-J,A1,,interjection,,
good morning,CEFR-J,A1,,interjection,,
good night,CEFR-J,A1,,interjection,,
good-looking,CEFR-J,A2,,adjective,,
goodness,NAWL|CEFR-J,B1,,n,nourishment; good food value,よいこと
goods,NAWL|TSL|BSL|CEFR-J,B1,,n pl.,general term for things that are bought or sold,商品
goodwill,BSL|CEFR-J,B2,,noun,,
gook,CEFR-J,B2,,noun,,
gorge,CEFR-J,B2,,noun,,
gorgeous,CEFR-J,B1,,adjective,,
gorilla,CEFR-J,B1,,noun,,
gossip,TSL|CEFR-J,B1,,noun,to talk about someone behind his/her back,
governance,BSL,,,,,
governmental,BSL|CEFR-J,B2,,adjective,,
gown,CEFR-J,B1,,noun,,
grace,CEFR-J,A2,,noun,,
graceful,CEFR-J,B1,,adjective,,
gracefulness,CEFR-J,B2,,noun,,
gradient,NAWL,,,n,a measure of how steep something is,勾配
gradual,CEFR-J,B2,,adjective,,
graduation,TSL|CEFR-J,B1,,noun,the ceremony upon finishing a degree or program,
gram,NAWL|TSL|CEFR-J,A2,,n,a metric unit of weight,グラム
grammatical,NAWL,,,adj,concerning grammatical rules,文法の
grandchild,CEFR-J,A2,,noun,,
granddad,CEFR-J,A2,,noun,,
granddaughter,CEFR-J,A2,,noun,,
grandfather,CEFR-J,A1,,noun,,
grandma,CEFR-J,A1,,noun,,
grandpa,CEFR-J,A1,,noun,,
grandparent,CEFR-J,A1,,noun,,
grandson,CEFR-J,A2,,noun,,
granny,CEFR-J,A2,,noun,,
grape,CEFR-J,A1,,noun,,
graph,NAWL|TSL|BSL|CEFR-J,B1,,n,image expressing numerical data in lines or shapes,図表；グラフ
graphic,TSL|CEFR-J,B1,,adjective,to do with a picture or image,
graphically,CEFR-J,B2,,adverb,,
graphics,TSL|BSL|CEFR-J,B1,,noun,images or pictures ,
grasp,NAWL|BSL|CEFR-J,B2,,verb,to grip something firmly with the hands,握る；把握する，握ること
gratitude,CEFR-J,B1,,noun,,
grave,BSL|CEFR-J,B1,,noun,,
gravestone,CEFR-J,B2,,noun,,
gravitation,CEFR-J,B2,,noun,,
gravity,NAWL,,,n,the force that makes things fall down towards the ground,重力
gravy,CEFR-J,B1,,noun,,
greatness,CEFR-J,B2,,noun,,
greedy,CEFR-J,A2,,adjective,,
greenhouse,BSL|CEFR-J,B1,,noun,,
greeting,CEFR-J,B1,,noun,,
grid,NAWL|BSL,,,n,a metal structure with bars that is used to cover a hole,格子；送電網
grief,CEFR-J,B2,,noun,,
grieve,CEFR-J,B2,,verb,,
grill,TSL|CEFR-J,B1,,noun,"like a barbeque, something you cook on",
grilled,CEFR-J,A2,,adjective,,
grim,BSL|CEFR-J,B2,,adjective,,
grip,BSL|CEFR-J,B2,,noun,,
grocery,TSL|BSL,,,,a place that sells food items,
grocery store,CEFR-J,A2,,noun,,
groom,CEFR-J,B1,,noun,,
gross,NAWL|BSL|CEFR-J,B2,,adj,total amount; extreme or unreasonable,気持ち悪い
ground floor,CEFR-J,B1,,noun,,
grouping,CEFR-J,B1,,noun,,
growing,CEFR-J,B2,,adjective,,
grown-up,CEFR-J,B2,,adjective,,
guerrilla,BSL|CEFR-J,B2,,noun,,
guidance,TSL|BSL|CEFR-J,B1,,noun,the act of showing the way ,
guidebook,CEFR-J,A2,,noun,,
guilt,CEFR-J,B1,,noun,,
guitarist,CEFR-J,B1,,noun,,
gulp,CEFR-J,B2,,noun,,
gum,TSL|CEFR-J,B2,,noun,stubstance that can be used to stick things together ,
gunshot,CEFR-J,B2,,noun,,
gut,NAWL,,,n,"the parts inside: a human body, animal body or a machine",腸
guts,CEFR-J,B2,,noun,,
gym,TSL|CEFR-J,B1,,noun,building with equipment you can use to exercise your body,
gymnasium,TSL,,,,building with equipment you can use to exercise your body,
gymnastic,CEFR-J,B2,,adjective,,
gymnastics,CEFR-J,B1,,noun,,
habitant,CEFR-J,B2,,noun,,
habitat,NAWL|CEFR-J,B1,,n,"the natural place, or type of place, where a plant or animal lives",生息地
habitual,TSL,,,,"regular, what you always do",
hacker,TSL,,,,someone who gains access to a computer system without permission,
had,CEFR-J,A1,,have-verb,,
hail,CEFR-J,B2,,verb,,
haircut,CEFR-J,A1,,noun,,
hairdresser,CEFR-J,B1,,noun,,
hairdryer,CEFR-J,B1,,noun,,
hairy,CEFR-J,B2,,adjective,,
half-price,CEFR-J,A2,,adjective,,
halfway,NAWL,,,adv,a middle point between two extremes,中間で；途中で
hallway,TSL,,,,a passage or corridor that other rooms open out of ,
halt,BSL,,,,,
ham,CEFR-J,A2,,noun,,
hamburger,TSL|CEFR-J,A1,,noun,a flat round cake of minced beef that is fried and then eaten in a bread roll,
hammer,CEFR-J,B1,,noun,,
hand-held,CEFR-J,B1,,adjective,,
handbag,CEFR-J,A2,,noun,,
handball,CEFR-J,B1,,noun,,
handbook,TSL,,,,a book that gives intructions on how to do something,
handful,BSL,,,,,
handicap,CEFR-J,B2,,noun,,
handicapped,CEFR-J,A2,,adjective,,
handicraft,CEFR-J,B2,,noun,,
handkerchief,CEFR-J,B1,,noun,,
handout,NAWL|CEFR-J,B2,,n,"a piece of paper with information, often given out before a presentation",配布資料
handrail,CEFR-J,B2,,noun,,
handset,BSL,,,,,
handshake,CEFR-J,B1,,noun,,
handsome,CEFR-J,A1,,adjective,,
handwriting,CEFR-J,B1,,noun,,
handy,TSL|CEFR-J,B1,,adjective,useful,
hanging,CEFR-J,B1,,adjective,,
happily,CEFR-J,A2,,adverb,,
hard drive,CEFR-J,B2,,noun,,
hard-working,CEFR-J,B1,,adjective,,
hardship,CEFR-J,B1,,noun,,
hardware,TSL|BSL|CEFR-J,B2,,noun,tools or equipment,
hardworking,TSL,,,,always puts a lot of effort into the task or job,
harmful,TSL|CEFR-J,A2,,adjective,"damaging, hurtful",
harmless,CEFR-J,B2,,adjective,,
harmony,CEFR-J,A2,,noun,,
harness,CEFR-J,B1,,noun,,
harrow,CEFR-J,B2,,noun,,
harsh,BSL,,,,,
harvest,NAWL|BSL|CEFR-J,A2,,n,the time of year to bring crops in from the fields,収穫
has,CEFR-J,A1,,have-verb,,
haste,CEFR-J,B2,,noun,,
hastily,CEFR-J,B2,,adverb,,
hasty,CEFR-J,B1,,adjective,,
hatch,CEFR-J,B1,,noun,,
hatching,CEFR-J,B2,,noun,,
hatred,CEFR-J,B1,,noun,,
haul,BSL,,,,,
haunt,CEFR-J,B1,,noun,,
haunting,CEFR-J,B2,,adjective,,
have to,CEFR-J,A1,,modal auxiliary,,
haven,CEFR-J,B1,,noun,,
hawk,NAWL,,,n,a large bird that gets its food by killing smaller birds and animals,タカ
hay,CEFR-J,B2,,noun,,
hazard,TSL|BSL|CEFR-J,B1,,noun,something that is dangerous,
hazardous,TSL|CEFR-J,B2,,adjective,to be dangerous,
headache,TSL|CEFR-J,A1,,noun,pain in the head ,
headline,BSL|CEFR-J,B1,,noun,,
headphone,TSL|CEFR-J,A2,,noun,a set of small speakers that fit into each ear so that only you can hear the sound,
headquarter,NAWL|TSL|BSL,,,n,the main office of a company or organisation,本社
headquarters,CEFR-J,B2,,noun,,
headteacher,CEFR-J,A2,,noun,,
heal,CEFR-J,B1,,verb,,
healing,CEFR-J,B1,,adjective,,
health care,CEFR-J,B2,,noun,,
healthcare,TSL|BSL,,,,the business of providing medical services to a community or individuals,
healthful,TSL,,,,helping to keep well in body and mind,
heap,CEFR-J,B2,,noun,,
hearing,CEFR-J,B1,,noun,,
heart attack,CEFR-J,B1,,noun,,
heartbreaking,CEFR-J,B2,,adjective,,
hearted,CEFR-J,B1,,adjective,,
heartwarming,CEFR-J,B2,,adjective,,
hearty,CEFR-J,B1,,adjective,,
heater,TSL|CEFR-J,B1,,noun,something that warms a room,
heating,CEFR-J,A2,,noun,,
heaven,CEFR-J,B1,,noun,,
heavenly,CEFR-J,B1,,adjective,,
hedge,NAWL|BSL|CEFR-J,B2,,n,a fence made with small trees; avoid or try to avoid fulfilling,生け垣；防衛
heel,CEFR-J,B1,,noun,,
heir,BSL,,,,,
helicopter,BSL|CEFR-J,B2,,noun,,
helix,NAWL,,,n,a 3D spiral shape,螺旋
helmet,TSL|CEFR-J,B1,,noun,something you wear to protect your head,
helper,CEFR-J,B2,,noun,,
helpless,CEFR-J,B1,,adjective,,
hemp,CEFR-J,B2,,noun,,
hepatitis,NAWL,,,n,"a disease of the liver that causes inflammation, yellow skin and a fever",肝炎
her,CEFR-J,A1,,determiner,,
herb,CEFR-J,B2,,noun,,
herbicide,NAWL,,,n,a poison that kills weeds,除草剤
herd,CEFR-J,B1,,noun,,
hereby,TSL,,,,a formal way of saying 'as a result of this',
heritage,CEFR-J,B2,,noun,,
hers,CEFR-J,A1,,pronoun,,
hesitant,TSL,,,,hold back from acting because you are uncertain or undecided,
hesitation,TSL|CEFR-J,B2,,noun,the act of pausing uncertainly,
hey,CEFR-J,A2,,interjection,,
hidden,CEFR-J,B1,,adjective,,
hierarchy,NAWL|BSL,,,n,a system for organizing people or things according to their importance,階層；ヒエラルキー
high school,CEFR-J,A2,,noun,,
high-tech,CEFR-J,B2,,adjective,,
highway,TSL|BSL|CEFR-J,A2,,noun,a major road connecting cities,
hijack,CEFR-J,B2,,noun,,
hike,TSL|CEFR-J,A2,,noun,walk a long way,
hiker,TSL,,,,someone who likes to go for long walks in their leisure time,
hiking,CEFR-J,A2,,noun,,
hilarious,CEFR-J,B2,,adjective,,
him,CEFR-J,A1,,pronoun,,
hip,NAWL|CEFR-J,B1,,n,the upper part of the leg,臀部；腰
hip hop,CEFR-J,A2,,noun,,
his,CEFR-J,A1,,determiner,,
histogram,BSL,,,,,
historically,NAWL|BSL,,,adv,throughout history,歴史的に
hitherto,BSL,,,,,
hiv,CEFR-J,B1,,noun,,
hobby,TSL|CEFR-J,A1,,noun,something you do in your spare time for fun,
hockey,CEFR-J,A2,,noun,,
hollow,CEFR-J,B2,,adjective,,
holocaust,CEFR-J,B2,,noun,,
holy,CEFR-J,B1,,adjective,,
homeless,TSL|CEFR-J,B1,,adjective,to be without a place to live ,
homemade,TSL,,,,not bought from a store; made at home,
homeowner,TSL|BSL,,,,someone who owns the house that they live in ,
hometown,CEFR-J,A1,,noun,,
homeward,CEFR-J,B2,,adjective,,
homework,NAWL|TSL|CEFR-J,A1,,n,work that a student is given to do at home,宿題
hone,CEFR-J,B2,,noun,,
honestly,TSL|CEFR-J,B1,,adverb,"really, truly",
honesty,CEFR-J,B1,,noun,,
honey,CEFR-J,A2,,noun,,
honeymoon,CEFR-J,B1,,noun,,
honorable,CEFR-J,B2,,adjective,,
hood,CEFR-J,B2,,noun,,
hop,CEFR-J,B1,,noun,,
hopeful,CEFR-J,B1,,adjective,,
hopeless,CEFR-J,B1,,adjective,,
horizon,NAWL|BSL|CEFR-J,B1,,n,the line where the earth or sea meets the sky,地平線；水平線；視野；層位
horizontal,NAWL|BSL,,,adj,flat or level,水平の
hormone,NAWL,,,n,a chemical produced by the body to control some function,ホルモン
horn,CEFR-J,B1,,noun,,
horrify,CEFR-J,B1,,verb,,
horror,BSL|CEFR-J,A2,,noun,,
hospice,CEFR-J,B2,,noun,,
hospitable,CEFR-J,B2,,adjective,,
hospitality,TSL|CEFR-J,B2,,noun,"welcoming, friendly behavior  you show to visitors or guests",
hospitalize,CEFR-J,B2,,verb,,
hostel,CEFR-J,B1,,noun,,
hostile,BSL,,,,,
hostility,BSL,,,,,
hotline,TSL,,,,"telephone line that gives direct, fast access",
hourly,TSL|CEFR-J,B2,,adjective,happens every 60 minutes,
housekeep,TSL,,,,take care of all business related to a household,
housekeeper,TSL|CEFR-J,B2,,noun,someone whose job it is to take care of and clean another person's house,
housemaster,CEFR-J,B2,,noun,,
housewife,CEFR-J,B2,,noun,,
housework,CEFR-J,B1,,noun,,
hover,CEFR-J,B2,,verb,,
hub,BSL,,,,,
hug,CEFR-J,B2,,noun,,
hugely,BSL|CEFR-J,B2,,adverb,,
human rights,CEFR-J,B2,,noun,,
humane,CEFR-J,B2,,adjective,,
humanist,CEFR-J,B2,,noun,,
humanity,CEFR-J,B1,,noun,,
humanize,CEFR-J,B2,,verb,,
humble,CEFR-J,B2,,adjective,,
humbug,CEFR-J,B2,,noun,,
humid,CEFR-J,B1,,adjective,,
humidity,TSL,,,,how much dampness their is in the air,
humiliate,CEFR-J,B2,,verb,,
humiliating,CEFR-J,B2,,adjective,,
humiliation,CEFR-J,B2,,noun,,
humorous,CEFR-J,B1,,adjective,,
hundred,NGSL|NGSL-Spoken|CEFR-J,A2,,number,,
hungry,TSL|BSL|CEFR-J,A1,,adjective,"in need of food, needing to eat",
hunter,CEFR-J,A2,,noun,,
hunting,CEFR-J,B2,,noun,,
hurdle,BSL,,,,,
hurricane,TSL,,,,a strong often deadly storm that begins over the water,
hurriedly,CEFR-J,B1,,adverb,,
hush,CEFR-J,B2,,verb,,
hut,CEFR-J,B1,,noun,,
hybrid,BSL|CEFR-J,B2,,adjective,,
hydrogen,NAWL|BSL,,,n,"the lightest of all chemical elements, has no smell or color",水素
hygiene,TSL|CEFR-J,B2,,noun,how you keep yourself and your surroundings clean and so that you stay healthy,
hyperbole,CEFR-J,B2,,noun,,
hyphen,CEFR-J,B2,,noun,,
hypothetical,BSL,,,,,
ice cream,TSL|CEFR-J,A1,,noun,"Frozen food made of cream, very sweet and good to eat",
ice hockey,CEFR-J,B1,,noun,,
ice skating,CEFR-J,B1,,noun,,
iceman,CEFR-J,B2,,noun,,
icon,BSL|CEFR-J,B2,,noun,,
icy,TSL|CEFR-J,B2,,adjective,made of ice,
id,CEFR-J,A2,,noun,,
id card,CEFR-J,A2,,noun,,
ideally,TSL|BSL|CEFR-J,B2,,adverb,in a perfect world,
identical,NAWL|BSL|CEFR-J,B2,,adj,the same in every way,同一の
identification,NAWL|TSL|BSL|CEFR-J,B2,,n,(card or paper) that proves who a person is,確認；識別；身分証明書
identity card,CEFR-J,B1,,noun,,
ideological,BSL,,,,,
ideology,NAWL|BSL|CEFR-J,B2,,n,ideas or beliefs which form theory and policy,イデオロギー
idiom,CEFR-J,B1,,noun,,
idiot,CEFR-J,B2,,noun,,
idle,BSL|CEFR-J,B2,,adjective,,
idol,CEFR-J,B1,,noun,,
idolize,CEFR-J,B2,,verb,,
ignorance,CEFR-J,B2,,noun,,
ignorant,CEFR-J,B2,,adjective,,
illegally,CEFR-J,B1,,adverb,,
illogical,TSL,,,,"not making any sense, lack of reasoning",
illuminate,CEFR-J,B1,,verb,,
illusion,NAWL,,,n,"an image that seems real, but is not real",幻想
imagery,CEFR-J,B2,,noun,,
imaginary,CEFR-J,B1,,adjective,,
imbalance,BSL,,,,,
imitate,CEFR-J,B1,,verb,,
imitation,CEFR-J,B2,,noun,,
immerse,CEFR-J,B2,,verb,,
immigrate,CEFR-J,B1,,verb,,
immigration,TSL|BSL|CEFR-J,B1,,noun,the act of moving from one country to another for good,
imminent,BSL,,,,,
immoral,CEFR-J,B2,,adjective,,
immortal,CEFR-J,B2,,adjective,,
immortality,CEFR-J,B2,,noun,,
immune,NAWL|BSL,,,adj,"not affected by something, such as a disease",免疫
impact,NAWL|TSL|BSL|CEFR-J,A2,,n,a striking effect or result to hit with force,影響，影響を与える
impair,BSL|CEFR-J,B1,,verb,,
impairment,BSL,,,,,
impartial,CEFR-J,B2,,adjective,,
impatient,TSL|CEFR-J,A2,,adjective,"in a hurry, not calm",
impatiently,CEFR-J,B2,,adverb,,
imperative,TSL|CEFR-J,B2,,noun,very important and urgent,
impermanent,CEFR-J,B2,,adjective,,
implicit,NAWL|BSL,,,adj,not stated directly,暗黙の
impolite,CEFR-J,B2,,adjective,,
impolitely,CEFR-J,B2,,adverb,,
importantly,NAWL|BSL|CEFR-J,A2,,adv,in an important way; ,重要なことには
importer,BSL,,,,,
impossibility,CEFR-J,B2,,noun,,
impractical,CEFR-J,B2,,adjective,,
impressed,CEFR-J,B2,,adjective,,
impressionism,CEFR-J,B2,,noun,,
impressionist,CEFR-J,B2,,noun,,
imprison,CEFR-J,B2,,verb,,
imprisonment,CEFR-J,B2,,noun,,
improbable,CEFR-J,B2,,adjective,,
improper,CEFR-J,B1,,adjective,,
improperly,CEFR-J,B2,,adverb,,
improved,CEFR-J,B2,,adjective,,
impulse,NAWL|CEFR-J,B2,,n,a sudden desire to do something that is not planned,衝撃
impulsive,CEFR-J,B2,,adjective,,
inability,BSL,,,,,
inaccurate,CEFR-J,B2,,adjective,,
inadequate,BSL|CEFR-J,B2,,adjective,,
inanimate,CEFR-J,B2,,adjective,,
inappropriate,TSL|BSL,,,,not suitable for use in a given situation,
inborn,CEFR-J,B2,,adjective,,
incense,CEFR-J,B2,,noun,,
incidence,NAWL,,,n,the rate that something happens,発生率
incline,NAWL|BSL,,,n,a slope or surface that rises uphill,傾く，傾斜
including,CEFR-J,B1,,preposition,,
inclusion,NAWL|BSL,,,n,act of including; person/thing that is included,包含
inclusive,TSL,,,,includes everything,
incoming,TSL,,,,just arriving,
incomplete,TSL|BSL,,,,not yet finished,
inconsistent,BSL,,,,,
inconvenience,TSL,,,,something that causes trouble or discomfort,
inconvenient,CEFR-J,B1,,adjective,,
incorporation,BSL,,,,,
incorrect,BSL|CEFR-J,B1,,adjective,,
incredible,NAWL|CEFR-J,B1,,adj,very hard to believe,信じられない
incredibly,NAWL|CEFR-J,B1,,adv,"extremely, hard to believe",信じられないほど
incremental,BSL,,,,,
incumbent,NAWL|BSL,,,n,a person who holds a particular office or position,現職
incur,TSL|BSL|CEFR-J,B2,,verb,lay yourself open to something as a result of your actions,
incurable,CEFR-J,B2,,adjective,,
indebted,CEFR-J,B2,,adjective,,
indefinite article,CEFR-J,B1,,noun,,
indent,CEFR-J,B2,,verb,,
independently,NAWL|BSL|CEFR-J,B2,,adv,in a manner being free from the control of another,独立して
indescribable,CEFR-J,B2,,adjective,,
indicator,NAWL|TSL|BSL,,,n,"an instrument that shows conditions in a machine, such as temperature, speed, pressure; in chemistry: a compound that changes color in the presence of an acid or a base",測定器；指針
indifference,NAWL|BSL,,,n,a lack of enthusiasm or interest in things; seeming not to care,無関心
indifferent,CEFR-J,B2,,adjective,,
indigenous,NAWL,,,adj,"living or growing naturally in an area, not brought from somewhere else",固有の；土着の
indignity,CEFR-J,B2,,noun,,
indirect,NAWL|TSL|BSL|CEFR-J,B1,,adj,having a path that is not straight or direct,間接的な
indirectly,BSL|CEFR-J,B1,,adverb,,
indispensable,CEFR-J,B2,,adjective,,
individually,NAWL|TSL|BSL,,,adv,in a way involving only that person,個別に
indoor,TSL|CEFR-J,A2,,adjective,inside a house or building,
indoors,CEFR-J,B1,,adverb,,
induce,NAWL|BSL,,,verb,"to cause, to persuade",誘発する
induction,NAWL|TSL,,,n,"bringing about, or causing",誘導
indulge,CEFR-J,B2,,verb,,
indulgent,CEFR-J,B2,,adjective,,
industrialization,NAWL,,,n,process of creating and developing many businesses,工業化
industrialize,NAWL|CEFR-J,B2,,verb,To make into something at an industrial level,工業化する
ineffective,BSL|CEFR-J,B2,,adjective,,
inefficiency,BSL,,,,,
inefficient,TSL|BSL,,,,not working well or quickly,
inequality,NAWL|BSL,,,n,situation where things are not equal/fair,不平等
inert,CEFR-J,B2,,adjective,,
inevitable,BSL|CEFR-J,B1,,adjective,,
inevitably,NAWL|BSL,,,adv,happening with complete certainty,必然的に
inexpensive,TSL|CEFR-J,A2,,adjective,having a low price; cheap,
inexperience,TSL,,,,to not have much practice with something,
inexperienced,CEFR-J,B2,,adjective,,
infect,NAWL|BSL|CEFR-J,B2,,verb,to give someone a disease,感染する
infected,CEFR-J,B2,,adjective,,
infectious,NAWL|CEFR-J,B2,,adj,"capable of causing infection, by the spreading of a bacteria or virus to others",伝染性の
infer,TSL|CEFR-J,B2,,verb,to guess something with given information,
inference,NAWL|TSL|BSL|CEFR-J,B2,,n,an opinion that you form based on information you already have,推論
inferior,NAWL,,,adj,not as good as something else,劣る，目下の者
infinite,NAWL,,,adj,without an end,無限の
infinitive,CEFR-J,B1,,noun,,
infinity,NAWL,,,n,with out end; limitless,無限
inflammation,CEFR-J,B2,,noun,,
inflammatory,CEFR-J,B2,,adjective,,
inflate,TSL|BSL|CEFR-J,B2,,verb,to make bigger,
inflationary,BSL,,,,,
inflow,BSL,,,,,
influential,NAWL|TSL|BSL|CEFR-J,B2,,adj,having the power to cause change; having influence,影響力のある
influenza,CEFR-J,B2,,noun,,
info,BSL,,,,,
informal,NAWL|TSL|BSL|CEFR-J,B2,,adj,not official; not done by the rules,非公式の
informative,TSL|CEFR-J,B1,,adjective,tells you a lot of useful facts about somethiing,
infrastructure,BSL,,,,,
infringe,CEFR-J,B2,,verb,,
infringement,CEFR-J,B2,,noun,,
ingredient,TSL|BSL|CEFR-J,B1,,noun,"something listed in a recipe, e.g. flour, sugar",
inhabit,CEFR-J,B2,,verb,,
inhabitant,CEFR-J,B1,,noun,,
inhale,CEFR-J,B1,,verb,,
inherent,BSL,,,,,
inherit,BSL|CEFR-J,B2,,verb,,
inhibit,NAWL,,,verb,to make it difficult for a process to start or continue in a normal way,抑制する
inhibition,NAWL,,,n,the process whereby nerves can retard or prevent the functioning of an organ; the act of blocking or holding back,抑制；阻害
initiate,NAWL|BSL,,,verb,to start,始める
initiation,NAWL,,,n,"a formal entry into an organization, position or office",開始
inject,NAWL|CEFR-J,B1,,verb,to put medicine into someone with a syringe,注入する
injection,NAWL|BSL|CEFR-J,B2,,n,a way to put (inject) a drug or another substance into your body,注射；注入
injured,CEFR-J,B2,,adjective,,
ink,TSL|BSL|CEFR-J,B1,,noun,liquid found in pens,
innate,NAWL|CEFR-J,B2,,adj,present in a person or animal from the time of birth,生まれつきの
innermost,CEFR-J,B1,,adjective,,
innocently,CEFR-J,B2,,adverb,,
innovative,TSL|BSL|CEFR-J,B2,,adjective,to be creative and come up with new ideas,
innovator,CEFR-J,B1,,noun,,
inquire,TSL|CEFR-J,B2,,verb,to ask about ,
insane,CEFR-J,B1,,adjective,,
inscribe,CEFR-J,B1,,verb,,
inscription,CEFR-J,B1,,noun,,
insect,NAWL|CEFR-J,A2,,n,"a small animal with 6 legs, such as a bee or ant",昆虫
inseparable,CEFR-J,B2,,adjective,,
insert,NAWL|TSL|BSL,,,verb,to put something in something,挿入する
insider,BSL,,,,,
inspect,TSL|BSL|CEFR-J,B2,,verb,look over carefully,
inspection,TSL|BSL|CEFR-J,B1,,noun,a formal or official examination of something,
inspector,TSL|BSL|CEFR-J,B2,,noun,a high ranking police officer  ,
inspiration,TSL|CEFR-J,A2,,noun,the thing or person that encourages you to do something,
inspirational,CEFR-J,B2,,adjective,,
instability,NAWL|BSL,,,n,not stable; changeable,不安定
installation,TSL|BSL,,,,the act of connecting or inputting something ,
installment,BSL,,,,,
instant,BSL|CEFR-J,A2,,adjective,,
instantly,CEFR-J,B2,,adverb,,
instead of,CEFR-J,B1,,preposition,,
instill,CEFR-J,B2,,verb,,
instinct,NAWL|BSL|CEFR-J,B2,,n,"the natural way a person or animal thinks or behaves, knowledge that is not learned",本能
institute,TSL|BSL|CEFR-J,B1,,noun,like a school or college,
instruct,TSL|BSL|CEFR-J,B2,,verb,to teach,
instructor,TSL|BSL|CEFR-J,B1,,noun,someon who teaches for a living,
insufficient,TSL|BSL|CEFR-J,B2,,adjective,not enough,
insult,CEFR-J,B2,,noun,,
insurer,BSL,,,,,
insurgency,BSL,,,,,
insurgent,BSL,,,,,
intangible,BSL,,,,,
integral,NAWL|TSL|BSL,,,adj,part of something,不可欠な
integration,NAWL|BSL,,,n,act of bringing things together into a whole,統合
integrity,BSL,,,,,
intelligent,BSL|CEFR-J,A2,,adjective,,
intensify,BSL,,,,,
intensity,NAWL|BSL,,,n,"great energy, strength, or concentration",激しさ；強度
intensive,NAWL|BSL|CEFR-J,B1,,adj,needing great effort for a short period of time,激しい；集中的な
intent,BSL|CEFR-J,B2,,adjective,,
intentionally,CEFR-J,B1,,adverb,,
intently,TSL,,,,concentrate closely,
inter,BSL,,,,,
interact,NAWL|BSL|CEFR-J,B1,,verb,"an action that is answered by a reaction, verbal or physical",相互に作用する
interactive,TSL|BSL|CEFR-J,B2,,adjective,to engage with others,
intercept,BSL,,,,,
interested,CEFR-J,A1,,adjective,,
interesting,CEFR-J,A1,,adjective,,
interestingly,NAWL,,,adv,you'll find this surprising; in an interesting way,興味深いことに
interface,NAWL|BSL,,,n,a shared boundary between two persons or systems through which information is communicated.,接点
interfere,NAWL|TSL|BSL|CEFR-J,B2,,verb,to get involved in the business of others without invitation,干渉する
interference,BSL,,,,,
interim,BSL,,,,,
intermediary,BSL,,,,,
intermediate,NAWL|BSL|CEFR-J,B1,,adj,between,中級の；中間の
intermission,CEFR-J,B1,,noun,,
intern,TSL,,,,"a stuent or trainee who is doing a job, often without pay, to get work experience",
internally,BSL,,,,,
internationally,TSL|BSL|CEFR-J,B1,,adverb,around the world,
internet,TSL|BSL|CEFR-J,A1,,noun,"the information highway, the worldwide web",
internship,TSL,,,,"a position or placement for someone to learn a job through work, sometimes without pay",
interpersonal,CEFR-J,B2,,adjective,,
interpreter,TSL|CEFR-J,B2,,noun,someone who translates from one language to another,
interrupt,NAWL|TSL|CEFR-J,B1,,verb,to cause something to stop happening for a time,中断する；割り込む
interruption,CEFR-J,B2,,noun,,
intersection,TSL|CEFR-J,B2,,noun,where two paths cross each other,
interval,NAWL|BSL|CEFR-J,B1,,n,"the distance between two points, numbers or times",間隔；区間
intervene,NAWL|BSL,,,verb,"to get involved, to prevent trouble",介入する
interviewee,CEFR-J,B1,,noun,,
interviewer,NAWL|CEFR-J,A1,,n,a person who asks questions to obtain information,面接する人
intimate,CEFR-J,B2,,adjective,,
intonation,TSL,,,,the rise and fall of the voice when speaking,
intransitive,CEFR-J,B2,,adjective,,
intravenous,CEFR-J,B2,,adjective,,
intrigue,BSL,,,,,
intrinsic,BSL,,,,,
introductory,TSL,,,,"something that comes before the main event, e.g. introductory speech",
intrude,CEFR-J,B2,,verb,,
intruder,CEFR-J,B2,,noun,,
intrusion,CEFR-J,B2,,noun,,
invade,NAWL|BSL|CEFR-J,A2,,verb,to enter a place with an aim of taking control of it,侵入する
invaluable,TSL,,,,to be of great worth,
invariable,CEFR-J,B2,,adjective,,
invariably,CEFR-J,B2,,adverb,,
invasion,NAWL|BSL|CEFR-J,B1,,n,an entry into a place for the purpose of taking control,侵略
invention,TSL|BSL|CEFR-J,A2,,noun,the idea or creation of something new,
inventor,CEFR-J,B2,,noun,,
inventory,TSL|BSL,,,,detailed list of everything included,
inversion,NAWL,,,n,a change in position of things so they become the opposite,反転
invert,NAWL,,,verb,to turn something upside down,反転する
inverted commas,CEFR-J,B2,,noun,,
investigator,BSL|CEFR-J,B2,,noun,,
invisible,CEFR-J,B2,,adjective,,
invitingly,CEFR-J,B2,,adverb,,
invoice,TSL|BSL,,,,a written request for payment for the goods and services listed,
invoke,CEFR-J,B2,,verb,,
involuntarily,CEFR-J,B1,,adverb,,
involved,CEFR-J,B1,,adjective,,
ion,NAWL,,,n,a charged atom,イオン
ironically,CEFR-J,B2,,adverb,,
ironing,CEFR-J,B1,,noun,,
irrational,CEFR-J,B2,,adjective,,
irregular,TSL|CEFR-J,B1,,adjective,occuring at unexpected times,
irrelevant,NAWL|TSL|BSL,,,adj,"not important, not related to the topic",無関係の
irresistible,CEFR-J,B2,,adjective,,
irresistibly,CEFR-J,B2,,adverb,,
irresponsible,CEFR-J,B2,,adjective,,
irrigation,NAWL,,,n,supplying land with water using pipes,かんがい
irritate,TSL|CEFR-J,B1,,verb,to bother,
irritated,CEFR-J,B2,,adjective,,
irritating,CEFR-J,B2,,adjective,,
irritation,CEFR-J,B2,,noun,,
is,CEFR-J,A1,,be-verb,,
islander,CEFR-J,B2,,noun,,
isle,CEFR-J,B1,,noun,,
isolation,BSL|CEFR-J,B1,,noun,,
issuance,BSL,,,,,
issuer,BSL,,,,,
italicize,CEFR-J,B2,,verb,,
itch,CEFR-J,B2,,verb,,
itinerary,TSL,,,,a detailed plan of what will happen on a journey,
its,CEFR-J,A1,,determiner,,
ivory,CEFR-J,B1,,noun,,
jade,CEFR-J,B1,,noun,,
jam,TSL|CEFR-J,A2,,noun,push down hard,
january,NGSL|CEFR-J,A1,,noun,,
jar,CEFR-J,B1,,noun,,
jaw,CEFR-J,B2,,noun,,
jazz,NAWL|TSL|CEFR-J,B1,,n,a type of American music known for its energetic beat and parts that musicians make up as they go along,ジャズ
jealous,CEFR-J,B1,,adjective,,
jealously,CEFR-J,B2,,adverb,,
jeans,TSL|CEFR-J,A1,,noun,pants made from denim,
jelly,CEFR-J,A2,,noun,,
jeopardize,CEFR-J,B2,,verb,,
jet,TSL|BSL|CEFR-J,A1,,noun,an airplane,
jewel,CEFR-J,B1,,noun,,
jeweler,CEFR-J,B2,,noun,,
jewelry,TSL|CEFR-J,A1,,noun,"gold, silver, stones etc. you wear for decoration, e.g. necklace",
jog,TSL|CEFR-J,B2,,noun,a gentle run,
jogging,CEFR-J,B1,,noun,,
jointly,BSL,,,,,
journalism,TSL|CEFR-J,B2,,noun,the reporting of news,
judicial,BSL,,,,,
judo,CEFR-J,B2,,noun,,
jug,CEFR-J,B1,,noun,,
juice,TSL|CEFR-J,A1,,noun,the natural liquid from a plant or fruit,
juicy,CEFR-J,B1,,adjective,,
july,NGSL|CEFR-J,A1,,noun,,
jumper,CEFR-J,B1,,noun,,
june,NGSL|CEFR-J,A1,,noun,,
jungle,CEFR-J,B1,,noun,,
junior,NAWL|TSL|BSL|CEFR-J,A2,,adj,someone lower in rank,年下の；後輩の，年少者
junk,TSL|BSL|CEFR-J,A2,,noun,useless item; trash,
junk food,CEFR-J,B2,,noun,,
jurisdiction,BSL,,,,,
juror,CEFR-J,B2,,noun,,
justification,NAWL|BSL,,,n,a reason or fact that explains why something happens or exists,正当化
kangaroo,CEFR-J,B2,,noun,,
karaoke,CEFR-J,B2,,noun,,
keeper,CEFR-J,B2,,noun,,
kerosene,CEFR-J,B2,,noun,,
kettle,CEFR-J,B1,,noun,,
keyboard,TSL|CEFR-J,B1,,noun,the part of computer that you type on ,
keystroke,CEFR-J,B2,,noun,,
kidnap,BSL,,,,,
kidney,NAWL,,,n,an organ in the body that cleans the blood,腎臓
killer,BSL|CEFR-J,A2,,noun,,
killing,CEFR-J,B1,,noun,,
kilo,CEFR-J,A2,,noun,,
kilogram,TSL|CEFR-J,A2,,noun,a unit of weight; one kilogram is about the same weight as 2.2 pounds,
kilometer,NAWL|TSL|CEFR-J,A2,,n,a metric unit of length equal to 1000 meters,キロメートル
kindly,CEFR-J,A2,,adjective,,
kindness,CEFR-J,B1,,noun,,
kingdom,CEFR-J,A2,,noun,,
kit,TSL|CEFR-J,A2,,noun,a box of tools or equipment,
kite,CEFR-J,A1,,noun,,
kitten,CEFR-J,B1,,noun,,
kneel,CEFR-J,B2,,verb,,
knit,CEFR-J,B1,,verb,,
knot,CEFR-J,B2,,noun,,
knowingly,CEFR-J,B2,,adverb,,
knowledgeable,TSL,,,,to know much about a topic,
known,CEFR-J,B2,,adjective,,
lab,NAWL|TSL|BSL|CEFR-J,B1,,n,laboratory; a place to do scientific experiments,研究所
laborer,CEFR-J,B2,,noun,,
ladder,TSL|CEFR-J,B1,,noun,something you use to climb up high,
lag,BSL,,,,,
lamb,CEFR-J,B1,,noun,,
lame,CEFR-J,B2,,adjective,,
lamp,TSL|CEFR-J,A2,,noun,an artificial source of light ,
lance,CEFR-J,B2,,noun,,
landing,CEFR-J,B2,,noun,,
landlady,CEFR-J,B2,,noun,,
landlord,TSL|BSL|CEFR-J,B1,,noun,the person who owns the place you rent,
landslide,CEFR-J,B2,,noun,,
lane,TSL|CEFR-J,A2,,noun,a narrow road,
lap,CEFR-J,B2,,noun,,
laptop,TSL|BSL|CEFR-J,B2,,noun,a computer small enough to carry and to use in your lap  ,
lark,CEFR-J,B2,,noun,,
laser,BSL|CEFR-J,B2,,noun,,
last minute,CEFR-J,B2,,noun,,
last name,CEFR-J,A1,,noun,,
last-minute,CEFR-J,B2,,adjective,,
lasting,CEFR-J,B1,,adjective,,
lastly,CEFR-J,B2,,adverb,,
latecomer,CEFR-J,B1,,noun,,
lately,TSL|BSL|CEFR-J,B1,,adverb,recently,
later,CEFR-J,B2,,adjective,,
lateral,NAWL,,,adj,on the side; moving sideways,横の，側面
latest,CEFR-J,A2,,adjective,,
launder,BSL,,,,,
laundry,TSL|CEFR-J,B2,,noun,dirty clothes that need washing,
lava,CEFR-J,B2,,noun,,
lawful,CEFR-J,B1,,adjective,,
lawmaker,CEFR-J,B2,,noun,,
lawn,TSL|CEFR-J,B2,,noun,the grassy area in your garden,
lawsuit,BSL|CEFR-J,B2,,noun,,
layabout,CEFR-J,B2,,noun,,
layoff,TSL,,,,"the act of ending a worker's job because there is not enough work, or not enough money to pay for it",
layout,NAWL|TSL|BSL,,,n,"plan or design of something, e.g. of book page",レイアウト；設計
laziness,CEFR-J,A2,,noun,,
leading,CEFR-J,B1,,adjective,,
leaf,NAWL|CEFR-J,A1,,n,the green part of a tree or plant,葉
leaflet,CEFR-J,B2,,noun,,
leak,TSL|BSL|CEFR-J,B2,,noun,to drip water or other liquid,
learner,CEFR-J,A2,,noun,,
learning,CEFR-J,B2,,noun,,
lease,TSL|BSL|CEFR-J,B2,,noun,to rent,
leash,CEFR-J,B2,,noun,,
lecturer,NAWL|TSL|CEFR-J,B2,,n,a junior teacher in university,講師
ledger,BSL,,,,,
leek,CEFR-J,B2,,noun,,
left-hand,CEFR-J,A2,,adjective,,
legacy,BSL,,,,,
legally,BSL|CEFR-J,B1,,adverb,,
legend,NAWL|CEFR-J,B2,,n,"old story generally believed, although not proven",伝説
legendary,CEFR-J,B2,,adjective,,
legislate,CEFR-J,B2,,verb,,
legislative,BSL|CEFR-J,B2,,adjective,,
legislator,CEFR-J,B2,,noun,,
legislature,BSL|CEFR-J,B2,,noun,,
legitimacy,BSL,,,,,
legitimate,NAWL|BSL|CEFR-J,B2,,adj,being reasonable and sound,正当な；合法な
leisure,NAWL|TSL|BSL|CEFR-J,A2,,n,time when you have no work to do and can relax,余暇；レジャー 
leisurely,CEFR-J,B2,,adverb,,
lemon,CEFR-J,A2,,noun,,
lemonade,CEFR-J,A2,,noun,,
lender,BSL,,,,,
lengthen,CEFR-J,B2,,verb,,
lengthy,TSL|CEFR-J,B2,,adjective,long in time or size,
leopard,CEFR-J,B2,,noun,,
lessee,BSL,,,,,
lessen,CEFR-J,B1,,verb,,
lesser,BSL,,,,,
lessor,BSL,,,,,
lest,CEFR-J,B2,,conjunction,,
letterhead,TSL,,,,the printing at the top of a letter that tells you the name and details of the company sending it,
lettuce,CEFR-J,B1,,noun,,
lever,NAWL,,,n,a handle that one pulls to operate a machine,レバー
leverage,BSL,,,,,
levy,BSL,,,,,
lexical,NAWL,,,adj,about words,語彙の
liable,NAWL|BSL,,,adj,legally responsible for something,法的責任がある
liar,CEFR-J,B1,,noun,,
liberalization,BSL,,,,,
liberalize,BSL,,,,,
liberate,CEFR-J,B1,,verb,,
liberation,CEFR-J,B1,,noun,,
liberty,BSL|CEFR-J,A2,,noun,,
librarian,TSL|CEFR-J,B1,,noun,a person who works with books in a library,
lick,CEFR-J,B2,,verb,,
lid,CEFR-J,B2,,noun,,
lifeguard,TSL|CEFR-J,B1,,noun,the person whose job it is to keep people safe at the beach or at  pool,
lifeless,CEFR-J,B2,,adjective,,
lifelong,CEFR-J,B1,,adjective,,
lifestyle,NAWL|TSL|BSL|CEFR-J,A2,,n,the type of life that you have,ライフスタイル；生活様式
lifetime,NAWL|TSL|BSL|CEFR-J,B2,,n,the time between birth and death,生涯
lighten,CEFR-J,B2,,verb,,
lighter,TSL|CEFR-J,B1,,noun,not as heavy as,
lighting,CEFR-J,B2,,noun,,
lightly,CEFR-J,B1,,adverb,,
lightning,CEFR-J,B1,,noun,,
lightweight,TSL,,,,someone or something that is not heavy ,
likelihood,NAWL|BSL,,,n,the chance that something might happen,可能性
likeness,CEFR-J,B1,,noun,,
likewise,NAWL|TSL|BSL|CEFR-J,B2,,adj,"in the same way, in addition to",同様に
lily,CEFR-J,A1,,noun,,
limb,NAWL|CEFR-J,B2,,n,"leg, arm or wing",肢
limited,CEFR-J,B1,,adjective,,
limp,CEFR-J,B1,,verb,,
linear,NAWL|BSL,,,adj,made of lines,線形の
linen,CEFR-J,B2,,noun,,
liner,CEFR-J,B2,,noun,,
ling,CEFR-J,B2,,noun,,
linger,CEFR-J,B2,,verb,,
linguistic,NAWL,,,adj,belonging to language,言語の
linguistics,NAWL,,,n pl.,the study of human languages,言語学
lion,CEFR-J,A1,,noun,,
liquidate,BSL,,,,,
liquidation,BSL,,,,,
liquidity,BSL,,,,,
liter,NAWL|TSL|BSL|CEFR-J,A2,,n,metric unit for measuring liquid or gas,リットル
literal,CEFR-J,B2,,adjective,,
litigation,BSL,,,,,
litter,CEFR-J,B2,,noun,,
lively,CEFR-J,A2,,adjective,,
liver,NAWL|CEFR-J,B1,,n,a large organ in the body that helps to absorb food and clean the blood,肝臓
living,CEFR-J,A1,,adjective,,
living room,CEFR-J,A1,,noun,,
loaf,CEFR-J,B1,,noun,,
lobby,TSL|BSL|CEFR-J,B2,,noun,the main area of a hotel just inside the entrance,
locally,NAWL|TSL|BSL,,,adj,Concerning the area around where you are,局所的に；地元で
locker,TSL,,,,a small cupboard  you can store personal items in securely for a period of time,
locus,NAWL,,,n,a place or location; in genetics: the location of a gene on a chromosome,軌跡
lodge,CEFR-J,B1,,noun,,
logical,NAWL|TSL|BSL|CEFR-J,A2,,adj,sensible; reasonable,論理的な
login,TSL,,,,to enter a computer website account,
logistics,BSL,,,,,
logo,TSL|BSL|CEFR-J,B1,,noun,a small design used by a company as its symbol,
loneliness,CEFR-J,B2,,noun,,
lonely,CEFR-J,A1,,adjective,,
long-distance,CEFR-J,B2,,adjective,,
long-term,CEFR-J,B2,,adjective,,
longitudinal,NAWL,,,adj,going from the top to the bottom of something,縦方向の
loom,BSL,,,,,
loop,NAWL|BSL,,,n,a round shape,輪
loosely,CEFR-J,B2,,adverb,,
lorry,CEFR-J,B1,,noun,,
loser,BSL,,,,,
lost,CEFR-J,A2,,adjective,,
lottery,CEFR-J,B1,,noun,,
loudly,TSL|CEFR-J,A2,,adverb,in a manner that is not quiet,
loudspeaker,CEFR-J,B1,,noun,,
lounge,TSL,,,,a place to relax,
lousy,CEFR-J,B2,,adjective,,
lovingly,CEFR-J,B1,,adverb,,
lower,CEFR-J,B2,,verb,,
lowland,CEFR-J,B2,,noun,,
loyal,TSL|BSL|CEFR-J,B1,,adjective,to stay true or faithful,
loyalty,TSL|BSL|CEFR-J,B1,,noun,the act of being faithful to someone or something,
luckily,CEFR-J,A2,,adverb,,
lucrative,BSL|CEFR-J,B2,,adjective,,
luggage,TSL|CEFR-J,B1,,noun,Bags and cases that you carry your clothes in when you go on a journey,
lump,NAWL|BSL,,,n,"a small hard part of something smooth, soft, or continuous",かたまり；しこり
luncheon,TSL,,,,a formal meal eaten in the middle of the day,
lunchtime,TSL|CEFR-J,A2,,noun,The usual time for eating the midday meal,
lung,NAWL|CEFR-J,B1,,n,an organ used to breathe,肺
lure,BSL,,,,,
lush,CEFR-J,B2,,adjective,,
luxurious,CEFR-J,B2,,adjective,,
lyric,CEFR-J,A2,,adjective,,
lyrics,CEFR-J,B2,,noun,,
ma'am,TSL,,,,"short for 'madam', a polite way to address a woman",
machinery,NAWL|TSL|BSL,,,n,machines in general,機械
macro,BSL,,,,,
macroeconomic,BSL,,,,,
macroeconomics,BSL,,,,,
madam,CEFR-J,B2,,noun,,
madame,CEFR-J,B2,,noun,,
madness,CEFR-J,B2,,noun,,
maestro,CEFR-J,B2,,noun,,
magical,CEFR-J,B1,,adjective,,
magician,CEFR-J,B1,,noun,,
magnetic,NAWL|BSL,,,adj,"having the properties of a magnet, being able to attract.",磁気の
magnificent,CEFR-J,B1,,adjective,,
magnify,CEFR-J,B2,,verb,,
magnitude,NAWL|BSL,,,n,size or importance,大きさ
mailbox,CEFR-J,B1,,noun,,
main course,CEFR-J,A2,,noun,,
mainland,BSL,,,,,
mainstream,BSL,,,,,
make-up,CEFR-J,A2,,noun,,
malady,CEFR-J,B2,,noun,,
malaria,CEFR-J,B2,,noun,,
malfunction,TSL,,,,a breakdown or failure in the system,
mall,NAWL|TSL|BSL|CEFR-J,A2,,n,a large shopping center with many individual stores,モール
mama,CEFR-J,B2,,noun,,
managerial,TSL|BSL,,,,to do with management or supervision,
mandate,BSL,,,,,
mandatory,TSL|BSL,,,,something that has to be done ,
maneuver,BSL,,,,,
mango,CEFR-J,B2,,noun,,
manipulate,NAWL|BSL|CEFR-J,B2,,verb,to control something or someone,操作する
manipulation,NAWL|BSL,,,n,the act of controlling something or someone,操作
mankind,CEFR-J,B1,,noun,,
mansion,CEFR-J,B2,,noun,,
manual,NAWL|TSL|BSL|CEFR-J,B2,,adj,needing the use of physical strength or work; a book of information or instructions,手引書；マニュアル
manufacturing,CEFR-J,B2,,noun,,
manuscript,NAWL,,,n,"a document, a piece of writing",原稿
maple,CEFR-J,B1,,noun,,
mar,BSL,,,,,
marathon,CEFR-J,B2,,noun,,
marble,NAWL|CEFR-J,B1,,n,a kind of stone; metamorphosed limestone,大理石
marginal,NAWL|BSL,,,adj,very small; on the edge; not important,縁の；余白の
marine,CEFR-J,B1,,adjective,,
marked,CEFR-J,B1,,adjective,,
marker,NAWL,,,n,something that is easy to recognize or identify,標識；マーカー 
marketable,BSL,,,,,
marketer,BSL,,,,,
marketing,CEFR-J,B2,,noun,,
marketplace,BSL,,,,,
married,CEFR-J,A2,,adjective,,
marrow,NAWL,,,n,"a soft, fatty tissue inside bones",骨髄
martial art,CEFR-J,B2,,noun,,
marvelous,CEFR-J,A2,,adjective,,
mash,CEFR-J,B1,,verb,,
mask,TSL|CEFR-J,B2,,noun,something that covers your face,
massacre,CEFR-J,B2,,noun,,
massage,TSL|CEFR-J,B2,,noun,rub the body in a special way that makes it feel better,
masseur,CEFR-J,B2,,noun,,
masterpiece,CEFR-J,B2,,noun,,
mastery,CEFR-J,B2,,noun,,
materially,BSL,,,,,
maternal,NAWL,,,adj,having to do with being a mother,母性の
math,CEFR-J,A1,,noun,,
mathematical,NAWL|BSL|CEFR-J,B2,,adj,concerning numbers and equations,数学の
mathematician,CEFR-J,B1,,noun,,
matrix,NAWL|BSL,,,n,"a substance, situation, or environment in which something has its origin - in math: an arrangement of numbers in rows and columns",マトリックス；基質
maturity,BSL,,,,,
mausoleum,CEFR-J,B2,,noun,,
max,CEFR-J,A2,,noun,,
maximization,BSL,,,,,
maximize,NAWL|TSL|BSL,,,verb,"to increase, or become as large or great as possible",最大化する
me,CEFR-J,A1,,pronoun,,
meaning,CEFR-J,A2,,noun,,
meaningful,NAWL|TSL|BSL|CEFR-J,B1,,adj,Having importance; showing someone's intention,意味のある
means,CEFR-J,B2,,noun,,
meantime,TSL|BSL,,,,the time between two events,
mechanic,NAWL|TSL|CEFR-J,B1,,n,a person who looks after machinery,機械工
mechanical,NAWL|TSL|BSL|CEFR-J,B1,,adj,using or having to do with machines,機械的な
mechanize,CEFR-J,B2,,verb,,
medal,CEFR-J,A2,,noun,,
media,NAWL|TSL|BSL|CEFR-J,B2,,n,"means of communication (tv, newspapers, internet)",メディア；マスコミ
median,BSL,,,,,
mediate,NAWL,,,verb,"to bring about an agreement between persons or groups, act as a helper",仲介する
medication,TSL|CEFR-J,B2,,noun,a substance used to make an illness or condition get better,
medieval,CEFR-J,B2,,adjective,,
mediocre,CEFR-J,B2,,adjective,,
meditate,CEFR-J,B1,,verb,,
meditation,CEFR-J,B1,,noun,,
mediterranean,CEFR-J,B1,,noun,,
meeting,CEFR-J,A1,,noun,,
melody,CEFR-J,B2,,noun,,
melon,CEFR-J,A2,,noun,,
melt,CEFR-J,B1,,verb,,
membrane,NAWL,,,n,a thin covering of tissue.,膜
memo,TSL|BSL,,,,a written reminder to do somethng,
memorable,CEFR-J,B1,,adjective,,
memorandum,TSL|BSL,,,,A written note or message to remind you or someone else to do something,
memorial,CEFR-J,B2,,noun,,
memorize,NAWL|TSL|CEFR-J,B1,,verb,to study something so that you remember it,覚える
mend,CEFR-J,B1,,verb,,
mentally,CEFR-J,B1,,adverb,,
mentor,NAWL|TSL|BSL|CEFR-J,B2,,n,an experienced or wise person who teaches or helps another person,メンター
merchandise,TSL|BSL|CEFR-J,B2,,noun,goods for sale,
merchant,TSL|BSL|CEFR-J,B1,,noun,a person who sells things for a living,
mercury,NAWL,,,n,"a heavy, silver-white metal that is used in thermometers to measure temperature; a planet",水銀
mercy,CEFR-J,B2,,noun,,
merge,NAWL|TSL|BSL|CEFR-J,B2,,verb,to cause two or more things to become combined into one,合併する
merger,TSL|BSL|CEFR-J,B2,,noun,when one company buys another company to create one big company,
merit,TSL|BSL,,,,to deserve praise,
merry,CEFR-J,A1,,adjective,,
message board,CEFR-J,B1,,noun,,
messenger,NAWL|TSL|CEFR-J,B2,,n,someone who delivers a messages,使者；メッセンジャー
messy,CEFR-J,B1,,adjective,,
metabolism,NAWL,,,n,the chemical processes of the body in which food is converted to energy,代謝
metaphor,NAWL|CEFR-J,B2,,n,a figure of speech based on analogy,隠喩
methodology,NAWL|BSL,,,n,system of practices or techniques to show how to do tasks,方法論
metric,BSL|CEFR-J,B2,,adjective,,
micro,NAWL|BSL|CEFR-J,B2,,n,"a prefix meaning 'very small', such as microchip",マイクロ
microbe,CEFR-J,B2,,noun,,
microcomputer,CEFR-J,B2,,noun,,
micrometer,CEFR-J,B2,,noun,,
microorganism,CEFR-J,B2,,noun,,
microphone,TSL|CEFR-J,B2,,noun,device used by singers and public speakers to make their voice louder,
microscope,TSL|CEFR-J,B2,,noun,a device that makes very small things look bigger so you can study them closer,
microscopic,CEFR-J,B2,,adjective,,
microscopy,CEFR-J,B2,,noun,,
microwave,TSL|CEFR-J,B2,,noun,kitchen appliance that cooks food quickly,
mid,NAWL|BSL,,,adj,at (or near) the middle point,中央の
midday,CEFR-J,A2,,noun,,
middle-aged,CEFR-J,B1,,adjective,,
midnight,TSL|CEFR-J,A2,,noun,12 o'clock at night,
midst,CEFR-J,B2,,noun,,
mighty,CEFR-J,B2,,adjective,,
migrant,BSL,,,,,
migrate,NAWL,,,verb,to move from place to another to live or work,移動する; 移住する
migration,NAWL|BSL|CEFR-J,B2,,n,the process by which people or animals move to another place,移動；移住
mild,TSL|BSL|CEFR-J,B1,,adjective,"soft, gentle, not strong in nature",
mileage,TSL,,,,distance travelled in miles,
milestone,BSL,,,,,
militant,BSL,,,,,
militia,BSL,,,,,
mill,BSL|CEFR-J,B2,,noun,,
millimeter,NAWL|CEFR-J,B2,,n,1/1000th of a meter,ミリリットル
million,NGSL|NGSL-Spoken|CEFR-J,A2,,number,,
millionaire,CEFR-J,B2,,noun,,
mimic,CEFR-J,B2,,noun,,
mineral,NAWL|TSL|BSL|CEFR-J,B1,,n,a substance naturally formed in the ground,鉱物
mineral water,CEFR-J,A2,,noun,,
mini,TSL|BSL,,,,smaller than is usual for a particular type of thing,
miniature,CEFR-J,B2,,adjective,,
minimal,NAWL|BSL,,,adj,the smallest possible,最小の
minimize,NAWL|TSL|BSL|CEFR-J,B1,,verb,to make something as small as possible,最小限にする
ministry,BSL,,,,,
mint,CEFR-J,B2,,noun,,
minus,NAWL|BSL|CEFR-J,B1,,prep,(prep) being less than zero in number,マイナス；負数
miracle,CEFR-J,B1,,noun,,
mischief,CEFR-J,B1,,noun,,
misconception,CEFR-J,B2,,noun,,
miserable,CEFR-J,B1,,adjective,,
misery,CEFR-J,B1,,noun,,
misfortune,CEFR-J,B2,,noun,,
misidentify,TSL,,,,to mistakenly recognise something; to think that it is something else,
mislead,TSL|BSL|CEFR-J,B1,,verb,to lead someone in the wrong direction or give someone wrong directions,
misleading,CEFR-J,B2,,adjective,,
misplace,TSL,,,,forget where you have put it,
missile,NAWL|BSL|CEFR-J,B2,,n,"a weapon, usually thrown, shot or launched",ミサイル
missing,CEFR-J,A2,,adjective,,
mist,CEFR-J,B2,,noun,,
mister,TSL|BSL,,,,a form of address for a man  ,
mistreat,CEFR-J,B2,,verb,,
mistrustful,CEFR-J,B2,,adjective,,
misty,CEFR-J,B1,,adjective,,
misunderstand,BSL|CEFR-J,B2,,verb,,
misunderstanding,CEFR-J,B1,,noun,,
mitigate,BSL,,,,,
mixing bowl,CEFR-J,B1,,noun,,
mobile phone,CEFR-J,A1,,noun,,
mobility,NAWL|BSL|CEFR-J,B2,,n,the ability to move,動きやすさ；移動性
mock,CEFR-J,B2,,adjective,,
modal verb,CEFR-J,B1,,noun,,
modem,TSL|CEFR-J,B1,,noun,a device that lets you send information from one computer to another,
modernization,CEFR-J,B2,,noun,,
modernize,CEFR-J,B2,,verb,,
modest,BSL|CEFR-J,B2,,adjective,,
modification,NAWL|TSL|BSL|CEFR-J,B2,,n,"a small change to a machine, system, or plan",変更
mogul,CEFR-J,B2,,noun,,
moisture,CEFR-J,B1,,noun,,
mold,BSL|CEFR-J,B2,,noun,,
mole,NAWL,,,n,a small animal with dark fur that lives under the ground; a unit for measuring molecules,ほくろ
molecular,NAWL,,,adj,about or caused by molecules,分子の
molecule,NAWL|BSL|CEFR-J,B1,,n,two or more atoms chemically combined,分子
momentarily,CEFR-J,B2,,adverb,,
momentary,CEFR-J,B2,,adjective,,
momentum,NAWL|BSL,,,n,speed or force that is gained when something moves,勢い；運動量
mommy,CEFR-J,A1,,noun,,
monastery,CEFR-J,B2,,noun,,
monday,NGSL|CEFR-J,A1,,noun,,
monetary,NAWL|BSL,,,adj,"concerning money, often referring to a country's economic system",金銭的な
monk,CEFR-J,B1,,noun,,
monkey,NAWL|CEFR-J,A1,,n,"an animal related to humans, which lives in trees",サル
monopolist,BSL,,,,,
monopoly,NAWL|BSL,,,adv,complete control of the market for a service or product,独占
monster,CEFR-J,B1,,noun,,
monument,TSL|CEFR-J,B1,,noun,something built to honor someone,
moody,CEFR-J,B2,,adjective,,
moonlight,CEFR-J,B2,,noun,,
moonscape,CEFR-J,B2,,noun,,
morale,TSL|BSL,,,,"the confidence in how a group of people all feel, usually at a difficult time ",
morality,NAWL|CEFR-J,B2,,n,beliefs or ideas about what is right and wrong,道徳；倫理
morally,CEFR-J,B2,,adverb,,
morphological,NAWL,,,adj,the study of form and structure,形態素
morphology,NAWL,,,n,"the study of the forms and structures of plants, animals and words",形態
mortal,CEFR-J,B2,,adjective,,
mortality,NAWL,,,n,the quality or state of being human and being able to die,死亡率
mortar,CEFR-J,B2,,noun,,
mortify,CEFR-J,B2,,verb,,
mosque,BSL|CEFR-J,A2,,noun,,
mosquito,TSL|CEFR-J,B1,,noun,a small winged insect that bites,
moss,CEFR-J,B1,,noun,,
mother-in-law,CEFR-J,B2,,noun,,
motherland,CEFR-J,B1,,noun,,
motif,NAWL,,,n,"a distinctive form, shape or figure in a design",モチーフ
motionless,CEFR-J,B1,,adjective,,
motivated,CEFR-J,B2,,adjective,,
motive,NAWL|BSL|CEFR-J,B1,,n,a reason for doing something,動機
motorbike,CEFR-J,B2,,noun,,
motorcycle,TSL|CEFR-J,B1,,noun,a motor vehicle with two wheels and a strong frame  ,
motorist,CEFR-J,B2,,noun,,
motorway,CEFR-J,A2,,noun,,
motto,CEFR-J,B1,,noun,,
mountaintop,CEFR-J,B1,,noun,,
mourn,CEFR-J,B1,,verb,,
mournful,CEFR-J,B2,,adjective,,
mover,CEFR-J,B2,,noun,,
moving,CEFR-J,B2,,adjective,,
mower,TSL,,,,machine used to cut grass,
mud,CEFR-J,B1,,noun,,
muddy,CEFR-J,B2,,adjective,,
mug,CEFR-J,A2,,noun,,
mule,CEFR-J,B1,,noun,,
multi,NAWL|BSL,,,prefix,a prefix meaning 'more than one',多数の
multinational,NAWL|BSL,,,adj,involving many countries,多国籍の，多国籍企業
multiplier,BSL,,,,,
multiply,NAWL|BSL|CEFR-J,B2,,verb,to increase greatly in number,掛け合わせる；増殖する
mum,CEFR-J,A1,,noun,,
mumble,CEFR-J,B2,,noun,,
municipal,BSL,,,,,
murderer,CEFR-J,B1,,noun,,
murmur,CEFR-J,B2,,noun,,
muse,CEFR-J,B2,,verb,,
mushroom,CEFR-J,A2,,noun,,
mustache,CEFR-J,B2,,noun,,
mustard,CEFR-J,B1,,noun,,
mutability,CEFR-J,B2,,noun,,
mutable,CEFR-J,B2,,adjective,,
mutation,NAWL,,,n,a change; in genetics: any event that changes genetic structure,突然変異
mutter,CEFR-J,B2,,noun,,
mutton,CEFR-J,B2,,noun,,
mutually,BSL,,,,,
my,CEFR-J,A1,,determiner,,
mysterious,CEFR-J,A2,,adjective,,
mystify,CEFR-J,B2,,verb,,
myth,NAWL|BSL|CEFR-J,B1,,n,a popular belief that is false or unsupported by fact,神話
nail,TSL|CEFR-J,B1,,noun,"a long, thin piece of metal used to hold pieces of wood together banged in with a hammer",
naked,NAWL|CEFR-J,B1,,adj,not wearing any clothes; without covering,裸の
namely,NAWL|BSL,,,adv,"that is to say, specifically",すなわち；つまり
nano,CEFR-J,B2,,noun,,
nap,TSL|CEFR-J,B1,,noun,"a short sleep, often taken during the daytime",
napkin,CEFR-J,A2,,noun,,
narcissistic,CEFR-J,B2,,adjective,,
narrate,CEFR-J,B1,,verb,,
narrator,CEFR-J,B2,,noun,,
narrowly,CEFR-J,B2,,adverb,,
nasty,NAWL|BSL|CEFR-J,B1,,adj,"very bad, unpleasant, or offensive",不快な；意地の悪い
nationalism,NAWL|BSL,,,n,"The spirit of love of your country, e.g. leading to war",国家主義
nationalist,BSL|CEFR-J,B1,,noun,,
nationality,CEFR-J,A1,,noun,,
nationalize,BSL,,,,,
nationwide,TSL|BSL|CEFR-J,B2,,adjective,all across the country,
native speaker,CEFR-J,B2,,noun,,
naughty,CEFR-J,B2,,adjective,,
naval,CEFR-J,B2,,adjective,,
navigate,CEFR-J,B2,,verb,,
navigation,CEFR-J,B2,,noun,,
navy,CEFR-J,B2,,noun,,
navy blue,CEFR-J,B1,,adjective,,
neat,NAWL|TSL|CEFR-J,B2,,adj,Not messy; clean and orderly; simple and effective,きちんとした
necessity,NAWL|TSL|BSL|CEFR-J,B2,,n,something that you must have or do,必要性; 必需品
necklace,TSL|CEFR-J,B1,,noun,"a piece of jewelery, or decoration, worn around the neck",
nectar,CEFR-J,B1,,noun,,
needle,CEFR-J,B1,,noun,,
needless,CEFR-J,B2,,adjective,,
needy,TSL|CEFR-J,B2,,adjective,people who are poor and do not have enough to live on,
negatively,CEFR-J,B2,,adverb,,
negligence,BSL,,,,,
negotiable,BSL,,,,,
negotiator,BSL,,,,,
neighboring,CEFR-J,B2,,adjective,,
neo,NAWL|BSL,,,n,a prefix meaning 'recent' or 'new',ネオ
nephew,CEFR-J,B1,,noun,,
nerves,CEFR-J,B2,,noun,,
nervously,CEFR-J,B2,,adverb,,
nervousness,CEFR-J,B1,,noun,,
ness,CEFR-J,B1,,noun,,
nest,NAWL,,,n,the home of a bird or spider,巣
netsurfer,CEFR-J,B2,,noun,,
neural,NAWL,,,adj,about the nerves or nervous system,神経の
neuron,NAWL,,,n,a nerve cell; the basic building block of the nervous system.,ニューロン
neurosis,CEFR-J,B2,,noun,,
neutral,NAWL|BSL|CEFR-J,B1,,adj,not involved; without strong feeling; without electrical charge; not acidic or akaline,中立の
newborn,CEFR-J,B1,,adjective,,
newcomer,BSL|CEFR-J,B1,,noun,,
newscaster,CEFR-J,B2,,noun,,
newsletter,TSL|BSL,,,,report or open letter giving information of interest to a special group  ,
newsstand,TSL,,,,a small structure where newspapers and magazines are sold  ,
newsworthy,CEFR-J,B2,,adjective,,
next door,CEFR-J,B1,,adverb,,
next to,CEFR-J,A2,,preposition,,
next-door,CEFR-J,B1,,adjective,,
nicely,NAWL|CEFR-J,B2,,adv,in a pleasing way; in a polite way,うまく；よく
niche,NAWL|BSL,,,n,"a small area; a specialised business, job or activity",ニッチ
nickname,CEFR-J,B1,,noun,,
niece,CEFR-J,B1,,noun,,
nightclub,CEFR-J,B2,,noun,,
nightlife,CEFR-J,B1,,noun,,
nightmare,CEFR-J,B2,,noun,,
nine,NGSL|NGSL-Spoken|CEFR-J,A1,,number,,
nineteen,NGSL|NGSL-Spoken|CEFR-J,A1,,number,,
ninety,NGSL|NGSL-Spoken|CEFR-J,A1,,number,,
nitrogen,NAWL,,,n,a colorless chemical element without a smell that forms most of the earth's atmosphere,窒素
no one,CEFR-J,A2,,pronoun,,
nobility,CEFR-J,B2,,noun,,
noble,NAWL|CEFR-J,B2,,adj,having personal qualities that people admire,気高い
nobleman,CEFR-J,B2,,noun,,
nod,CEFR-J,B1,,noun,,
node,NAWL|BSL,,,n,an intersection or junction point in a network; a part on a plant where a new leaf grows,こぶ；結節
noisily,CEFR-J,B1,,adverb,,
noisy,NAWL|TSL|CEFR-J,A2,,adj,full of noise; loud,やかましい；派手な 
nomad,CEFR-J,B2,,noun,,
nominal,NAWL|BSL,,,adj,in name or thought but not reality,名ばかりの
nominate,TSL|BSL,,,,to suggest someone for to do or be something,
nomination,TSL|BSL|CEFR-J,B2,,noun,the state of being suggested for something,
nominee,CEFR-J,B2,,noun,,
non,NAWL|BSL,,,prefix,a prefix meaning 'not',～でない
non-smoking,CEFR-J,B2,,adjective,,
nonetheless,NAWL|BSL|CEFR-J,B1,,adj,"in spite of that, nevertheless",それにもかかわらず
nonlinear,NAWL,,,adj,not in a line,非線形の
nonprofessional,CEFR-J,B2,,adjective,,
nonsense,CEFR-J,B1,,noun,,
noon,TSL|CEFR-J,A2,,noun,the middle of the day  ,
norm,NAWL|BSL,,,n,an established standard of performance or behavior,規範；基準
northeast,CEFR-J,B1,,adjective,,
northeastern,CEFR-J,B1,,adjective,,
northward,CEFR-J,B2,,adverb,,
northwest,CEFR-J,B1,,adjective,,
northwestern,CEFR-J,B1,,adjective,,
nostril,CEFR-J,B2,,noun,,
notable,BSL,,,,,
notably,BSL,,,,,
notation,NAWL,,,n,a set of written signs or shapes that are used in music or mathematics,表記法
notebook,CEFR-J,A1,,noun,,
noticeable,CEFR-J,B1,,adjective,,
noticeboard,CEFR-J,B1,,noun,,
notify,TSL|BSL,,,,officially tell someone some information,
notorious,CEFR-J,B1,,adjective,,
nought,CEFR-J,B2,,noun,,
nourish,CEFR-J,B2,,verb,,
nourishment,CEFR-J,B2,,noun,,
novelist,CEFR-J,B1,,noun,,
novelty,CEFR-J,B2,,noun,,
november,NGSL|CEFR-J,A1,,noun,,
novice,NAWL,,,n,"a person with little or no experience in a particular activity, skill, or subject",初心者
nucleus,NAWL|CEFR-J,B1,,n pl.,control center of a cell,核
nuisance,CEFR-J,B2,,noun,,
null,NAWL|BSL,,,adj,having no impact,無効の
numerical,NAWL|BSL|CEFR-J,B2,,adj,includes numbers,数値
nursery,CEFR-J,B2,,noun,,
nut,CEFR-J,B2,,noun,,
nutrient,NAWL|CEFR-J,B1,,n,"a chemical, food, that animals and plants need to live, develop, and be healthy",栄養素
nutrition,TSL|CEFR-J,B1,,noun,the study of food and health,
nutritious,CEFR-J,B1,,adjective,,
nutshell,CEFR-J,B2,,noun,,
o'clock,TSL|CEFR-J,A1,,adverb,the hour of the day,
oak,CEFR-J,A2,,noun,,
oath,CEFR-J,B2,,noun,,
obedience,CEFR-J,B2,,noun,,
obedient,CEFR-J,B2,,adjective,,
obey,CEFR-J,B2,,verb,,
obituary,BSL|CEFR-J,B2,,noun,,
objection,NAWL|BSL|CEFR-J,B1,,n,reason for not supporting or agreeing with a plan,異議
obligate,TSL,,,,to have to do,
oblige,TSL|BSL,,,,to make someone have to do something,
obscure,NAWL|BSL,,,adj,"not famous, unknown by most people; not easy to understand",あいまいな
observer,NAWL|BSL|CEFR-J,B2,,n,someone whose job it is to watch or notice things,観察者；監視者
obsess,CEFR-J,B2,,verb,,
obsession,CEFR-J,B2,,noun,,
obsessive,CEFR-J,B2,,adjective,,
obstacle,BSL|CEFR-J,B1,,noun,,
obtain,NAWL|TSL|BSL|CEFR-J,B1,,verb,To be given or to earn something through efforts,得る
occasional,BSL|CEFR-J,B1,,adjective,,
occupancy,TSL,,,,the state of living in a place,
occupant,TSL,,,,"a person who lives in a place, e.g. renter, tenant",
occupation,NAWL|TSL|BSL|CEFR-J,A2,,n,a career or regular job,職業；占有
occurrence,NAWL|TSL|BSL,,,n,specific instance of something happening,発生；出来事
october,NGSL|CEFR-J,A1,,noun,,
odds,BSL,,,,,
offend,CEFR-J,B2,,verb,,
offender,CEFR-J,B2,,noun,,
offensive,BSL|CEFR-J,B1,,adjective,,
offhand,CEFR-J,B2,,adverb,,
officially,TSL|BSL|CEFR-J,B1,,adverb,done by the government or office in charge,
offset,BSL,,,,,
offshore,BSL|CEFR-J,B2,,adjective,,
offspring,NAWL,,,n,the child of a person or the young of a plant or animal,子孫
oily,CEFR-J,B1,,adjective,,
ointment,CEFR-J,B2,,noun,,
ok,CEFR-J,A1,,adjective,,
old-fashioned,CEFR-J,B1,,adjective,,
olive,CEFR-J,B2,,noun,,
olive oil,CEFR-J,A2,,noun,,
olympia,CEFR-J,B2,,noun,,
olympiad,CEFR-J,B2,,noun,,
olympic,CEFR-J,A2,,adjective,,
olympics,CEFR-J,A1,,noun,,
omelet,CEFR-J,A2,,noun,,
omit,TSL|BSL,,,,to leave out or not say ,
oneself,CEFR-J,B1,,pronoun,,
ongoing,TSL|BSL,,,,still happening ,
onion,CEFR-J,A2,,noun,,
onset,NAWL,,,n,the beginning,開始
onstage,CEFR-J,B1,,adjective,,
onwards,NAWL,,,adv,forward,前方へ
opening,CEFR-J,B1,,noun,,
openly,BSL|CEFR-J,B2,,adverb,,
operational,TSL|BSL,,,,in working order,
operative,BSL,,,,,
oppress,CEFR-J,B1,,verb,,
oppression,CEFR-J,B1,,noun,,
opt,TSL|BSL,,,,to make a choice ,
optical,NAWL,,,adj,concerning vision or helping people see,光学の
optimal,NAWL|BSL,,,adj,best,最適な
optimism,BSL|CEFR-J,B2,,noun,,
optimist,CEFR-J,B2,,noun,,
optimistic,TSL|BSL|CEFR-J,B2,,adjective,being positive about the future,
optimization,BSL,,,,,
optimize,BSL,,,,,
optimum,NAWL|BSL,,,adj,the best or most desirable,最適な
optional,TSL|CEFR-J,B2,,adjective,"a choice, something you do not have to do",
oral,NAWL|BSL|CEFR-J,B2,,adj,by mouth,口頭の
orator,CEFR-J,B2,,noun,,
orbit,CEFR-J,B1,,noun,,
orchestra,TSL|CEFR-J,B1,,noun,many musicians with different instruments playing one musical piece,
orchestral,CEFR-J,B2,,adjective,,
orchid,CEFR-J,B2,,noun,,
orderly,CEFR-J,B1,,adjective,,
ordinate,BSL,,,,,
organ,NAWL|BSL|CEFR-J,B1,,n,large wind instrument similar to a piano,オルガン
organism,NAWL|CEFR-J,B1,,n,"living thing, often one that is small",生命体
organizational,TSL|BSL,,,,to do with planning and managing ,
organized,CEFR-J,A2,,adjective,,
organizer,TSL|CEFR-J,B2,,noun,someone who plans things for a living,
orient,NAWL|BSL,,,verb,to focus your attention or efforts on something,適応させる；正しい方向に置く
orientation,NAWL|TSL|BSL,,,n,"the ability to locate oneself in your environment with reference to time, place, and people",適応；オリエンテーション；方向性；位置
originality,CEFR-J,B2,,noun,,
originate,BSL|CEFR-J,B2,,verb,,
ornament,CEFR-J,B2,,noun,,
orphan,CEFR-J,A2,,noun,,
oscillation,NAWL,,,n,"movement, from side to side at a steady speed; a frequent change in size, strength, or direction between two limits",振動
ought to,CEFR-J,B1,,modal auxiliary,,
ounce,BSL|CEFR-J,B2,,noun,,
our,CEFR-J,A1,,determiner,,
ours,CEFR-J,A1,,pronoun,,
oust,BSL,,,,,
out of,CEFR-J,A2,,preposition,,
out-of-date,CEFR-J,B1,,adjective,,
outage,TSL,,,,a failure in the power system so that there is no electricity available,
outback,CEFR-J,B2,,noun,,
outbreak,BSL|CEFR-J,B2,,noun,,
outdate,TSL,,,,to be older than,
outdistance,CEFR-J,B2,,verb,,
outdo,CEFR-J,B2,,verb,,
outdoor,TSL|CEFR-J,B1,,adjective,outside in the open air,
outdoors,CEFR-J,B1,,adverb,,
outer,NAWL|CEFR-J,B1,,adj,on or around something,外側の；中心から遠くにある
outfit,TSL|BSL|CEFR-J,B2,,noun,a set of clothes like a uniform,
outflow,BSL,,,,,
outgoing,BSL,,,,,
outgrow,CEFR-J,B2,,verb,,
outing,CEFR-J,B2,,noun,,
outlaw,CEFR-J,B1,,noun,,
outlay,BSL,,,,,
outlet,NAWL|TSL|BSL|CEFR-J,B2,,n,"a way for something to be released; a pipe, hole or wire through which gas, liquid or electricity flows",アウトレット
outlive,CEFR-J,B2,,verb,,
outlook,TSL|BSL|CEFR-J,B2,,noun,a view point,
outpatient,CEFR-J,B2,,noun,,
outperform,BSL,,,,,
outrage,BSL|CEFR-J,B2,,noun,,
outrageous,CEFR-J,B2,,adjective,,
outright,BSL,,,,,
outshine,CEFR-J,B2,,verb,,
outsider,BSL|CEFR-J,B2,,noun,,
outskirts,CEFR-J,B2,,noun,,
outsource,BSL,,,,,
outstanding,TSL|BSL|CEFR-J,B1,,adjective,not yet completed,
outward,CEFR-J,B1,,adjective,,
outwardly,CEFR-J,B2,,adverb,,
outweigh,BSL|CEFR-J,B1,,verb,,
oval,TSL|CEFR-J,B2,,adjective,A shape that looks like an egg,
oven,TSL|CEFR-J,A2,,noun,kitchen appliance used for baking or roasting  ,
overboard,CEFR-J,B2,,adverb,,
overbook,CEFR-J,B2,,verb,,
overcharge,TSL,,,,to ask for too much money for goods or service,
overcoat,CEFR-J,B2,,noun,,
overcrowd,TSL,,,,too many people in too small a space,
overdue,TSL,,,,past the date you should do something; late,
overemphasize,CEFR-J,B2,,verb,,
overestimate,CEFR-J,B2,,verb,,
overhaul,BSL,,,,,
overhead,NAWL|TSL|BSL,,,adj,located above your head or in the sky,間接費
overhear,CEFR-J,B2,,verb,,
overjoyed,CEFR-J,B1,,adjective,,
overlap,NAWL|BSL|CEFR-J,B2,,verb,To lie over or cover a part of something else,重複，重なる
overlook,TSL|BSL|CEFR-J,B2,,verb,"to ignore, to not notice ",
overly,CEFR-J,B2,,adverb,,
overnight,TSL|BSL|CEFR-J,B1,,adjective,from one day to the next,
overpay,TSL,,,,to hand over too much money  ,
oversee,TSL|BSL,,,,to supervise,
overshadow,CEFR-J,B2,,verb,,
oversight,BSL,,,,,
oversize,CEFR-J,B2,,adjective,,
overstate,BSL,,,,,
overstep,CEFR-J,B2,,verb,,
overtake,CEFR-J,B2,,verb,,
overthrow,CEFR-J,B2,,verb,,
overtime,TSL|BSL|CEFR-J,B2,,adverb,work done in addition to regular working hours  ,
overturn,CEFR-J,B2,,verb,,
overview,NAWL|TSL|BSL,,,n,a description of the main features of something,概観
overweight,CEFR-J,A2,,adjective,,
overwhelm,BSL|CEFR-J,B1,,verb,,
overwhelming,CEFR-J,B1,,adjective,,
overwork,CEFR-J,B1,,noun,,
ow,CEFR-J,B2,,noun,,
owing,CEFR-J,B1,,adjective,,
owing to,CEFR-J,B2,,preposition,,
owl,CEFR-J,B2,,noun,,
ox,CEFR-J,B2,,noun,,
oxidize,NAWL,,,verb,to convert (an element) into an oxide; combine with oxygen - to rust,酸化
oxygen,NAWL|CEFR-J,B1,,n,"a gas in the air that has no smell or taste, and that all animals need to breathe",酸素
ozone,CEFR-J,B2,,noun,,
pa,CEFR-J,B2,,noun,,
pacific,CEFR-J,A2,,adjective,,
packed,CEFR-J,B2,,adjective,,
packet,TSL|BSL|CEFR-J,B2,,noun,a small carton or package,
packing,CEFR-J,B1,,noun,,
pact,BSL,,,,,
pad,TSL|CEFR-J,B2,,noun,many sheets of paper glued together for writing,
paddle,CEFR-J,B1,,noun,,
paid,CEFR-J,B1,,adjective,,
painful,NAWL|BSL|CEFR-J,B1,,adj,causing or feeling physical pain or hurt,痛い
paintbrush,CEFR-J,B2,,noun,,
painter,TSL|CEFR-J,A2,,noun,an artist who paints  ,
painting,CEFR-J,A1,,noun,,
pajamas,CEFR-J,B2,,noun,,
pal,CEFR-J,A2,,noun,,
palace,CEFR-J,A1,,noun,,
pallet,CEFR-J,B2,,noun,,
palm,CEFR-J,B1,,noun,,
pamphlet,TSL,,,,a small paper leaflet or booklet  that tells you about a single subject,
pan,TSL|BSL|CEFR-J,A2,,noun,"a flat, round cooking container used for frying",
pancake,CEFR-J,B2,,noun,,
pandemic,CEFR-J,B2,,adjective,,
pant,TSL,,,,"take short sharp breaths through your mouth, noisily",
pants,CEFR-J,A1,,noun,,
papaya,CEFR-J,B2,,noun,,
paperback,TSL,,,,a book that has a cover made of paper,
paperless,CEFR-J,B2,,adjective,,
paperwork,TSL|CEFR-J,B2,,noun,the written work to do with any particular job,
par,NAWL|BSL,,,n,the usual amount,等価；平均；額面価格
parachute,CEFR-J,B1,,noun,,
parade,TSL|CEFR-J,B2,,noun,walk or march,
paradigm,NAWL,,,n,a set of ideas that are used for understanding or explaining something,パラダイム
paradise,CEFR-J,B1,,noun,,
paradox,NAWL|CEFR-J,B2,,n,"a saying that seems contrary to popular belief, but which may be true",逆説；パラドックス
paralegal,TSL,,,,someone who works in a law company but who has not trained as a lawyer,
paralysis,CEFR-J,B2,,noun,,
paralyze,CEFR-J,B1,,verb,,
paramedic,CEFR-J,B2,,adjective,,
parameter,NAWL|BSL,,,n,"a characteristic or constant factor, a limit.",パラメーター
paramilitary,BSL,,,,,
paraphrase,TSL,,,,saying it again but putting the same meaning into different words,
paratrooper,CEFR-J,B2,,noun,,
parcel,NAWL|TSL|CEFR-J,B1,,n,"a package or box wrapped in paper, a thing bigger than a letter that is sent in the mail",小包
pardon,NAWL|CEFR-J,A1,,verb,to excuse,何とおっしゃいましたか？
parental,NAWL|CEFR-J,B1,,adj,"concerning, or provided by, a parent",親の
parenthesis,NAWL,,,n,"one of two symbols ( and ), used in writing",括弧
parity,BSL,,,,,
parking,CEFR-J,B1,,noun,,
parliament,BSL|CEFR-J,B2,,noun,,
parliamentary,BSL,,,,,
parrot,CEFR-J,B1,,noun,,
part-time,CEFR-J,B1,,adjective,,
partial,NAWL|TSL|BSL|CEFR-J,B1,,adj,not complete; being only part of something,部分的な；不公平な
partially,NAWL|TSL|BSL,,,adv,in part; in some degree; not wholly,部分的に；不公平に
participle,CEFR-J,B1,,noun,,
particle,NAWL|BSL|CEFR-J,B2,,n,a very small piece of something,粒子
partisan,CEFR-J,B2,,noun,,
partition,NAWL|BSL,,,n,"a wall, screen, or piece of glass used to separate one area from another",分割
passionate,CEFR-J,B2,,adjective,,
passionately,CEFR-J,B2,,adverb,,
passive,BSL|CEFR-J,B1,,adjective,,
passport,TSL|BSL|CEFR-J,B1,,noun,"official document containing information about you, that allows you to enter other countries",
password,TSL|CEFR-J,B1,,noun,a secret word or phrase needed to prove who you are,
pasta,TSL|CEFR-J,A2,,noun,"shaped and dried dough, made from flour and water, often used in Italian cooking",
pastor,CEFR-J,B2,,noun,,
pastoral,CEFR-J,B2,,adjective,,
pastry,TSL,,,,"a food made of flour, fat and water and baked with other food inside it",
patch,BSL|CEFR-J,B2,,noun,,
patent,TSL|BSL,,,,the right to be the only one who is allowed to make a thing,
pathway,NAWL,,,n,a path or way that you can walk,経路
patience,TSL|CEFR-J,B1,,noun,to accept suffering without getting angry,
patiently,CEFR-J,B2,,adverb,,
patriot,CEFR-J,B2,,noun,,
patriotic,CEFR-J,B2,,adjective,,
patriotism,CEFR-J,B2,,noun,,
patrol,CEFR-J,B1,,noun,,
patron,TSL|CEFR-J,B2,,noun,"someone who gives support with time, money or effort",
pave,CEFR-J,B2,,verb,,
pavement,CEFR-J,B2,,noun,,
paw,CEFR-J,B2,,noun,,
pawnbroker,CEFR-J,B2,,noun,,
pawnshop,CEFR-J,B2,,noun,,
payable,TSL|BSL,,,,an amount of money due,
payback,BSL,,,,,
paycheck,TSL,,,,the piece of paper that tells a worker how much they have earned ,
payoff,BSL,,,,,
payout,BSL,,,,,
payroll,TSL|BSL,,,,the total amount of money paid in wages,
pc,CEFR-J,A2,,noun,,
pea,CEFR-J,A2,,noun,,
peaceful,BSL|CEFR-J,A2,,adjective,,
peacefully,CEFR-J,B2,,adverb,,
peacekeeping,BSL,,,,,
peach,CEFR-J,B2,,noun,,
peanut,CEFR-J,B1,,noun,,
pear,CEFR-J,A2,,noun,,
pearl,CEFR-J,B2,,noun,,
peasant,NAWL,,,n,"a person of low social status, usually who works on a farm",小作人
pebble,CEFR-J,B2,,noun,,
peculiar,CEFR-J,B1,,adjective,,
pedal,CEFR-J,B2,,noun,,
pedantic,CEFR-J,B2,,adjective,,
pedestrian,TSL|CEFR-J,B2,,noun,a person who is walking on the street,
pee,CEFR-J,B2,,verb,,
peel,CEFR-J,B2,,noun,,
peep,CEFR-J,B2,,noun,,
peg,BSL|CEFR-J,B2,,noun,,
penalize,TSL|CEFR-J,B2,,verb,to punish someone,
pence,CEFR-J,A2,,noun,,
pencil,CEFR-J,A1,,noun,,
pending,BSL,,,,,
penetrate,CEFR-J,B2,,verb,,
penfriend,CEFR-J,A2,,noun,,
penguin,CEFR-J,B2,,noun,,
penicillin,CEFR-J,B2,,noun,,
penniless,CEFR-J,B1,,adjective,,
penny,CEFR-J,B1,,noun,,
pensioner,BSL,,,,,
pentagon,CEFR-J,B2,,noun,,
pepper,TSL|CEFR-J,A2,,noun,a strong spice (black or white),
performer,TSL|BSL|CEFR-J,B1,,noun,an entertainer  like an actor or a singer,
perfume,CEFR-J,A2,,noun,,
periodic,NAWL|BSL,,,adj,"happening regularly, but not frequently",定期的な
periodical,TSL,,,,a magazine made and available on a regular basis,
periodically,TSL|BSL,,,,"every so often, at regular times",
peripheral,NAWL,,,adj,not connected to the main or important part of something,周辺の
permanence,CEFR-J,B2,,noun,,
permanently,TSL|BSL|CEFR-J,B1,,adverb,for ever,
permeate,CEFR-J,B2,,verb,,
perpetual,BSL,,,,,
perseverance,CEFR-J,B2,,noun,,
persist,BSL|CEFR-J,B2,,verb,,
persistence,CEFR-J,B2,,noun,,
persistent,BSL|CEFR-J,B2,,adjective,,
personalize,TSL,,,,change something so that it is tailored to a particular person's needs,
personification,CEFR-J,B2,,noun,,
personify,CEFR-J,B2,,verb,,
perspiration,CEFR-J,B2,,noun,,
persuasion,CEFR-J,B2,,noun,,
persuasive,CEFR-J,B1,,adjective,,
peso,BSL,,,,,
pessimist,CEFR-J,B2,,noun,,
pessimistic,CEFR-J,B2,,adjective,,
pest,NAWL,,,n,an unwanted insect or small animal that eats plants or food supplies,害虫
pesticide,NAWL,,,n,a chemical substance used to kill pests,農薬
pet,TSL|BSL|CEFR-J,A1,,noun,an animal you keep in the house to play with,
petition,TSL|BSL,,,,"a demand for a particular action, usually signed by a lot of people ",
petrified,CEFR-J,B2,,adjective,,
petrol,BSL|CEFR-J,A2,,noun,,
petrol station,CEFR-J,A2,,noun,,
petty,BSL|CEFR-J,B2,,adjective,,
ph,CEFR-J,B2,,noun,,
phantom,CEFR-J,B1,,adjective,,
pharmaceutical,TSL|BSL,,,,relating to the preparation and making of medicine,
pharmacist,TSL|CEFR-J,B2,,noun,a person whose job it is to prepare medicines,
pharmacy,TSL|CEFR-J,B1,,noun,a store where medicines are prepared and sold,
phenomenal,NAWL,,,adj,"unusual, remarkable",驚異的な
philosopher,NAWL|CEFR-J,B1,,n,a person who studies ideas about things such as the meaning of life and truth,哲学者
philosophical,NAWL|CEFR-J,B2,,adj,concerning philosophy,哲学的な
phoenix,CEFR-J,B1,,noun,,
phonological,NAWL,,,adj,concerning sound,音韻的な
phosphate,NAWL,,,n,a salt or compound used to help grown plants,リン酸塩
photocopier,TSL,,,,a machine that makes exact copies of documents,
photocopy,TSL|CEFR-J,B1,,noun,an exact copy of a document made with a photographic machine,
photographer,TSL|CEFR-J,A2,,noun,someone who takes pictures for a living  ,
photographic,NAWL,,,adj,concerning the art of making images with cameras,写真の
photography,TSL|CEFR-J,A2,,noun,the art of taking pictures,
phrasal verb,CEFR-J,B1,,noun,,
physically,NAWL|BSL|CEFR-J,A2,,adv,in a manner related to the body,肉体的に；身体上
physician,NAWL|TSL|BSL|CEFR-J,B2,,n,a medical doctor,医師
physics,NAWL|TSL|BSL|CEFR-J,B1,,n pl.,"the study of heat, light, and other forms of energy and how they affect objects",物理学
physiological,NAWL,,,adj,concerning how the body functions,生理学的な
pi,NAWL|CEFR-J,B2,,n,the ratio of the circumference to the diameter of a circle; approximately equal to 3.14,パイ
pickle,CEFR-J,B2,,noun,,
picky,CEFR-J,B2,,adjective,,
picnic,TSL|CEFR-J,A1,,noun,a packed meal to take with you and eaten in the open air,
picturesque,CEFR-J,B2,,adjective,,
pie,TSL|CEFR-J,B1,,noun,"round, covered pastrywith a filling like cherry or apple ",
piety,CEFR-J,B1,,noun,,
pilgrim,CEFR-J,A2,,noun,,
pill,TSL|BSL|CEFR-J,A2,,noun,medicine in the form of a capsule that you swallow ,
pillow,TSL|CEFR-J,B1,,noun,soft cushion to rest your head on when you go to bed,
pillowcase,CEFR-J,B2,,noun,,
pin,BSL|CEFR-J,B2,,noun,,
pine,CEFR-J,B2,,noun,,
pineapple,CEFR-J,B1,,noun,,
pint,CEFR-J,B2,,noun,,
pioneer,BSL,,,,,
pipeline,BSL,,,,,
piracy,CEFR-J,B2,,noun,,
pirate,CEFR-J,B2,,noun,,
pit,BSL|CEFR-J,B1,,noun,,
pity,CEFR-J,A2,,noun,,
pizza,TSL|BSL|CEFR-J,A1,,noun,"a round piece of baked dough, covered with tomato, cheese and other ingredients",
placement,TSL|BSL,,,,the act of placing someone in a job or the location of something,
plague,BSL|CEFR-J,B2,,noun,,
plainly,BSL,,,,,
plaintiff,BSL,,,,,
planner,NAWL|TSL|BSL,,,n,notebook for recording appointments or things to do,手帳；ノート
planning,CEFR-J,B2,,noun,,
plantation,NAWL,,,n,"a large area of plants, usually in a hot climate",農園
plausible,NAWL|TSL|BSL,,,adj,being reasonable and possibly true,もっともらしい
playful,CEFR-J,A2,,adjective,,
playground,CEFR-J,A2,,noun,,
playmate,CEFR-J,B2,,noun,,
playwright,CEFR-J,B2,,noun,,
plead,BSL|CEFR-J,B2,,verb,,
pleasantly,CEFR-J,B1,,adverb,,
pleased,CEFR-J,A2,,adjective,,
pleasing,CEFR-J,A2,,adjective,,
pledge,BSL,,,,,
plow,TSL,,,,to force your way through something,
pluck,CEFR-J,B2,,verb,,
plug,NAWL|TSL|BSL|CEFR-J,B1,,verb,an electrical connector; to fill or close tightly so liquid or air cannot pass,プラグ；栓
plum,CEFR-J,B2,,noun,,
plumber,TSL|CEFR-J,B2,,noun,someone connects and mends water pipes for a living,
plunge,BSL,,,,,
plural,NAWL|CEFR-J,A2,,adj,refers to more than one person or thing,複数の
pneumonia,CEFR-J,B2,,noun,,
pocket money,CEFR-J,B1,,noun,,
point of view,CEFR-J,B2,,noun,,
pointless,CEFR-J,B2,,adjective,,
poison,BSL|CEFR-J,B1,,noun,,
poisonous,CEFR-J,B1,,adjective,,
polar,NAWL,,,adj,concerning the areas near the North or South poles,極の
polar bear,CEFR-J,B2,,noun,,
pole,NAWL|TSL|CEFR-J,B1,,n,"a long, narrow piece of metal or wood, that is used to hold or support something",極
police officer,CEFR-J,A2,,noun,,
police station,CEFR-J,A2,,noun,,
policeman,BSL|CEFR-J,A2,,noun,,
policewoman,CEFR-J,A2,,noun,,
policyholder,BSL,,,,,
policymaker,BSL,,,,,
polio,CEFR-J,B2,,noun,,
polish,TSL|CEFR-J,B2,,noun,to make something shine with a cloth,
polite,TSL|CEFR-J,A2,,adjective,being kind to others,
politely,CEFR-J,B1,,adverb,,
politeness,CEFR-J,B2,,noun,,
politically,NAWL|BSL|CEFR-J,B2,,adv,in connection with government matters,政治的に
polity,CEFR-J,B2,,noun,,
pollutant,CEFR-J,B1,,noun,,
pollute,TSL|CEFR-J,A2,,verb,to make the environment dirty,
polo,CEFR-J,B2,,noun,,
pond,CEFR-J,B1,,noun,,
ponder,CEFR-J,B2,,verb,,
poorly,TSL|BSL,,,,Badly; not enough; not sufficient,
popcorn,TSL|CEFR-J,B1,,noun,grains of maize that have been heated up until they explode; good to eat as a snack,
popularity,TSL|BSL|CEFR-J,B2,,noun,the state of being liked by many people,
popularize,CEFR-J,B2,,verb,,
populist,BSL,,,,,
porch,CEFR-J,B2,,noun,,
pork,CEFR-J,B1,,noun,,
portable,TSL|BSL,,,,something that is small and easy to carry,
portfolio,NAWL|TSL|BSL,,,n,a list of the financial assets held by an individual or other financial institution,ポートフォリオ
portray,NAWL|BSL,,,verb,"to represent something or someone in a particular way, often for artistic purposes",描く
portrayal,NAWL,,,adj,"the way that something or someone is represented in a book, film, picture or other context",描写
posh,CEFR-J,B2,,adjective,,
positively,NAWL|BSL|CEFR-J,B1,,adv,definitely or certainly,確実に；前向きに
possessed,CEFR-J,B2,,adjective,,
possessive,CEFR-J,B1,,adjective,,
post office,CEFR-J,A2,,noun,,
postage,TSL,,,,the charge for mailing something  ,
postal,TSL|CEFR-J,B2,,adjective,of or relating to the system for delivering mail,
postcard,TSL|CEFR-J,B1,,noun,a card for sending messages by post without an envelope  ,
poster,NAWL|TSL|BSL|CEFR-J,A1,,n,"a large, printed notice or picture",ポスター
postgraduate,NAWL,,,n,graduate studying for a further degree,大学院生
postman,CEFR-J,B1,,noun,,
postpone,TSL|BSL|CEFR-J,B2,,verb,put off until a later time,
potassium,NAWL,,,n,"a common, soft, silvery white metal that is usually used for farming or industrial purposes",カリウム
potent,CEFR-J,B2,,adjective,,
pottery,TSL|CEFR-J,B1,,noun,"earthenware, stoneware, ceramics",
powder,NAWL|CEFR-J,B1,,n,a dry substance made up of very small pieces,粉末
powerfully,CEFR-J,B2,,adverb,,
practicality,CEFR-J,B2,,noun,,
practically,CEFR-J,B2,,adverb,,
practitioner,NAWL|BSL,,,n,"a person working in a profession, such as medicine",（専門職・技術などの）開業者；（特に）開業医
pragmatic,NAWL,,,adj,"dealing with problems in a reasonable, practical manner",実用的な
prance,CEFR-J,B2,,noun,,
prawn,CEFR-J,B2,,noun,,
prayer,CEFR-J,B1,,noun,,
pre,NAWL|BSL,,,prefix,a prefix meaning 'before',前
precede,NAWL|TSL|BSL|CEFR-J,B2,,verb,to go before,先行する
precedent,BSL,,,,,
precious,BSL|CEFR-J,B1,,adjective,,
precipitate,NAWL,,,verb,to cause to happen,沈殿物
precipitation,NAWL,,,n,"rain, snow or hail",降水量
precision,BSL,,,,,
predator,NAWL,,,n,an animal that feeds itself by killing and eating other animals,捕食者
predecessor,BSL,,,,,
predetermine,BSL,,,,,
predicament,CEFR-J,B2,,noun,,
predicate,CEFR-J,B2,,verb,,
predicative,CEFR-J,B2,,adjective,,
predictable,BSL|CEFR-J,B2,,adjective,,
prediction,NAWL|TSL|BSL|CEFR-J,A2,,n,a statement of what will happen next.,予測
predictive,CEFR-J,B2,,adjective,,
predictor,BSL|CEFR-J,B2,,noun,,
predominantly,NAWL,,,adv,"in a way that is larger, greater or has more power than others",圧倒的に
prefect,CEFR-J,B2,,noun,,
preferable,CEFR-J,B2,,adjective,,
preferably,CEFR-J,B2,,adverb,,
prefix,CEFR-J,B1,,noun,,
prehistoric,CEFR-J,B2,,adjective,,
prehuman,CEFR-J,B2,,noun,,
preindustrial,CEFR-J,B2,,adjective,,
prejudge,CEFR-J,B2,,verb,,
prejudice,NAWL|BSL|CEFR-J,B1,,n,"an unreasonable hatred for a group of people, usually a race or a religion",偏見
preliminary,NAWL|TSL|BSL|CEFR-J,B2,,adj,before,予備の
premier,BSL,,,,,
premium,TSL|BSL,,,,an extra payment added to the cost,
preoccupy,CEFR-J,B2,,verb,,
prepared,CEFR-J,B1,,adjective,,
prepayment,BSL,,,,,
preposition,CEFR-J,B1,,noun,,
preschool,CEFR-J,B1,,adjective,,
prescribe,TSL|BSL|CEFR-J,B2,,verb,to formally tell someone what to do,
prescription,TSL|BSL|CEFR-J,B1,,noun,doctor's written order for medicine,
presenter,TSL|CEFR-J,B2,,noun,a person who shows and explains something to an audience,
preservation,CEFR-J,B1,,noun,,
presidency,BSL|CEFR-J,B2,,noun,,
prestige,CEFR-J,B2,,noun,,
prestigious,TSL|CEFR-J,B2,,adjective,very important and well thought of,
presume,NAWL|BSL,,,verb,to think that something is probably true,推定する
prevail,BSL|CEFR-J,B2,,verb,,
prevalence,NAWL,,,n,"widespread, common, general",流行
prevention,BSL|CEFR-J,B2,,noun,,
preventive,CEFR-J,B2,,adjective,,
preview,TSL,,,,a chance to see something before it becomes generally available,
prey,NAWL,,,n,an animal that is killed and eaten by another animal,捕食
priceless,CEFR-J,B2,,adjective,,
prick,CEFR-J,B2,,noun,,
priest,CEFR-J,B1,,noun,,
primary school,CEFR-J,B1,,noun,,
prime minister,CEFR-J,B2,,noun,,
primer,NAWL,,,n,a book that covers the basics of a subject; a kind of paint,入門書
primitive,NAWL|CEFR-J,B1,,adj,being of an early time period in the past,原始的な
prince,CEFR-J,A1,,noun,,
princess,CEFR-J,A1,,noun,,
privacy,BSL|CEFR-J,B1,,noun,,
privately,BSL|CEFR-J,B2,,adverb,,
privatization,BSL,,,,,
privatize,BSL,,,,,
probable,TSL|BSL|CEFR-J,B2,,adjective,"possible, but not certain to be or become true or real",
probe,NAWL|BSL|CEFR-J,B2,,verb,a system or piece of equipment that is used to get information; in medicine: a long thin instrument used for looking inside your body,探査；プローブ，探査する
problematic,NAWL,,,adj,being difficult to deal with or fix,問題のある
processor,NAWL|BSL,,,n,a machine or company that prepares something and makes it ready for use,処理装置；加工機；加工業者
proclaim,BSL|CEFR-J,B1,,verb,,
procrastination,CEFR-J,B1,,noun,,
procurement,BSL,,,,,
prod,BSL,,,,,
productive,NAWL|TSL|BSL|CEFR-J,B1,,adj,doing a lot of work and achieving a lot,生産的な
productivity,NAWL|TSL|BSL,,,n,rate at which something is made or that people work,多産；生産性
professionally,TSL,,,,to do with your work or job,
proficiency,TSL,,,,skill and experience,
profitability,BSL,,,,,
profitable,TSL|BSL|CEFR-J,B2,,adjective,able to make money,
profound,NAWL,,,adj,showing a lot of deep knowledge or thought,深遠な
programmer,TSL|BSL|CEFR-J,B2,,noun,a person who designs and writes and tests computer programs  ,
programming,CEFR-J,B2,,noun,,
progression,NAWL,,,n,process of developing over time,発達；進歩
progressive,NAWL|BSL|CEFR-J,A2,,adj,believing in modern ideas about social change,進歩的な
prohibit,TSL|BSL|CEFR-J,B2,,verb,not allowed,
prohibition,CEFR-J,B1,,noun,,
projection,NAWL|TSL|BSL|CEFR-J,B2,,n,an image on a screen,投影；投射
projector,TSL,,,,an optical instrument that projects an enlarged image onto a screen  ,
proliferation,BSL,,,,,
prolong,BSL,,,,,
prom,CEFR-J,B2,,noun,,
prominence,CEFR-J,B2,,noun,,
prominent,NAWL|TSL|BSL|CEFR-J,B1,,adj,being important or well known,著名な
promotional,TSL|BSL,,,,to do with encouraging sales,
promptly,TSL|BSL|CEFR-J,B2,,adverb,"done right away, immediately",
prone,BSL,,,,,
pronoun,CEFR-J,B1,,noun,,
pronounce,NAWL|BSL|CEFR-J,A2,,verb,to make the sound of a word or letter with your voice,発音する
pronunciation,CEFR-J,A2,,noun,,
proofread,TSL,,,,read for errors,
prop,BSL,,,,,
proponent,CEFR-J,B2,,noun,,
proportional,BSL,,,,,
proposed,CEFR-J,B2,,adjective,,
proposition,NAWL|BSL,,,n,an idea; a suggestion,提案；命題
proprietary,BSL,,,,,
proprietorship,BSL,,,,,
prose,CEFR-J,B2,,noun,,
prosecute,BSL|CEFR-J,B2,,verb,,
prosecution,BSL,,,,,
prosecutor,BSL,,,,,
prospective,TSL|BSL,,,,"possible in the future, e.g. prospective client",
prospectus,BSL,,,,,
prosper,BSL|CEFR-J,B2,,verb,,
prosperity,BSL|CEFR-J,B1,,noun,,
prosperous,BSL|CEFR-J,B1,,adjective,,
protective,TSL|CEFR-J,B1,,adjective,to want to keep safe,
protester,BSL,,,,,
protocol,NAWL|BSL,,,n,a set of rules; computers use protocol so they can exchange information,外交儀礼；議定書；協定
proton,NAWL,,,n,a very small part of an atom that has a positive electrical charge,陽子
prototype,BSL,,,,,
proudly,CEFR-J,B2,,adverb,,
proven,CEFR-J,B2,,adjective,,
proverb,CEFR-J,B1,,noun,,
provided,CEFR-J,B1,,conjunction,,
provider,TSL|BSL,,,,"someone who takes care of others with money, food, home",
provincial,BSL,,,,,
provoke,BSL,,,,,
proximity,CEFR-J,B2,,noun,,
proxy,BSL,,,,,
prudent,BSL,,,,,
psychiatric,NAWL,,,adj,concerning or used in psychiatry,精神科の
psychologically,CEFR-J,B2,,adverb,,
psychologist,NAWL|CEFR-J,A2,,n,an expert who studies the mind and behavior,心理学者
psychology,NAWL|BSL|CEFR-J,B2,,n,the study of the mind and how it affects behaviour,心理学
public transport,CEFR-J,B1,,noun,,
publicity,TSL|BSL|CEFR-J,B2,,noun,the  advertising message to let people know about a product or event,
publicize,TSL|CEFR-J,B2,,verb,make known generally,
publicly,BSL|CEFR-J,B1,,adverb,,
publish,NAWL|TSL|BSL|CEFR-J,A2,,verb,"to prepare a book, journal, magazine and make it available",出版する；発表する
pudding,CEFR-J,B2,,noun,,
pullover,CEFR-J,B1,,noun,,
pulse,NAWL|CEFR-J,B2,,n,beat of the heart,脈拍
pumpkin,CEFR-J,B2,,noun,,
punch,NAWL|CEFR-J,B2,,verb,to make a quick hit with a closed hand,殴る，パンチ
punctual,TSL|CEFR-J,B2,,adjective,arriving on time,
punctuality,CEFR-J,B2,,noun,,
punctuation,CEFR-J,A2,,noun,,
punish,NAWL|BSL|CEFR-J,B1,,verb,to make someone suffer for bad behavior,罰する
punishment,NAWL|BSL|CEFR-J,B1,,n,the act of punishing someone,罰
puppy,CEFR-J,B1,,noun,,
purchaser,TSL|BSL,,,,someone who buys things; buyer,
purely,NAWL|BSL,,,adv,for no other reason; only and completely,純粋に
purify,CEFR-J,B1,,verb,,
purple,CEFR-J,A2,,adjective,,
purposeful,CEFR-J,B2,,adjective,,
purse,TSL|CEFR-J,B1,,noun,a small bag women use to carry personal items,
purser,TSL,,,,an officer aboard a ship who keeps accounts and attends to the passengers' needs  ,
pursuant,BSL,,,,,
pursuit,BSL|CEFR-J,B2,,noun,,
puzzle,NAWL|TSL|BSL|CEFR-J,B1,,n,a problem that requires thought and skill to be solved,困らせる；当惑する，パズル
puzzled,CEFR-J,B2,,adjective,,
quadrillion,NGSL,,,,,
quake,CEFR-J,B1,,noun,,
qualified,CEFR-J,B1,,adjective,,
qualitative,NAWL|BSL,,,adj,"concerning how good something is, rather than quantity",質的な
quantify,BSL|CEFR-J,B2,,verb,,
quantitative,NAWL|BSL,,,adj,the describing or measuring of quantity.,量的な
quantum,NAWL,,,n,the smallest unit or amount of energy,量子
quarantine,CEFR-J,B2,,noun,,
quarrel,CEFR-J,B2,,noun,,
quarrelsome,CEFR-J,B2,,adjective,,
quarterly,TSL|BSL,,,,every 4 months,
quasi,BSL,,,,,
queen,CEFR-J,A2,,noun,,
queer,CEFR-J,B2,,adjective,,
query,TSL|BSL|CEFR-J,B2,,noun,"question, inquire",
question mark,CEFR-J,B1,,noun,,
questionnaire,NAWL|TSL|BSL|CEFR-J,B1,,n,form used to get information from many people,アンケート
queue,BSL|CEFR-J,B1,,noun,,
quintillion,NGSL,,,,,
quit,TSL|BSL|CEFR-J,B2,,adjective,to stop doing something,
quiz,NAWL|CEFR-J,A2,,n,a game in which players answer questions on a specific topic,小テスト，小テストをする
quota,BSL,,,,,
quotable,CEFR-J,B2,,adjective,,
quotation,NAWL|BSL|CEFR-J,B2,,n,"words that a person has said or written in a play, book or movie",引用；相場；見積書
rabbit,CEFR-J,A1,,noun,,
racism,CEFR-J,B2,,noun,,
racist,CEFR-J,B2,,noun,,
rack,NAWL|TSL|CEFR-J,B2,,n,"a frame, stand or hook on which things are set or hung",棚
racket,CEFR-J,A2,,noun,,
radar,NAWL|CEFR-J,B2,,n,a device that sends out radio waves for finding out the position of another object,レーダー
radiate,CEFR-J,B2,,verb,,
radiation,NAWL|CEFR-J,B1,,n,"energy that is radiated or transmitted in the form of rays, waves or particles.",放射線
radically,CEFR-J,B2,,adverb,,
radium,CEFR-J,B2,,noun,,
radius,NAWL,,,n,a given area or a range around a certain point; a line from the center of a circle to its edge,半径
rafter,CEFR-J,B2,,noun,,
rag,CEFR-J,B2,,noun,,
rage,BSL|CEFR-J,B1,,noun,,
raid,BSL,,,,,
railroad,CEFR-J,B1,,noun,,
railway,TSL|BSL|CEFR-J,B1,,noun,"transport system of tracks ,stations and trains",
rainbow,CEFR-J,B2,,noun,,
raincoat,TSL|CEFR-J,A2,,noun,a water-resistant coat  ,
rainfall,NAWL|TSL|CEFR-J,B1,,n,water falling from the sky,降雨
rainforest,CEFR-J,B1,,noun,,
rainstorm,CEFR-J,B2,,noun,,
rainy,TSL|CEFR-J,A1,,adjective,"water from the clouds, wet or showery",
rally,BSL|CEFR-J,B2,,noun,,
ram,CEFR-J,B2,,noun,,
ramp,CEFR-J,B2,,noun,,
randomize,NAWL,,,verb,to arrange in a random order,無作為化する
randomly,NAWL|BSL,,,adv,with no pattern or clear purpose; by chance,無作為に
ranger,CEFR-J,B2,,noun,,
rap,CEFR-J,A2,,noun,,
rape,BSL|CEFR-J,B2,,noun,,
rash,CEFR-J,B2,,adjective,,
raspberry,CEFR-J,B1,,noun,,
ratify,BSL,,,,,
rating,CEFR-J,A2,,noun,,
ration,BSL|CEFR-J,B1,,noun,,
rational,NAWL|BSL|CEFR-J,B1,,adj,sensible; based on facts,合理的な
rationale,BSL,,,,,
rationality,NAWL,,,n,being able to think clearly,合理性
rattle,CEFR-J,B2,,noun,,
ravage,CEFR-J,B2,,noun,,
ray,NAWL|TSL|BSL|CEFR-J,A2,,n,the lines of light coming from an object,光線
razor,CEFR-J,B1,,noun,,
reactive,NAWL,,,adj,easily reacting to; responsive,反応の
reactor,NAWL|BSL,,,n,device to control nuclear energy as a power source,原子炉
readily,NAWL|BSL|CEFR-J,B2,,adv,in a quick and easy manner,容易に
reading,CEFR-J,A1,,noun,,
real estate,CEFR-J,B2,,noun,,
realism,NAWL,,,n,"accepting things as they are, not as you want",現実主義
realistic,NAWL|TSL|BSL|CEFR-J,B1,,adj,looks or appears real; like things really are,現実的な
realizable,BSL,,,,,
realization,BSL|CEFR-J,B2,,noun,,
realm,NAWL,,,n,the area ruled by a king or queen,領域
realtor,TSL,,,,"a person who sells, rents out or manages property for a living",
reap,BSL,,,,,
rearrange,TSL|CEFR-J,B1,,verb,to put into a new order ,
reassure,TSL|BSL,,,,to make someone feel certain of something,
rebate,TSL|BSL,,,,an amount of money given back to you as part of the deal when you buy goods or services,
rebel,BSL|CEFR-J,B2,,noun,,
rebellious,CEFR-J,B2,,adjective,,
rebound,BSL,,,,,
rebuild,BSL|CEFR-J,B1,,verb,,
receipt,TSL|BSL|CEFR-J,A2,,noun,proof of payment,
receivable,BSL,,,,,
receiver,BSL,,,,,
reception,TSL|CEFR-J,B1,,noun,the act of greeting people,
receptionist,TSL|CEFR-J,A2,,noun,"someone who works at the front desk, e.g. secretary",
receptor,NAWL,,,n,a device that receives information; in physiology: a nerve ending that changes stimuli into impulses,受容体
recession,TSL|BSL|CEFR-J,B2,,noun,a less successful time in the economy,
recipe,NAWL|TSL|BSL|CEFR-J,B2,,n,directions for making something,レシピ 
recipient,TSL|BSL,,,,the person who receives something  ,
recite,CEFR-J,B1,,verb,,
reclaim,CEFR-J,B1,,verb,,
recollect,CEFR-J,B2,,verb,,
recollection,CEFR-J,B2,,noun,,
recommendable,CEFR-J,B2,,adjective,,
reconcile,BSL,,,,,
reconciliation,BSL,,,,,
reconsider,TSL|CEFR-J,B2,,verb,to think something over again,
reconstruct,NAWL,,,verb,to rebuild something after it has been destroyed,再構築する
reconstruction,BSL,,,,,
recording,CEFR-J,B1,,noun,,
recreation,TSL|CEFR-J,B2,,noun,leisure,
recreational,TSL,,,,what you do for relaxation in your free time,
recruiter,TSL,,,,a person who hires people for businesses,
recruitment,TSL|BSL,,,,the act of hiring people for businesses,
rectangular,CEFR-J,B2,,adjective,,
recur,TSL,,,,happens again,
recycle,TSL|BSL|CEFR-J,A2,,verb,to find another use for something that is going to be put in the trash,
recycled,CEFR-J,B1,,adjective,,
recycling,CEFR-J,B1,,noun,,
redecorate,TSL,,,,to redo the inside of a house with new colors and furniture,
redeem,BSL,,,,,
redemption,BSL,,,,,
redesign,TSL|BSL,,,,change or improve the plan of how a thing is made,
redo,CEFR-J,B2,,verb,,
redundancy,BSL,,,,,
redundant,CEFR-J,B2,,adjective,,
reed,CEFR-J,B2,,noun,,
reef,CEFR-J,B1,,noun,,
referee,TSL|CEFR-J,B1,,noun,the person who oversees something to make sure that the rules are followed,
referendum,BSL,,,,,
referent,CEFR-J,B2,,adjective,,
referral,TSL|BSL,,,,the recommendation of someone or something,
refinance,BSL,,,,,
refine,BSL,,,,,
refinery,TSL|CEFR-J,B2,,noun,a factory where raw materials are taken to be made pure,
reflective,CEFR-J,B2,,adjective,,
reflexive,TSL,,,,referring back to itself  ,
reformer,BSL,,,,,
reformist,BSL,,,,,
refrain,CEFR-J,B2,,noun,,
refresh,TSL|CEFR-J,B2,,noun,to put new life or energy into,
refreshment,TSL,,,,a small amount of food and drink served as a light meal  ,
refreshments,CEFR-J,B1,,noun,,
refrigerator,TSL|CEFR-J,A2,,noun,an electric box that cools food,
refuge,CEFR-J,B2,,noun,,
refund,TSL|BSL|CEFR-J,B1,,noun,give back money that has already been paid,
refundable,TSL,,,,money that can be returned if you change your mind about a purchase,
refusal,BSL|CEFR-J,B1,,noun,,
refute,CEFR-J,B2,,verb,,
regain,BSL|CEFR-J,B1,,verb,,
regarding,CEFR-J,B1,,preposition,,
reggae,CEFR-J,B2,,noun,,
regime,NAWL|BSL|CEFR-J,B2,,n,a system of management; a form of government,政権；体制
regression,NAWL|BSL,,,n,going back; in statistics: a type of correlational procedure that focuses on predicting the values of an outcome based on its correlation with another variable.,退行
regrettably,CEFR-J,B2,,adverb,,
regulator,BSL,,,,,
regulatory,BSL,,,,,
rehabilitation,NAWL,,,n,"a scheme to help someone who has been ill or in prison to return to a healthy, independent, and useful life",修復；リハビリ
rehearsal,TSL|CEFR-J,B2,,noun,a practice session in preparation for a public performance,
rehearse,TSL,,,,practise so that you get better at doing it,
reimburse,TSL,,,,give back the money for an expense that has been paid out,
reimbursement,TSL,,,,the money that is given to cover the cost of an expense that has been paid out,
rein,BSL,,,,,
reinforce,NAWL|TSL|BSL|CEFR-J,B2,,verb,to strengthen,強化する；補強する
reinforcement,BSL|CEFR-J,B2,,noun,,
reinvest,BSL,,,,,
reinvestment,BSL,,,,,
rejection,NAWL|BSL|CEFR-J,B2,,n,the act of refusing to consider or believe something,拒絶
rejoin,CEFR-J,B2,,verb,,
related,CEFR-J,B2,,adjective,,
relational,BSL,,,,,
relativity,CEFR-J,B2,,noun,,
relaxation,TSL|CEFR-J,B2,,noun,the act of resting ,
relaxed,CEFR-J,A2,,adjective,,
relaxing,CEFR-J,B1,,adjective,,
relay,CEFR-J,B2,,noun,,
relevance,BSL,,,,,
reliability,NAWL|TSL|BSL,,,n,a quality that makes someone or something dependable and deserving of trust,信頼性
reliance,BSL,,,,,
relic,CEFR-J,B2,,noun,,
relieve,TSL|BSL|CEFR-J,B2,,verb,to take something away from someone,
relieved,CEFR-J,B2,,adjective,,
relocate,TSL,,,,to move to a new location,
relocation,TSL,,,,the act of moving something to a new location,
reluctance,BSL,,,,,
reluctant,TSL|BSL|CEFR-J,B2,,adjective,not very willing to do something,
remainder,TSL|BSL|CEFR-J,B1,,noun,what is left over ,
remaining,CEFR-J,B2,,adjective,,
remains,CEFR-J,B2,,noun,,
remarkably,BSL|CEFR-J,B2,,adverb,,
remedy,BSL|CEFR-J,B1,,noun,,
remembrance,CEFR-J,B1,,noun,,
reminder,TSL|BSL|CEFR-J,B2,,noun,something that makes you remember something,
remodel,TSL,,,,change or alter nearly everything to make it look different,
remote control,CEFR-J,B1,,noun,,
removal,TSL|BSL,,,,to take away and put in another place,
render,NAWL|BSL,,,verb,"to cause someone or something to behave in a particular way, or to enter into a particular condition",〜の状態にする；与える
renew,TSL|BSL|CEFR-J,B1,,verb,to make something new again,
renewable,BSL,,,,,
renewal,TSL|BSL,,,,the act of making something new again,
renovate,TSL,,,,restore to a previous or better condition,
renovation,TSL,,,,the process of being restored to a previous or better condition,
renown,TSL,,,,the state of being well known,
rental,TSL|BSL|CEFR-J,B2,,noun,the act of paying for the use of something (as an apartment or house or car)  ,
renter,TSL,,,,someone who pays money to have the use of something for a period of time,
reopen,TSL,,,,to open again,
reorganization,BSL,,,,,
reorganize,CEFR-J,B2,,verb,,
repaint,CEFR-J,B2,,noun,,
repairperson,TSL,,,,Person whose job it is to fixe things when they are broken,
repay,BSL|CEFR-J,B1,,verb,,
repayment,BSL,,,,,
repeatedly,TSL|BSL|CEFR-J,B1,,adverb,many times,
repertoire,NAWL|BSL|CEFR-J,B2,,n,a collection of skills or accomplishments.,レパートリー
repetition,TSL|CEFR-J,B2,,noun,to do something over and over again,
replacement,NAWL|TSL|BSL|CEFR-J,B2,,n,"the act of putting something new in the place of something that is old, broken or missing",交換
replica,CEFR-J,B2,,noun,,
replicate,NAWL|BSL,,,verb,"to repeat something, such as an experiment, study or process",複製する
replication,NAWL,,,n,the act of making copies,レプリケーション
reportedly,BSL,,,,,
repress,CEFR-J,B2,,verb,,
repression,CEFR-J,B2,,noun,,
reprint,BSL|CEFR-J,B2,,noun,,
reproduce,NAWL|TSL|BSL|CEFR-J,B1,,verb,to make a copy of something,再生する；繁殖する
reproduction,NAWL,,,n,the process that produces the next generation,再生；生殖作用
reprove,CEFR-J,B2,,verb,,
republic,NAWL|BSL|CEFR-J,B1,,n,a country governed by elected representatives,共和国
repurchase,BSL,,,,,
resale,BSL,,,,,
reschedule,TSL,,,,to set a new time for something,
resemble,NAWL|TSL|BSL|CEFR-J,B1,,verb,to be similar to someone or something in looks or manner,似ている
reservation,TSL|BSL|CEFR-J,B1,,noun,"to put something on hold for use later, e.g. car, hotel room",
reservoir,NAWL,,,n,"a lake, usually artificial, where water is collected and stored for the use of a community or industry",貯水池
residence,TSL|BSL|CEFR-J,B2,,noun,the house or place you live,
residential,TSL|BSL|CEFR-J,B1,,adjective,an area where people live,
residual,NAWL|BSL,,,adj,"concerning the last little bit, after the rest has gone or ended",残りの，残余
residue,NAWL,,,n,left over after part or most is taken away,剰余；残留物
resignation,TSL|BSL|CEFR-J,B2,,noun,to quit one's job,
resistant,NAWL,,,adj,not affected by something,抵抗する；耐性のある
resonant,CEFR-J,B2,,adjective,,
respectable,CEFR-J,B1,,adjective,,
respectably,CEFR-J,B2,,adverb,,
respected,CEFR-J,B2,,adjective,,
respective,BSL,,,,,
respiration,CEFR-J,B2,,noun,,
respiratory,NAWL|CEFR-J,B2,,adj,to do with breathing,呼吸器の
respondent,TSL|BSL,,,,someone who replies to something,
restate,BSL,,,,,
restatement,TSL,,,,a statement that has been reworded,
restrain,BSL,,,,,
restraint,BSL,,,,,
restrictive,BSL,,,,,
restroom,TSL,,,,room in a building which contains one or more toilets for public use,
restructure,BSL,,,,,
resume,TSL|BSL|CEFR-J,B2,,verb,to continue or start again,
retailer,TSL|BSL|CEFR-J,B2,,noun,a store that sells something,
retard,CEFR-J,B2,,verb,,
retell,CEFR-J,B1,,verb,,
retention,BSL,,,,,
retina,CEFR-J,B2,,noun,,
retired,CEFR-J,A2,,adjective,,
retreat,TSL|BSL|CEFR-J,B2,,noun,to move back or withdraw from a place,
retrieve,NAWL|TSL|BSL|CEFR-J,B2,,verb,to find and get something from somewhere,取り戻す；検索する
retrospect,CEFR-J,B1,,noun,,
reunification,CEFR-J,B1,,noun,,
reunify,CEFR-J,B1,,verb,,
reunion,TSL|CEFR-J,A2,,noun,when people get together to meet up after not meeting for a long time,
revaluation,BSL,,,,,
revelation,CEFR-J,B2,,noun,,
revenge,CEFR-J,B2,,noun,,
reverence,CEFR-J,B2,,noun,,
reversal,BSL,,,,,
reviewer,TSL,,,,someone who checks written work,
revision,TSL|BSL|CEFR-J,B1,,noun,to change or rewrite something,
revival,BSL|CEFR-J,B2,,noun,,
revive,BSL|CEFR-J,B2,,verb,,
revolutionary,NAWL|BSL|CEFR-J,B2,,adj,a significant change in something,革新的な
revolutionize,TSL|CEFR-J,B2,,verb,"to make a new, big change in society",
revolve,CEFR-J,B2,,verb,,
rewrite,NAWL|TSL|BSL|CEFR-J,B1,,verb,"to write again to improve, or correct errors",書き直す
rhetoric,NAWL|BSL,,,n,the study of public speaking or writing techniques,言葉遣い；修辞学
rhinoceros,CEFR-J,B2,,noun,,
rhyme,CEFR-J,B2,,verb,,
rhythm,NAWL|CEFR-J,A2,,n,a pattern of sound and beats in music,リズム
rhythmic,CEFR-J,B2,,adjective,,
rib,CEFR-J,B2,,noun,,
ribbon,CEFR-J,A1,,noun,,
riddle,CEFR-J,B2,,noun,,
rider,TSL|CEFR-J,B2,,noun,someone who uses an animal or a bicycle or motorcycle for transport,
ridge,CEFR-J,B2,,noun,,
ridiculous,NAWL|CEFR-J,B1,,adj,"something that deserves laughter, is foolish or funny",ばかげた
rig,BSL,,,,,
right-hand,CEFR-J,A2,,adjective,,
righteousness,CEFR-J,B2,,noun,,
rightly,BSL|CEFR-J,B2,,adverb,,
rigid,BSL,,,,,
rigorous,BSL,,,,,
rim,CEFR-J,B2,,noun,,
riot,BSL,,,,,
rip,CEFR-J,B2,,verb,,
ripe,CEFR-J,B1,,adjective,,
risky,BSL|CEFR-J,B2,,adjective,,
rite,CEFR-J,B2,,noun,,
ritual,NAWL|CEFR-J,B2,,n,performed as part of a formal ceremony,儀式
roadside,CEFR-J,B1,,noun,,
roam,CEFR-J,B2,,noun,,
roar,CEFR-J,B2,,verb,,
roast,CEFR-J,B2,,adjective,,
rob,CEFR-J,A2,,verb,,
robbery,CEFR-J,A2,,noun,,
robin,CEFR-J,A2,,noun,,
robot,NAWL|BSL|CEFR-J,B1,,n,a mechanical creature that acts like a human,ロボット
robust,BSL,,,,,
rocket,BSL|CEFR-J,B2,,noun,,
rocky,CEFR-J,B2,,adjective,,
rolling,CEFR-J,B1,,adjective,,
romance,CEFR-J,A2,,noun,,
roommate,CEFR-J,B2,,noun,,
rope,NAWL|CEFR-J,A2,,n,a thick string made by twisting many fibers together,ロープ
rose,TSL|BSL|CEFR-J,A1,,noun,a red flower used to show love,
rosy,CEFR-J,B2,,adjective,,
rotate,NAWL,,,verb,to move or turn around a central point,回転する
rotation,NAWL,,,n,movement in a circle around a central point,回転
rotten,CEFR-J,B1,,adjective,,
roundabout,CEFR-J,A2,,noun,,
routinely,BSL,,,,,
royalty,BSL|CEFR-J,B2,,noun,,
rub,NAWL|CEFR-J,B2,,verb,to move something back and forth along a surface,こする
rubber,TSL|CEFR-J,B1,,noun,the stretchy material that elastic bands are made of,
rubbish,CEFR-J,B1,,noun,,
rubble,CEFR-J,B2,,noun,,
rude,CEFR-J,A1,,adjective,,
rudely,CEFR-J,B1,,adverb,,
rug,TSL|CEFR-J,B2,,noun,a small loose floor covering,
rugby,CEFR-J,A2,,noun,,
ruinous,CEFR-J,B2,,adjective,,
ruler,NAWL|BSL|CEFR-J,A1,,n,someone who has control over a country or area,支配者；統治者
rumor,TSL|BSL|CEFR-J,A2,,noun,something said by people but not necessarily true,
runaway,CEFR-J,B1,,noun,,
runner,TSL|CEFR-J,A2,,noun,someone who travels on foot by running  ,
running,CEFR-J,A2,,noun,,
runway,CEFR-J,B1,,noun,,
rush hour,CEFR-J,B2,,noun,,
rusty,CEFR-J,B2,,adjective,,
sack,BSL|CEFR-J,B2,,verb,,
sacred,CEFR-J,B1,,adjective,,
sacrifice,BSL,,,,,
sadly,BSL|CEFR-J,A2,,adverb,,
sadness,CEFR-J,B1,,noun,,
safari,CEFR-J,B1,,noun,,
safeguard,BSL|CEFR-J,B1,,noun,,
safely,TSL|CEFR-J,B1,,adverb,in a way that is not dangerous ,
sag,CEFR-J,B2,,noun,,
sage,CEFR-J,B2,,noun,,
sailing,CEFR-J,A2,,noun,,
sailor,CEFR-J,A1,,noun,,
salad,TSL|CEFR-J,A1,,noun,food made of mainly leaves or lettuce and vegetables,
salesman,TSL|CEFR-J,B1,,noun,a man whose job it is to get people to buy things from his company ,
salesmanship,CEFR-J,B2,,noun,,
salespeople,TSL|BSL,,,,men and women whose job it is get people to buy things from their company ,
salesperson,TSL|BSL|CEFR-J,B2,,noun,a man or woman whose job it is get people to buy things from their company,
saleswoman,CEFR-J,B2,,noun,,
salmon,CEFR-J,B1,,noun,,
salon,TSL|CEFR-J,B2,,noun,"a store where you can get a particular service, like getting your hair styled",
salsa,CEFR-J,B2,,noun,,
salty,CEFR-J,B2,,adjective,,
salvage,BSL,,,,,
sandal,CEFR-J,B1,,noun,,
sandstone,CEFR-J,B2,,noun,,
sandwich,TSL|CEFR-J,A1,,noun,"two pieces of bread with a filling inside, e.g. meat or jam",
sandy,CEFR-J,A2,,adjective,,
sanitary,CEFR-J,B2,,adjective,,
sanitation,CEFR-J,B2,,noun,,
satellite,TSL|BSL|CEFR-J,B1,,noun,another branch of an office elsewhere,
satisfactory,TSL|BSL|CEFR-J,B2,,adjective,acceptable,
satisfied,CEFR-J,B1,,adjective,,
saturday,NGSL|CEFR-J,A1,,noun,,
sauce,CEFR-J,A2,,noun,,
saucepan,CEFR-J,B1,,noun,,
saucer,CEFR-J,B1,,noun,,
sauna,TSL,,,,a Finnish steam bath; steam is produced by pouring water over heated rocks  ,
sausage,CEFR-J,A2,,noun,,
saver,BSL,,,,,
saving,CEFR-J,B2,,noun,,
saw,CEFR-J,A1,,noun,,
scandal,BSL|CEFR-J,B2,,noun,,
scar,CEFR-J,B2,,noun,,
scarce,BSL,,,,,
scarcely,CEFR-J,B2,,adverb,,
scared,CEFR-J,B1,,adjective,,
scarf,TSL|CEFR-J,A2,,noun,"a long, narrow piece of material you wear round your neck to keep you warm",
scarlet,CEFR-J,B2,,noun,,
scary,CEFR-J,B1,,adjective,,
scatter,NAWL|BSL|CEFR-J,B1,,verb,to make things separate and go in different directions,まき散らす
scenario,NAWL|BSL,,,n,an outline; an imagined sequence of events in a plan or project,シナリオ
scenery,TSL|CEFR-J,A2,,noun,the view of natural surroundings,
scenic,CEFR-J,B1,,adjective,,
scent,CEFR-J,B2,,noun,,
scheduled,CEFR-J,B2,,adjective,,
scholarship,NAWL|TSL|CEFR-J,B1,,n,money given to a student to pay for education,奨学金
scholasticism,CEFR-J,B2,,noun,,
schoolchild,CEFR-J,A2,,noun,,
schoolgirl,CEFR-J,B2,,noun,,
schoolmate,CEFR-J,B1,,noun,,
schoolteacher,CEFR-J,B1,,noun,,
schoolwork,CEFR-J,A2,,noun,,
science fiction,CEFR-J,B1,,noun,,
scientifically,CEFR-J,B2,,adverb,,
scissors,CEFR-J,A2,,noun,,
scold,CEFR-J,B1,,verb,,
scooter,CEFR-J,B2,,noun,,
scorecard,BSL,,,,,
scramble,CEFR-J,B2,,verb,,
scrap,BSL,,,,,
scratch,BSL|CEFR-J,B1,,noun,,
screw,CEFR-J,A2,,noun,,
scribble,CEFR-J,B2,,noun,,
script,BSL|CEFR-J,A2,,noun,,
scripture,NAWL,,,n,the holy books of a particular religion,聖書
scroll,NAWL,,,n,a long rolled piece of paper with writing on it; to move up and down a computer screen,スクロール
scrooge,CEFR-J,B2,,noun,,
scrutiny,BSL,,,,,
scuba,CEFR-J,B2,,noun,,
sculpture,TSL|CEFR-J,B1,,noun,a figure or statue,
scythe,CEFR-J,B2,,noun,,
seafood,TSL|CEFR-J,A2,,noun,things you can eat as food that live in the sea,
seaside,TSL|CEFR-J,A2,,noun,a place right by the ocean where people can go to relax and have fun,
seasonal,TSL|BSL|CEFR-J,B2,,adjective,happening at a certain time of the year only,
seawater,CEFR-J,B1,,noun,,
seaweed,CEFR-J,B1,,noun,,
second person,CEFR-J,B2,,noun,,
second-hand,CEFR-J,B1,,adjective,,
secondary school,CEFR-J,B1,,noun,,
secrete,NAWL,,,verb,to produce a liquid,隠す；分泌する
secretly,CEFR-J,B1,,adverb,,
secular,BSL,,,,,
sedan,TSL,,,,a type of car that has seats for four people,
sediment,NAWL,,,n,the material that settles to the bottom of a liquid,堆積物
seeker,TSL|BSL,,,,someone looking for something ,
seemingly,BSL,,,,,
seesaw,CEFR-J,B2,,noun,,
segmentation,BSL,,,,,
seize,BSL|CEFR-J,B1,,verb,,
seldom,TSL|BSL|CEFR-J,B2,,adverb,not very often,
selective,NAWL|BSL,,,adj,choosing through thoughtful comparison,選択的な
self-confidence,CEFR-J,B2,,noun,,
self-confident,CEFR-J,B2,,adjective,,
self-service,CEFR-J,B1,,adjective,,
selfish,CEFR-J,B1,,adjective,,
selfless,CEFR-J,B2,,adjective,,
seller,TSL|BSL|CEFR-J,B2,,noun,someone who promotes or exchanges goods or services for money  ,
semantic,NAWL,,,adj,the different meanings of words,意味の
semester,NAWL|TSL|CEFR-J,A2,,n,half a year in school or college,学期
semi,NAWL|BSL,,,prefix,a prefix meaning 'half',半；準
semi-final,CEFR-J,B2,,noun,,
semicolon,CEFR-J,B2,,noun,,
seminar,NAWL|TSL|BSL|CEFR-J,B2,,n,a small class at a college or university,セミナー
senator,BSL|CEFR-J,B2,,noun,,
sender,TSL,,,,someone who transmits a message,
sensation,NAWL|CEFR-J,B1,,n,"a feeling that is experienced by the body, usually through the sense of touch",感覚
sensible,NAWL|BSL|CEFR-J,B2,,adj,having the ability to judge something reasonably,賢明な；分別のある
sensitivity,NAWL|BSL,,,n,being sensitive; in physiology: the ability of an organism or part of an organism to react to stimuli; in electronics: the ability of a radio device to react to incoming signals,感受性；感度
sensor,BSL,,,,,
sensory,NAWL,,,adj,"referring to the five senses (hearing, sight, smell, taste and touch)",感覚の
sentiment,BSL,,,,,
separately,NAWL|TSL|BSL|CEFR-J,B2,,adv,not with another person or thing,別々に
separation,NAWL|BSL|CEFR-J,B1,,n,a line that seperates; a point of parting; a gap,分離
separatist,BSL,,,,,
september,NGSL|CEFR-J,A1,,noun,,
serene,CEFR-J,B2,,adjective,,
serial,TSL|BSL|CEFR-J,B2,,adjective,"ongoing, happening more than once in a particular order",
setback,CEFR-J,B2,,noun,,
setting,CEFR-J,B1,,noun,,
settler,CEFR-J,B1,,noun,,
setup,BSL,,,,,
seven,NGSL|NGSL-Spoken|CEFR-J,A1,,number,,
seventeen,NGSL|CEFR-J,A1,,number,,
seventy,NGSL|NGSL-Spoken|CEFR-J,A1,,number,,
severely,BSL|CEFR-J,B1,,adverb,,
sew,TSL|CEFR-J,A2,,verb,to use a needle and thread,
sewer,TSL,,,, the pipes that carry water and waste away from toilets,
sexism,CEFR-J,B2,,noun,,
sexuality,NAWL,,,n,characterized and distinguished by sex,性的特質
sexy,CEFR-J,B2,,adjective,,
shabby,CEFR-J,B2,,adjective,,
shadowy,CEFR-J,B1,,adjective,,
shaken,CEFR-J,B2,,adjective,,
shakespearean,CEFR-J,B2,,adjective,,
shaky,CEFR-J,B2,,adjective,,
shallow,NAWL|CEFR-J,B1,,adj,not deep; a small distance between the lowest and highest point,浅い
shame,CEFR-J,B1,,noun,,
shameful,CEFR-J,B1,,adjective,,
shampoo,CEFR-J,A2,,noun,,
sharply,TSL|BSL|CEFR-J,B2,,adverb,harshly,
shatter,CEFR-J,B2,,verb,,
shave,CEFR-J,B1,,verb,,
shed,BSL|CEFR-J,B2,,noun,,
sheer,BSL|CEFR-J,B1,,adjective,,
sheriff,CEFR-J,B1,,noun,,
shield,BSL|CEFR-J,B2,,noun,,
shiny,CEFR-J,B1,,adjective,,
shipment,TSL|BSL,,,,"delivery of goods, e.g. carried by a large vehicle",
shipping,CEFR-J,B2,,noun,,
shipwreck,CEFR-J,B2,,noun,,
shiver,CEFR-J,B1,,verb,,
shocked,CEFR-J,B1,,adjective,,
shocking,CEFR-J,B1,,adjective,,
shooting,CEFR-J,B2,,noun,,
shop assistant,CEFR-J,A2,,noun,,
shopkeeper,CEFR-J,B2,,noun,,
shoplift,CEFR-J,B2,,verb,,
shoplifter,CEFR-J,B2,,noun,,
shoplifting,CEFR-J,B2,,noun,,
shopper,TSL|BSL|CEFR-J,B1,,noun,someone who buys things in a store,
shopping,CEFR-J,A1,,noun,,
short-term,CEFR-J,B2,,adjective,,
shortage,TSL|BSL|CEFR-J,B1,,noun,a lack of something ,
shorten,TSL,,,,to make smaller in length,
shortfall,BSL,,,,,
shortly,NAWL|TSL|BSL|CEFR-J,B1,,adv,quickly; soon,まもなく
shortness,CEFR-J,B2,,noun,,
showbiz,CEFR-J,B2,,noun,,
showcase,CEFR-J,B2,,noun,,
showroom,TSL,,,,an area where goods for sale are set out so people can look at them,
shrimp,CEFR-J,B1,,noun,,
shrink,BSL|CEFR-J,B2,,noun,,
shrug,CEFR-J,B2,,verb,,
shuttle,NAWL|TSL,,,n,a vehicle that carries passengers or items between two places,シャトル，往復する
shy,CEFR-J,A1,,adjective,,
sickness,CEFR-J,B1,,noun,,
sidewalk,TSL|CEFR-J,B1,,noun,the area that runs alonside a road for people to walk on,
sightsee,TSL,,,,go to visit places of interest,
sightseeing,CEFR-J,A2,,noun,,
signature,TSL|BSL|CEFR-J,B1,,noun,your name written in your own handwriting  ,
signify,TSL|CEFR-J,B2,,verb,shows a sign that it has an important meaning,
signpost,CEFR-J,B1,,noun,,
silently,TSL|CEFR-J,A2,,adverb,in a quiet manner,
silk,CEFR-J,B1,,noun,,
silverware,CEFR-J,B2,,noun,,
similarity,NAWL|TSL|BSL|CEFR-J,B1,,n,the degree to which people or things are the same,類似
simplicity,BSL,,,,,
simplification,CEFR-J,B2,,noun,,
simplify,NAWL|TSL|BSL|CEFR-J,B1,,verb,"to make something easier to do, use or understand",簡素化する
simulate,NAWL|BSL,,,verb,"to look, feel, or behave like something; to copy",ふりをする；シミュレーションをする
simulation,NAWL|BSL,,,n,a copy; a method that is used to study and analyze the characteristics of the real world,シミュレーション
simultaneous,CEFR-J,B2,,adjective,,
simultaneously,NAWL|BSL|CEFR-J,B1,,adv,at the same time as,同時に
sin,NAWL,,,n,a bad act; to do something bad,罪
sincere,CEFR-J,B2,,adjective,,
sincerely,TSL,,,,with honesty,
sincerity,CEFR-J,B2,,noun,,
singing,CEFR-J,A2,,noun,,
singular,NAWL|CEFR-J,A2,,adj,one,単数の；並外れた
sister-in-law,CEFR-J,B2,,noun,,
sitting room,CEFR-J,A2,,noun,,
six,NGSL|NGSL-Spoken|CEFR-J,A1,,number,,
sixteen,NGSL|CEFR-J,A1,,number,,
sixty,NGSL|NGSL-Spoken|CEFR-J,A1,,number,,
skate,TSL|CEFR-J,A2,,noun,glide over the surface as if you are sliding on ice,
skateboard,TSL|CEFR-J,B2,,noun,a flat board with small wheels on the bottom that you move by pushing on the ground with one foot,
skateboarder,CEFR-J,B2,,noun,,
skateboarding,CEFR-J,A2,,noun,,
skating,CEFR-J,A2,,noun,,
skeleton,CEFR-J,B1,,noun,,
skeptic,BSL,,,,,
skeptical,BSL,,,,,
sketch,NAWL|TSL|CEFR-J,B2,,n,a drawing made quickly that lacks detail,スケッチ
skiing,CEFR-J,A2,,noun,,
skilled,CEFR-J,B2,,adjective,,
skillful,CEFR-J,B2,,adjective,,
skillfully,CEFR-J,B2,,adverb,,
skim,TSL|CEFR-J,B2,,verb,to move quickly above the surface without touching it,
skip,NAWL|CEFR-J,B2,,verb,to not do; to jump,スキップ，飛ばす
skylark,CEFR-J,B2,,noun,,
skyscraper,CEFR-J,B1,,noun,,
skyward,CEFR-J,B2,,adverb,,
slab,NAWL,,,n,"a thick, flat slice of something",厚板；厚切り
slack,BSL,,,,,
slam,CEFR-J,B2,,verb,,
slang,CEFR-J,B2,,noun,,
slap,CEFR-J,B2,,noun,,
slash,NAWL|BSL|CEFR-J,B2,,n,to cut violently,サッと切る；大幅に削減する，切り傷；削減；スラッシュ
slaughter,CEFR-J,B2,,noun,,
slavery,NAWL|CEFR-J,B1,,n,"(n,) the state of being a slave",奴隷制度
sleepless,CEFR-J,A2,,adjective,,
sleepy,TSL|CEFR-J,A2,,adjective,"tired, ready for bed",
sleeve,TSL|CEFR-J,B1,,noun,"the part of a garment that covers some, or all, of the arm",
slim,BSL|CEFR-J,A2,,adjective,,
sliver,CEFR-J,B2,,noun,,
slogan,BSL|CEFR-J,B1,,noun,,
sloppy,CEFR-J,B2,,adjective,,
slot,NAWL|TSL|BSL|CEFR-J,B1,,n,"a long narrow opening, into which you put or fit something",細長い穴；地位；時間枠
slowdown,BSL,,,,,
slump,BSL,,,,,
smartphone,TSL,,,,,
smash,CEFR-J,B2,,verb,,
smith,CEFR-J,A1,,noun,,
smoker,CEFR-J,B1,,noun,,
smokestack,CEFR-J,B2,,noun,,
smoking,CEFR-J,A1,,noun,,
smoothly,TSL|CEFR-J,A2,,adverb,to do something easily with no trouble,
smuggle,BSL,,,,,
snack,TSL|CEFR-J,A2,,noun,Small amount of food eaten between meals,
snake,NAWL|CEFR-J,A1,,n,an animal with with a long thin body and no arms or legs,ヘビ
sneak,CEFR-J,B2,,verb,,
sneer,CEFR-J,B2,,noun,,
sneeze,NAWL|CEFR-J,B1,,verb,to loudly blow air out of your nose or mouth in a sudden uncontrolled way,くしゃみをする
sniff,NAWL|CEFR-J,B2,,verb,to smell by short intakes of air.,匂いを嗅ぐ
snore,CEFR-J,B2,,noun,,
snowball,CEFR-J,B2,,noun,,
snowboard,CEFR-J,B1,,noun,,
snowboarding,CEFR-J,A2,,noun,,
snowstorm,CEFR-J,B1,,noun,,
snowy,TSL|CEFR-J,A1,,adjective,cold weather with snow falling,
so-called,CEFR-J,B2,,adjective,,
soak,CEFR-J,B2,,noun,,
soaked,CEFR-J,B2,,adjective,,
soaking,CEFR-J,B2,,adjective,,
soap,TSL|CEFR-J,A2,,noun,a block of material used for washing or cleaning,
soap opera,CEFR-J,B1,,noun,,
soar,TSL|BSL|CEFR-J,B2,,verb,fly quickly up into the air,
sob,CEFR-J,B2,,verb,,
soccer,TSL|CEFR-J,A1,,noun,ball game played by two teams who try to score goals without handling the ball ,
sociable,CEFR-J,B2,,adjective,,
social networking,CEFR-J,B1,,noun,,
socialist,BSL,,,,,
socialize,NAWL|CEFR-J,B2,,verb,to teach people to behave in a way which is acceptable in their culture; to spend time with people,社交化
socially,NAWL|BSL|CEFR-J,B1,,adv,being with other people,社会的に
sock,TSL|CEFR-J,A2,,noun,something you wear on your foot to keep you warm,
soda,CEFR-J,A2,,noun,,
sodium,NAWL,,,n,"a soft, white chemical element",ナトリウム
sofa,TSL|CEFR-J,A1,,noun,"a long soft seat with a back, big enough for at least two people to sit on",
soft drink,CEFR-J,A2,,noun,,
softly,CEFR-J,A2,,adverb,,
softness,CEFR-J,B2,,noun,,
solar,NAWL|TSL|BSL|CEFR-J,B2,,adj,"concerning the sun, or its heat",太陽の
sole,BSL,,,,,
solely,BSL,,,,,
solidity,CEFR-J,B2,,noun,,
soliloquy,CEFR-J,B2,,noun,,
solo,CEFR-J,B2,,adjective,,
soluble,NAWL,,,adj,"can be mixed with a liquid, e.g. salt is soluble in water",水溶性
solute,NAWL,,,adj,"a substance that has dissolved in a solvent and become part of the liquid, so that they form a solution",溶質
solvent,NAWL|CEFR-J,B2,,n,something that dissolves or can melt another substance,溶剤
someday,TSL|CEFR-J,A2,,adverb,At some unspecified time in the future,
someplace,CEFR-J,B1,,adverb,,
sometime,NAWL|TSL|BSL|CEFR-J,B1,,adj,at an unknown time in the future,いつか
son-in-law,CEFR-J,B2,,noun,,
sonnet,CEFR-J,B2,,noun,,
soothe,CEFR-J,B1,,verb,,
sophisticate,NAWL|BSL,,,verb,to make more complex or refined,洗練させる
sophisticated,CEFR-J,B2,,adjective,,
sophomore,CEFR-J,B1,,noun,,
sore,CEFR-J,B1,,adjective,,
sorrow,CEFR-J,B1,,noun,,
soundtrack,CEFR-J,B2,,noun,,
soup,TSL|CEFR-J,A1,,noun,"a liquid meal, usually hot",
sour,CEFR-J,B1,,adjective,,
southeast,CEFR-J,B1,,adjective,,
southward,CEFR-J,B2,,adverb,,
southwest,CEFR-J,B1,,adjective,,
souvenir,CEFR-J,B1,,noun,,
sovereign,BSL,,,,,
sovereignty,BSL,,,,,
soviet,CEFR-J,B2,,noun,,
soybean,CEFR-J,B2,,noun,,
spa,TSL|CEFR-J,B2,,noun,"a place you can go to relax and  improve your health, or how you look",
spaceship,CEFR-J,A2,,noun,,
spacious,TSL,,,,lots of room or space,
spaghetti,CEFR-J,A2,,noun,,
spam,TSL,,,,"unwanted e-mail, usually of a commercial nature sent out in bulk ",
span,NAWL|BSL|CEFR-J,B2,,verb,the amount of time something lasts,期間，架かる；及ぶ
sparerib,CEFR-J,B2,,noun,,
spark,BSL|CEFR-J,B2,,noun,,
sparkle,CEFR-J,B1,,noun,,
sparkling,CEFR-J,B2,,adjective,,
sparrow,CEFR-J,B2,,noun,,
spatial,NAWL,,,adj,about space,空間的な
specialization,BSL,,,,,
specially,TSL|CEFR-J,B1,,adverb,in particular,
specialty,NAWL|TSL|BSL|CEFR-J,B2,,n,the specific area of your field,専門；特殊；名物
specification,NAWL|TSL|BSL,,,n,a detailed description of the design and materials used to make something.,仕様
specimen,NAWL,,,n pl.,"an example of something, especially of a plant or an animal; a small amount of blood or urine",見本；標本
spectacle,CEFR-J,B2,,noun,,
spectacular,BSL|CEFR-J,B1,,adjective,,
spectator,TSL|CEFR-J,B1,,noun,a person who watches something happening,
spectrum,NAWL|BSL,,,n,the wavelengths of colors from red to violet,スペクトル
speculate,BSL,,,,,
speculation,BSL,,,,,
speculative,BSL,,,,,
speculator,BSL,,,,,
speeder,CEFR-J,B2,,noun,,
spellbound,CEFR-J,B2,,adjective,,
spelling,CEFR-J,B1,,noun,,
sperm,NAWL,,,n,male sex cell,精子
sphere,NAWL|CEFR-J,B1,,n,a round 3D object. e.g. a ball,球体；天体
spice,CEFR-J,B1,,noun,,
spicy,CEFR-J,B1,,adjective,,
spider,CEFR-J,B1,,noun,,
spill,TSL|BSL|CEFR-J,A2,,verb,"to accidentally empty a container, e.g. spill a glass of milk",
spinach,CEFR-J,B1,,noun,,
spiral,CEFR-J,B1,,adjective,,
spiritual,CEFR-J,B1,,adjective,,
spite,TSL|BSL|CEFR-J,B2,,noun,the desire to direct bad feeling towards someone,
splash,CEFR-J,B2,,noun,,
splatter,CEFR-J,B2,,noun,,
splice,NAWL,,,n,act of connecting two pieces of rope or wire into one,接合
spoil,CEFR-J,B1,,verb,,
spokesman,BSL|CEFR-J,B2,,noun,,
spokesperson,TSL,,,,one man or woman who speaks officially for the rest of the group,
spokeswoman,CEFR-J,B2,,noun,,
sponge,CEFR-J,B1,,noun,,
sponsorship,NAWL|BSL,,,n,money given to a student to pay for education,資金援助
spontaneous,NAWL,,,adj,"something that happens on its own, seemingly without cause",自発的な
spoon,CEFR-J,A2,,noun,,
sports,CEFR-J,B1,,adjective,,
sports center,CEFR-J,A2,,noun,,
sportsmanship,CEFR-J,B1,,noun,,
spouse,TSL|BSL,,,,the person you are married to,
spray,NAWL|TSL|CEFR-J,B2,,verb,to make water or liquid fly in very small drops,スプレー，スプレーする；散布する
spreadsheet,TSL|BSL|CEFR-J,B2,,noun,a computer program worksheet or table that you enter information onto,
sprint,CEFR-J,B2,,noun,,
spur,BSL|CEFR-J,B2,,noun,,
spy,BSL|CEFR-J,A1,,noun,,
squad,CEFR-J,B2,,noun,,
squash,CEFR-J,B2,,noun,,
squeeze,BSL|CEFR-J,B2,,verb,,
stab,CEFR-J,B2,,verb,,
stabilize,NAWL|BSL,,,verb,"to make something stable or consistent, with no major changes",安定させる
stack,NAWL|TSL|BSL|CEFR-J,B2,,verb,To put one thing on top of another e.g. books,山，積み上げる
stadium,NAWL|TSL|CEFR-J,A2,,n,very large building with a sports field and rows of seats all around that is used for various events,スタジアム
stagger,CEFR-J,B2,,noun,,
stakeholder,BSL,,,,,
stall,BSL|CEFR-J,B1,,noun,,
stammer,CEFR-J,B2,,verb,,
stance,NAWL|BSL,,,n,a position or opinion that is stated to the public,姿勢
standardize,NAWL|BSL,,,verb,to change something in order to make everything the same or make everything agree,標準化する
standby,CEFR-J,B2,,adjective,,
standstill,CEFR-J,B2,,noun,,
stanza,CEFR-J,B2,,noun,,
staple,TSL,,,,short thin piece of wire  that is punched through sheets of paper to fasten them together,
stapler,TSL,,,,a small device used to fix papers together with a small thin piece of wire called a staple,
startle,CEFR-J,B2,,verb,,
starvation,CEFR-J,B2,,noun,,
starve,CEFR-J,B2,,verb,,
starving,CEFR-J,B2,,adjective,,
statesman,CEFR-J,B2,,noun,,
statewide,CEFR-J,B2,,adverb,,
static,NAWL|BSL,,,adj,being unchangeable or unmovable,静的な
stationery,TSL,,,,any materials needed for writing and printing,
statistical,NAWL|BSL,,,adj,about statistics,統計的
statistically,NAWL|BSL,,,adv,with respect to statistics,統計的に
statistics,NAWL|TSL|BSL|CEFR-J,B2,,n pl.,a type of mathematics that provide specific information or prove something,統計
statue,TSL|CEFR-J,A2,,noun,"a work of art, usually a model of a person or animal, made from hard material",
statute,BSL,,,,,
statutory,BSL,,,,,
steadily,TSL|BSL|CEFR-J,B1,,adverb,in a slow and even manner,
steak,TSL|CEFR-J,A2,,noun,a big piece of meat or fish,
steam,BSL|CEFR-J,B1,,noun,,
steely,CEFR-J,B2,,adjective,,
steep,BSL|CEFR-J,B1,,adjective,,
steer,TSL|BSL|CEFR-J,B2,,verb,guide the direction of,
steering wheel,CEFR-J,B2,,noun,,
stepfather,CEFR-J,B2,,noun,,
stepmother,CEFR-J,B2,,noun,,
stereo,TSL,,,,a device that plays sound through two or more speakers,
stereotype,NAWL|CEFR-J,B2,,n,"an idea or belief about what someone or something is like, often unfair or untrue",固定観念，固定観念で見る
sterling,BSL,,,,,
stern,CEFR-J,B2,,adjective,,
stew,CEFR-J,B2,,noun,,
sticker,TSL|CEFR-J,B1,,noun,a label with glue on the back,
sticky,CEFR-J,B1,,adjective,,
stiff,CEFR-J,B2,,adjective,,
stimulant,CEFR-J,B2,,noun,,
stimulation,CEFR-J,B2,,noun,,
stimulus,NAWL|TSL|BSL,,,n pl.,something that makes a change.,刺激
stingy,CEFR-J,B2,,adjective,,
stink,CEFR-J,B2,,verb,,
stitch,CEFR-J,B2,,noun,,
stochastic,BSL,,,,,
stock market,CEFR-J,B2,,noun,,
stockbroker,TSL,,,,an agent whose job it is to buy and sell stocks and bonds  ,
stockholder,TSL|BSL,,,,someone who holds shares of stock in a corporation  ,
stockmarket,BSL,,,,,
stockpile,CEFR-J,B2,,noun,,
stomachache,CEFR-J,A2,,noun,,
stonework,CEFR-J,B2,,noun,,
stool,CEFR-J,B2,,noun,,
stopover,CEFR-J,B2,,noun,,
stopwatch,CEFR-J,B2,,noun,,
storeroom,TSL,,,,a room where things can be kept when they are not being used,
stormy,CEFR-J,B1,,adjective,,
storyteller,CEFR-J,B1,,noun,,
stove,CEFR-J,A2,,noun,,
straighten,CEFR-J,B2,,verb,,
straightforward,NAWL|BSL|CEFR-J,B2,,adj,easy to do or understand; not complicated,まっすぐな；率直な；正直な
strait,CEFR-J,B2,,noun,,
strand,NAWL|CEFR-J,B2,,n,something that is plaited or twisted as a rope-like length,糸
strangely,CEFR-J,B1,,adverb,,
strangle,CEFR-J,B2,,verb,,
strategic,NAWL|TSL|BSL|CEFR-J,B1,,adj,concerned with strategy; well thought out,戦略的な
straw,CEFR-J,B1,,noun,,
strawberry,CEFR-J,B1,,noun,,
streamline,TSL|BSL,,,,make smoother and more efficient,
stressed,CEFR-J,B1,,adjective,,
stressful,CEFR-J,B1,,adjective,,
stricken,CEFR-J,B1,,adjective,,
strictly,NAWL|TSL|BSL|CEFR-J,B2,,adv,restricted to something,厳密に
stride,CEFR-J,B2,,verb,,
striking,CEFR-J,B2,,adjective,,
stripe,NAWL|TSL|CEFR-J,B1,,n,"a long, thin part of something which is a different color from the parts beside it",縞模様
strive,BSL|CEFR-J,B2,,verb,,
stubborn,CEFR-J,B1,,adjective,,
stubbornly,CEFR-J,B2,,adverb,,
stuck,CEFR-J,B1,,adjective,,
stuffed,CEFR-J,B1,,adjective,,
stumble,CEFR-J,B1,,verb,,
stun,CEFR-J,B1,,verb,,
stunning,CEFR-J,B1,,adjective,,
stylish,CEFR-J,B1,,adjective,,
stylist,CEFR-J,B2,,noun,,
sub,NAWL|BSL,,,prefix,a prefix meaning 'under' or 'instead of',サブ
subconscious,CEFR-J,B1,,adjective,,
subcontinent,CEFR-J,B2,,noun,,
subculture,CEFR-J,B2,,noun,,
subdivision,CEFR-J,B2,,noun,,
subjective,NAWL|BSL,,,adj,"the use of personal feelings and opinions, rather than facts",主観的な
subjunctive,CEFR-J,B2,,noun,,
submarine,CEFR-J,B1,,noun,,
submission,TSL,,,,"the act of formally delivering a document, for a decision to be made about it",
subordinate,BSL,,,,,
subplot,CEFR-J,B2,,noun,,
subprime,BSL,,,,,
subscribe,TSL|BSL,,,,to pay money to receive a service or product regularly,
subscriber,TSL|BSL,,,,someone who pays money to receive a service or product regularly,
subscription,TSL|BSL,,,,the amount of money that you pay to receive a service or product regularly,
subsection,BSL,,,,,
subset,NAWL,,,n,a small set which is part of a larger set,少派
subside,CEFR-J,B2,,verb,,
subsidiary,BSL,,,,,
subsidize,TSL|BSL,,,,to give financial help,
subsidy,BSL,,,,,
substantially,TSL|BSL,,,,"a great deal, amount",
substitution,NAWL|BSL,,,n,a person or thing acting or serving in place of another; to put (a person or thing) in the place of another.,代用；置換
substrate,NAWL,,,verb,a substance which a catalyst or enzyme has an effect on,基板
subtitle,CEFR-J,B2,,noun,,
subtle,NAWL|BSL|CEFR-J,B2,,adj,"difficult to notice, understand, or see",微妙な; 繊細な；巧妙な
subtract,NAWL|TSL|BSL|CEFR-J,B2,,verb,"to take away, e.g. 20 - 5 = 15",減算する
suburb,TSL|BSL|CEFR-J,B2,,noun,living area outside the city,
subway,TSL|CEFR-J,A1,,noun,a tunnel under the road for people to walk through,
succession,BSL,,,,,
successive,BSL|CEFR-J,B2,,adjective,,
successor,BSL,,,,,
suck,CEFR-J,B2,,verb,,
sue,TSL|BSL|CEFR-J,B2,,verb,To take legal action against someone,
suffering,CEFR-J,B2,,noun,,
sufficiently,NAWL|BSL|CEFR-J,B2,,adv,to a degree great enough to do something,十分に
suffix,CEFR-J,B1,,noun,,
suicide,NAWL|BSL|CEFR-J,B1,,n,the act of purposely killing yourself because you no longer wish to live,自殺
suitably,CEFR-J,B2,,adverb,,
suitcase,TSL|CEFR-J,A2,,noun,A large bag like container for carrying clothes when traveling,
suite,TSL|BSL,,,,"a set of connecting rooms, usually in a hotel",
sulfur,CEFR-J,B2,,noun,,
summit,BSL|CEFR-J,B1,,noun,,
sunbathe,CEFR-J,B1,,verb,,
sunbeam,CEFR-J,B2,,noun,,
sunday,NGSL|CEFR-J,A1,,noun,,
sundial,CEFR-J,B1,,noun,,
sunflower,CEFR-J,A2,,noun,,
sunglasses,CEFR-J,A2,,noun,,
sunlight,CEFR-J,A2,,noun,,
sunny,TSL|CEFR-J,A1,,adjective,a day with no clouds or rain just sunshine,
sunrise,CEFR-J,B1,,noun,,
sunscreen,TSL,,,,a cream spread on the skin that protects your skin from the sun,
sunset,CEFR-J,B1,,noun,,
sunshine,TSL|CEFR-J,A1,,noun,the warmth and light of the sun,
super,NAWL|BSL|CEFR-J,A1,,adj,of the highest quality; great; marvelous,超；最高の
superb,TSL|CEFR-J,B2,,adjective,very good,
superintendent,CEFR-J,B2,,noun,,
superior,NAWL|TSL|BSL|CEFR-J,B1,,n,better; higher quality,上の，上司
superlative,CEFR-J,A2,,noun,,
supermarket,TSL|BSL|CEFR-J,A1,,noun,a large self-service store selling food and household items,
supernatural,CEFR-J,B2,,adjective,,
superstar,CEFR-J,A2,,noun,,
superstition,CEFR-J,B1,,noun,,
supervise,TSL|BSL|CEFR-J,B2,,verb,to watch over and manage,
supervision,BSL|CEFR-J,B2,,noun,,
supervisor,TSL|BSL|CEFR-J,B2,,noun,the person who is in charge,
supervisory,BSL,,,,,
supper,CEFR-J,A2,,noun,,
supportive,CEFR-J,B1,,adjective,,
supposedly,NAWL|BSL|CEFR-J,B1,,adv,as some people believe (shows you doubt it),たぶん
suppress,BSL|CEFR-J,B2,,verb,,
surf,TSL|CEFR-J,A1,,noun,move from one website to another on the internet,
surfing,CEFR-J,A2,,noun,,
surge,BSL|CEFR-J,B2,,noun,,
surgeon,NAWL|CEFR-J,B1,,n,a doctor who performs surgery,外科医
surgical,NAWL,,,adj,concerning surgery,外科の
surname,CEFR-J,A2,,noun,,
surplus,NAWL|BSL,,,adj,extra; more than is needed,余剰；黒字
surprised,CEFR-J,A2,,adjective,,
surprising,CEFR-J,A2,,adjective,,
surrender,BSL|CEFR-J,B2,,verb,,
surrounding,CEFR-J,B1,,adjective,,
surroundings,CEFR-J,B2,,noun,,
surveillance,BSL|CEFR-J,B2,,noun,,
survivor,CEFR-J,B1,,noun,,
susceptible,NAWL,,,adj,at risk of developing a certain illness or problem,影響を受けやすい
suspicion,BSL|CEFR-J,B1,,noun,,
suspicious,TSL|BSL|CEFR-J,B2,,adjective,the feeling that something is not right,
suspiciously,CEFR-J,B2,,adverb,,
sustainability,BSL,,,,,
sustainable,NAWL|BSL,,,adj,capable of continuing for a long time at the same level; does not damage the environment,持続可能な
swallow,CEFR-J,A2,,verb,,
swan,CEFR-J,B2,,noun,,
swap,NAWL|BSL,,,verb,to trade or exchange,交換する
swarm,CEFR-J,B1,,noun,,
sweat,CEFR-J,B1,,noun,,
sweater,TSL|CEFR-J,A2,,noun,"a warm item of clothing worn over the arms and upper body, made of wool, ",
sweatshirt,CEFR-J,B1,,noun,,
sweetheart,CEFR-J,A2,,noun,,
swell,NAWL|BSL|CEFR-J,B1,,verb,"to become larger than normal, often because of injury",膨張する
swift,CEFR-J,B2,,adjective,,
swiftly,BSL,,,,,
swimmer,CEFR-J,B1,,noun,,
swimming,CEFR-J,A1,,noun,,
swimming costume,CEFR-J,A2,,noun,,
swimming pool,CEFR-J,A1,,noun,,
swimsuit,CEFR-J,A2,,noun,,
swollen,CEFR-J,B1,,adjective,,
sword,NAWL|CEFR-J,B1,,n,a long metal weapon with a sharp point and edge,剣
syllable,NAWL|CEFR-J,B2,,n,a unit of speech,音節
syllabus,NAWL,,,n,the teaching schedule for a course in a school or university,概要
symbolic,NAWL|CEFR-J,B2,,adj,representing a larger quality,象徴的な；記号の
sympathetic,CEFR-J,B2,,adjective,,
sympathize,CEFR-J,B2,,verb,,
sympathy,BSL|CEFR-J,B1,,noun,,
symphony,CEFR-J,A2,,noun,,
syndicate,BSL,,,,,
syndrome,NAWL|CEFR-J,B1,,n,a group of signs and symptoms that accompany a disease,症候群
synergy,BSL,,,,,
synonym,CEFR-J,B2,,noun,,
syntactic,NAWL,,,adj,grammatical,構文
syntax,NAWL,,,n,"the study of a system, such as the system of words in a sentence",構文
synthesis,NAWL,,,n pl.,building something complex from simple parts,合成
synthetic,NAWL|BSL,,,adj,not natural; made from artificial materials,合成的な
systematic,NAWL|BSL|CEFR-J,B1,,adj,"done in a thorough, logical or planned way",体系的な；組織的な
t-shirt,CEFR-J,A1,,noun,,
table tennis,CEFR-J,A2,,noun,,
tablecloth,TSL|CEFR-J,B2,,noun,a cover for a table,
tablespoon,CEFR-J,A2,,noun,,
tablet,TSL|CEFR-J,B1,,noun,a small flat solid cake of some substance,
tabloid,CEFR-J,B2,,adjective,,
tack,CEFR-J,B2,,verb,,
tactic,TSL|BSL,,,,like a plan or scheme,
tactical,BSL,,,,,
tactile,CEFR-J,B2,,adjective,,
tag,TSL|BSL|CEFR-J,B2,,noun,a label,
tailor,TSL|BSL,,,,adjust something to fit a specific need or market,
takeaway,CEFR-J,B1,,noun,,
takeoff,CEFR-J,B1,,noun,,
takeover,TSL|BSL,,,,the buying out of one company by another,
taker,TSL,,,,someone who does not give but only takes,
talented,CEFR-J,B1,,adjective,,
talkative,CEFR-J,B1,,adjective,,
tame,CEFR-J,B2,,adjective,,
tan,CEFR-J,B2,,noun,,
tangible,BSL,,,,,
tanned,CEFR-J,B2,,adjective,,
tariff,BSL,,,,,
tasteless,CEFR-J,B1,,adjective,,
tasty,TSL|CEFR-J,B1,,adjective,delicious,
tatter,CEFR-J,B2,,noun,,
tattoo,CEFR-J,B2,,noun,,
taunt,CEFR-J,B2,,noun,,
taxable,BSL,,,,,
taxation,BSL,,,,,
taxpayer,BSL,,,,,
teaching,CEFR-J,B1,,noun,,
teammate,CEFR-J,B1,,noun,,
teamwork,CEFR-J,B1,,noun,,
tease,CEFR-J,B1,,noun,,
teaspoon,CEFR-J,B2,,noun,,
tech,NAWL|TSL|BSL,,,n,short for 'technology' or 'technician',科学技術
technically,NAWL|BSL|CEFR-J,B2,,adv,in an exact and particular manner,技術的に；専門的に言うと
technician,TSL,,,,someone who is trained with special skills to do practical work,
technological,BSL|CEFR-J,B1,,adjective,,
teen,TSL|CEFR-J,B1,,noun,someone aged between the ages of thirteen and nineteen,
teenage,CEFR-J,A2,,adjective,,
telecom,BSL,,,,,
telecommunication,TSL|BSL,,,,"exchanging audio, visual or digital information at a distance, electronically",
telecommunications,CEFR-J,B1,,noun,,
telegram,CEFR-J,B1,,noun,,
telescope,CEFR-J,B2,,noun,,
teller,TSL|CEFR-J,B1,,noun,"person who works in a bank, who pays out and takes in money",
temper,CEFR-J,B1,,noun,,
temperate,CEFR-J,B2,,adjective,,
template,BSL,,,,,
temple,CEFR-J,A1,,noun,,
temporal,NAWL,,,adj,concerning time,一時的な
temporarily,TSL|BSL|CEFR-J,B2,,adverb,"not for ever, for a short while",
tempt,NAWL|TSL|BSL|CEFR-J,B1,,verb,"to make someone want something, even if it's bad",誘惑する
temptation,CEFR-J,B2,,noun,,
ten,NGSL|NGSL-Spoken|CEFR-J,A1,,number,,
tenant,TSL|BSL,,,,someone who pays rent for the use of property like land or rooms,
tenderly,CEFR-J,B2,,adverb,,
tenderness,CEFR-J,B2,,noun,,
tense,NAWL|CEFR-J,B1,,adj,stretched tight and stiff,緊張した；ピンと張った
tenure,BSL,,,,,
terminal,NAWL|TSL|BSL|CEFR-J,B1,,n,the end of something,終点；終着駅；ターミナル
terminate,TSL|BSL,,,,bring to an end,
termination,TSL|BSL,,,,the  end of something,
terminology,NAWL,,,n,specific words and expressions used in a particular field,用語
terrace,CEFR-J,B2,,noun,,
terribly,NAWL|CEFR-J,B1,,adv,to an extreme degree; badly; very,ひどく
terrific,TSL|CEFR-J,B1,,adjective,very great or wonderful,
terrified,CEFR-J,B1,,adjective,,
terrify,CEFR-J,A2,,verb,,
terrifying,CEFR-J,B2,,adjective,,
terror,BSL|CEFR-J,B1,,noun,,
terrorism,BSL|CEFR-J,B1,,noun,,
testify,BSL|CEFR-J,B2,,verb,,
testimony,BSL|CEFR-J,B2,,noun,,
text message,CEFR-J,A2,,noun,,
textbook,NAWL|TSL|BSL|CEFR-J,A2,,n,a book that is used to study,教科書
textile,BSL,,,,,
thankful,CEFR-J,B1,,adjective,,
thanks,CEFR-J,A1,,noun,,
theft,TSL|BSL|CEFR-J,B1,,noun,the taking and keeping of something that does not belong to you,
their,CEFR-J,A1,,determiner,,
theirs,CEFR-J,A2,,pronoun,,
them,CEFR-J,A1,,pronoun,,
theorem,NAWL,,,n,a statement that can be proved,定理
theorist,NAWL|CEFR-J,B2,,n,a person who forms new ideas,理論家
therapist,CEFR-J,B2,,noun,,
thereafter,BSL|CEFR-J,B2,,adverb,,
thereby,NAWL|BSL,,,adv,by that means; because of that,それによって
thermal,NAWL,,,adj,with reference to some source of heat,熱の
thermometer,CEFR-J,B2,,noun,,
these,CEFR-J,A1,,determiner,,
thesis,NAWL|CEFR-J,B2,,n,a long essay; a position taken in an argument supported by a set of reasons,論文；命題
thickly,CEFR-J,B2,,adverb,,
thickness,NAWL|CEFR-J,B2,,n,the distance between the opposite edges of a thing,厚さ
thief,CEFR-J,A2,,noun,,
thigh,CEFR-J,B2,,noun,,
thinker,CEFR-J,B2,,noun,,
third,CEFR-J,A2,,adjective,,
third person,CEFR-J,B2,,noun,,
thirdly,CEFR-J,B2,,adverb,,
thirsty,TSL|CEFR-J,A2,,adjective,in need of water,
thirteen,NGSL|CEFR-J,A1,,number,,
thirty,NGSL|NGSL-Spoken|CEFR-J,A1,,number,,
thorough,TSL|BSL|CEFR-J,B1,,adjective,"to be carefully and completely done, e.g. a thorough search",
thoroughly,TSL|BSL|CEFR-J,B2,,adverb,to do something carefully with attention to detail,
those,CEFR-J,A1,,determiner,,
thought,CEFR-J,A2,,noun,,
thoughtful,CEFR-J,B2,,adjective,,
thoughtless,CEFR-J,B2,,adjective,,
thousand,NGSL|NGSL-Spoken|CEFR-J,A2,,number,,
thread,NAWL|CEFR-J,B2,,n,"a long, very thin, soft material used to join or make cloth",糸
threatening,CEFR-J,B1,,adjective,,
three,NGSL|NGSL-Spoken|CEFR-J,A1,,number,,
threshold,NAWL|BSL,,,n,a level or point at which something would start or stop happening.,しきい値
thrill,TSL|CEFR-J,B2,,noun,excitement,
thrilled,CEFR-J,B2,,adjective,,
thriller,CEFR-J,B1,,noun,,
thrilling,CEFR-J,B2,,adjective,,
thrive,BSL,,,,,
thumb,NAWL|BSL|CEFR-J,B1,,n,"the short, thick finger on the side of your hand",親指
thump,CEFR-J,B1,,verb,,
thunder,CEFR-J,B1,,noun,,
thunderous,CEFR-J,B1,,adjective,,
thunderstorm,TSL|CEFR-J,A2,,noun,"an extreme weather condition with rain, wind, thunder and lightening",
thursday,NGSL|CEFR-J,A1,,noun,,
tick,BSL|CEFR-J,B1,,noun,,
tickle,CEFR-J,B2,,verb,,
tide,BSL|CEFR-J,B1,,noun,,
tidy,TSL|CEFR-J,A2,,adjective,put things in their correct place,
tier,BSL,,,,,
tiger,CEFR-J,A1,,noun,,
tighten,BSL|CEFR-J,B1,,verb,,
tightly,CEFR-J,B1,,adverb,,
tightrope,CEFR-J,B2,,noun,,
tights,CEFR-J,A2,,noun,,
tile,TSL|CEFR-J,B1,,noun,"a thin slab of material, often made of clay, used for covering roofs and floors",
timber,BSL,,,,,
timeless,CEFR-J,B2,,adjective,,
timeline,TSL,,,,"a series of related events arranged in the order they happen, and displayed in a row ",
timeliness,CEFR-J,B2,,noun,,
timely,TSL|BSL|CEFR-J,B1,,adjective,to happen at the right time or good time,
timer,TSL,,,,something that counts seconds and minutes,
times,CEFR-J,B2,,preposition,,
timetable,TSL|BSL|CEFR-J,A2,,noun, a list of events and when they are going to happen,
timing,CEFR-J,B2,,noun,,
tin,CEFR-J,B1,,noun,,
tiptoe,CEFR-J,B2,,verb,,
tired,CEFR-J,A1,,adjective,,
tiredness,CEFR-J,B2,,noun,,
tiresome,CEFR-J,B2,,adjective,,
tiring,CEFR-J,B1,,adjective,,
toast,CEFR-J,A2,,noun,,
tobacco,BSL|CEFR-J,B1,,noun,,
toe,CEFR-J,A2,,noun,,
toenail,CEFR-J,B2,,noun,,
toil,CEFR-J,B2,,verb,,
toilet,CEFR-J,A1,,noun,,
toiletry,TSL,,,,articles used for washing and taking care of your body,
tolerance,NAWL|BSL,,,n,"a willingness to let people do, say or believe what they wish, without judging or challenging them",耐性
tolerant,CEFR-J,B2,,adjective,,
tolerate,BSL|CEFR-J,B2,,verb,,
toll,TSL|BSL|CEFR-J,B2,,noun,a small cost or fee you pay to use a service,
tomato,TSL|CEFR-J,A1,,noun,"a round red fruit, usually thought of as a vegetable",
tomb,CEFR-J,B2,,noun,,
ton,NAWL|TSL|BSL|CEFR-J,B2,,n,a unit of weight equal to 907 kilograms,トン
toner,TSL,,,,the ink in the computer or printer,
tonne,BSL,,,,,
toothache,CEFR-J,A2,,noun,,
toothbrush,CEFR-J,A2,,noun,,
toothpaste,CEFR-J,B1,,noun,,
torch,CEFR-J,B2,,noun,,
tornado,CEFR-J,B1,,noun,,
tort,BSL,,,,,
tortoiseshell,CEFR-J,B2,,noun,,
torture,BSL|CEFR-J,B2,,verb,,
toss,CEFR-J,B1,,verb,,
tour guide,CEFR-J,A2,,noun,,
tow,TSL,,,,pull something along,
towel,TSL|CEFR-J,A1,,noun,a big cloth used for drying after a shower or swim,
toxic,NAWL|CEFR-J,B2,,adj,poisonous; harmful,毒性の
tracksuit,CEFR-J,B1,,noun,,
tract,NAWL,,,n,a large stretch of land,器官系；土地
trademark,TSL|BSL,,,,the trade or brand name,
trader,BSL|CEFR-J,B2,,noun,,
traditionally,NAWL|TSL|BSL|CEFR-J,B1,,adv,something done in a customary or traditional manner,伝統的に
traffic jam,CEFR-J,B1,,noun,,
traffic light,CEFR-J,A2,,noun,,
tragedy,CEFR-J,B1,,noun,,
tragic,CEFR-J,B1,,adjective,,
trailer,CEFR-J,B2,,noun,,
trainee,TSL|BSL|CEFR-J,B2,,noun,someone who is learning on the job ,
trainer,TSL|CEFR-J,B2,,noun,one who teaches a person or animal to do something,
training,CEFR-J,A2,,noun,,
trait,NAWL|BSL|CEFR-J,B2,,n,a characteristic,特徴
traitor,CEFR-J,B2,,noun,,
trajectory,NAWL,,,n,the path followed by an object moving through space,弾道
tram,CEFR-J,A2,,noun,,
tramp,CEFR-J,B2,,noun,,
trample,CEFR-J,B2,,noun,,
tranche,BSL,,,,,
trans,NAWL,,,prefix,"a prefix meaning 'across', 'through' or 'changing thoroughly'",トランス
transaction,NAWL|TSL|BSL,,,n,an exchange; in business this usually involves money,取引
transcribe,NAWL,,,verb,to write something spoken,～を書き写す
transcript,CEFR-J,B2,,noun,,
transcription,NAWL,,,n,something written,転写
transformation,NAWL|BSL|CEFR-J,B1,,n,a complete change in shape or form of something,変換
transfusion,CEFR-J,B2,,noun,,
transient,CEFR-J,B2,,adjective,,
transistor,CEFR-J,B2,,noun,,
transit,TSL|BSL,,,,on the move from one place to another,
transitional,CEFR-J,B1,,adjective,,
transitive,CEFR-J,B2,,adjective,,
translation,NAWL|TSL|BSL|CEFR-J,B2,,n,changing from one form to another. e.g. changing from one language to another,翻訳
translator,TSL|CEFR-J,B2,,noun,the person who changes something into another language,
transmission,NAWL|TSL|BSL|CEFR-J,B2,,n,an electronic signal that has been sent by radio waves; a force that has been transferred from one machine to another,伝送；通信
transmit,NAWL|TSL|BSL|CEFR-J,B2,,verb,to broadcast by using electrical signals to a radio or TV,送信する
transparency,NAWL|BSL,,,n,the amount you can see through something,透明
transparent,BSL|CEFR-J,B2,,adjective,,
transplant,NAWL,,,n,a medical operation in which a new organ is placed inside a patient's body,移植，移植する
trash,TSL|CEFR-J,B1,,noun,garbage or waste; something worthless,
trauma,NAWL,,,n,a very severe or upsetting experience,外傷；トラウマ
travel agent,CEFR-J,B1,,noun,,
traveler,TSL|BSL|CEFR-J,A2,,noun,a tourist or adventurer who visits many countries,
traverse,CEFR-J,B2,,noun,,
tray,TSL|CEFR-J,B2,,noun,"a flat plate used to carry things, usually coffee or tea",
tread,CEFR-J,B2,,verb,,
treasure,CEFR-J,A2,,noun,,
treasury,BSL,,,,,
treaty,NAWL|BSL|CEFR-J,B2,,n,an agreement between nations,条約
trek,CEFR-J,B2,,noun,,
tremble,CEFR-J,B1,,verb,,
tremendous,NAWL|TSL|BSL|CEFR-J,B1,,adj,"having great size, excellence, or power",途方もない
tremendously,CEFR-J,B2,,adverb,,
tremor,CEFR-J,B2,,noun,,
triangle,NAWL|CEFR-J,B2,,n,a closed shape with three straight sides,三角形
tribal,BSL,,,,,
tribe,NAWL|BSL|CEFR-J,B2,,n,"a racial group united by language, religion and customs",部族
tribunal,BSL,,,,,
tricky,NAWL|BSL|CEFR-J,B2,,adj,difficult to do or deal with; something that needs skill,巧妙な；扱いにくい
trillion,NGSL,,,,,
trim,BSL|CEFR-J,B1,,noun,,
trio,CEFR-J,B2,,noun,,
triple,BSL,,,,,
triumph,BSL|CEFR-J,B1,,noun,,
trivial,NAWL|CEFR-J,B2,,adj,unimportant,ささいな
trolley,CEFR-J,B2,,noun,,
trophy,CEFR-J,B2,,noun,,
tropic,CEFR-J,B2,,adjective,,
tropical,NAWL|TSL|CEFR-J,B1,,adj,hot and humid; near to the equator,熱帯の
troublesome,CEFR-J,B2,,adjective,,
trousers,CEFR-J,A1,,noun,,
trumpet,CEFR-J,B1,,noun,,
trunk,CEFR-J,B2,,noun,,
trustee,BSL,,,,,
trustworthy,CEFR-J,B1,,adjective,,
trusty,CEFR-J,B2,,adjective,,
truthful,CEFR-J,B2,,adjective,,
truthfulness,CEFR-J,B2,,noun,,
tub,CEFR-J,B2,,noun,,
tuberculosis,CEFR-J,B2,,noun,,
tuesday,NGSL|CEFR-J,A1,,noun,,
tug,CEFR-J,B2,,noun,,
tuition,TSL|CEFR-J,B2,,noun,the sum of money charged for teaching by a college or university,
tulip,CEFR-J,B2,,noun,,
tumble,BSL|CEFR-J,B1,,verb,,
tumor,NAWL|CEFR-J,B2,,n,a mass of abnormal cells that develops when cancerous cells divide and grow uncontrollably,腫瘍
tuna,TSL|CEFR-J,B1,,noun,"a type of fish that lives in the sea, and is good to eat",
tunnel,TSL|BSL|CEFR-J,B2,,noun,a hole one can travel through,
tuple,BSL,,,,,
turbulence,CEFR-J,B1,,noun,,
turbulent,NAWL|CEFR-J,B2,,adj,moving violently and unevenly,乱流
turkey,CEFR-J,A1,,noun,,
turmoil,BSL,,,,,
turning,CEFR-J,B1,,noun,,
turnover,TSL|BSL,,,,the amount of money that a business makes in an amount of time,
turtle,CEFR-J,B1,,noun,,
tutor,NAWL|CEFR-J,B2,,n,a teacher,家庭教師
tv,CEFR-J,A1,,noun,,
twelve,NGSL|NGSL-Spoken|CEFR-J,A1,,number,,
twenty,NGSL|NGSL-Spoken|CEFR-J,A1,,number,,
twinkle,CEFR-J,B2,,noun,,
twisted,CEFR-J,B2,,adjective,,
two,NGSL|NGSL-Spoken|CEFR-J,A1,,number,,
typhoid,CEFR-J,B2,,noun,,
tyranny,CEFR-J,B2,,noun,,
tyrant,CEFR-J,B2,,noun,,
ultimate,NAWL|BSL|CEFR-J,B2,,adj,"happening or coming at the end of process, final",究極の; 根本的な
umbrella,TSL|CEFR-J,A1,,noun,"something, like an organization, that covers a  similar range of things ",
unacceptable,CEFR-J,B2,,adjective,,
unafraid,CEFR-J,B1,,adjective,,
unashamedly,CEFR-J,B2,,adverb,,
unattended,TSL,,,,when someone or something is not being watched,
unattractive,CEFR-J,B2,,adjective,,
unauthorize,TSL|BSL,,,,without official permission,
unauthorized,CEFR-J,B2,,adjective,,
unavailable,TSL|CEFR-J,B2,,adjective,not ready for use,
unaware,CEFR-J,B2,,adjective,,
unbearable,CEFR-J,B2,,adjective,,
unbeatable,CEFR-J,B2,,adjective,,
unbelievable,CEFR-J,B1,,adjective,,
uncertain,BSL|CEFR-J,A2,,adjective,,
unchanged,BSL|CEFR-J,B2,,adjective,,
uncharacteristic,CEFR-J,B2,,adjective,,
unclearly,CEFR-J,B2,,adverb,,
uncomfortable,TSL|CEFR-J,A2,,adjective,not pleased or happy with a situation or thing,
uncomfortably,CEFR-J,B2,,adverb,,
uncommon,CEFR-J,B2,,adjective,,
unconcerned,CEFR-J,B2,,adjective,,
unconscious,CEFR-J,B2,,adjective,,
uncontrollable,CEFR-J,B1,,adjective,,
uncover,BSL|CEFR-J,B1,,verb,,
underage,CEFR-J,B1,,adjective,,
underestimate,BSL|CEFR-J,B2,,verb,,
undergraduate,NAWL|CEFR-J,B2,,n,a college student who is working toward his or her first degree,学部生
underground,TSL|BSL|CEFR-J,B2,,adjective,below the surface,
underline,TSL|CEFR-J,A1,,noun,to call attention to  ,
undermine,NAWL|BSL,,,verb,to weaken or destroy something secretly and usually slowly,弱体化させる
underneath,NAWL|CEFR-J,B2,,adv,below or beneath something; under,下に
underpants,CEFR-J,B1,,noun,,
underpin,BSL,,,,,
undersea,CEFR-J,B2,,adjective,,
understandable,CEFR-J,B2,,adjective,,
understanding,CEFR-J,B2,,adjective,,
undervalue,BSL,,,,,
underwater,CEFR-J,A2,,adjective,,
underway,TSL,,,,happening now,
underwear,CEFR-J,B2,,noun,,
underwrite,BSL,,,,,
underwriter,BSL,,,,,
undo,CEFR-J,B1,,verb,,
undoubtedly,BSL|CEFR-J,B2,,adverb,,
undreamed,CEFR-J,B2,,adjective,,
undress,CEFR-J,B1,,verb,,
undressed,CEFR-J,B2,,adjective,,
unease,CEFR-J,B2,,noun,,
uneasily,CEFR-J,B2,,adverb,,
uneasy,CEFR-J,A2,,adjective,,
unemployed,NAWL|TSL|BSL|CEFR-J,B1,,adj,being without a job; jobless,失業した，失業者
unenthusiastic,CEFR-J,B2,,adjective,,
uneven,CEFR-J,B2,,adjective,,
unexpected,TSL|BSL|CEFR-J,B1,,adjective,to be a surprise,
unexpectedly,BSL|CEFR-J,B1,,adverb,,
unfair,BSL|CEFR-J,A2,,adjective,,
unfairly,CEFR-J,B1,,adverb,,
unfamiliar,TSL|CEFR-J,B2,,adjective,not well known,
unfashionable,CEFR-J,B2,,adjective,,
unfavorable,BSL,,,,,
unfit,CEFR-J,B1,,adjective,,
unfold,CEFR-J,B1,,verb,,
unforeseen,CEFR-J,B2,,adjective,,
unforgettable,CEFR-J,A2,,adjective,,
unfortunate,CEFR-J,B1,,adjective,,
unfriendly,CEFR-J,B1,,adjective,,
ungodly,CEFR-J,B2,,adjective,,
unhappiness,CEFR-J,B2,,noun,,
unhappy,TSL|BSL|CEFR-J,A2,,adjective,feeling little or no joy,
unhealthy,CEFR-J,A2,,adjective,,
unheard,CEFR-J,B1,,adjective,,
unhelpful,CEFR-J,B2,,adjective,,
unify,NAWL|BSL|CEFR-J,B1,,verb,to join or bring together,統一する
unimaginable,CEFR-J,B2,,adjective,,
unimaginably,CEFR-J,B2,,adverb,,
unimportant,CEFR-J,A2,,adjective,,
unintelligible,NAWL,,,adj,that cannot be understood,理解できない
uninterested,CEFR-J,B1,,adjective,,
uninteresting,CEFR-J,B1,,adjective,,
united,CEFR-J,B2,,adjective,,
unity,NAWL|BSL,,,n,being in full agreement; being joined together,単一性；統一
unjustly,CEFR-J,B2,,adverb,,
unkind,CEFR-J,B2,,adjective,,
unlimited,TSL|BSL|CEFR-J,B2,,adjective,without end,
unload,TSL|CEFR-J,B2,,verb,to remove something (usually from a truck),
unlock,CEFR-J,B2,,verb,,
unlucky,CEFR-J,B1,,adjective,,
unmistakable,CEFR-J,B2,,adjective,,
unmistakably,CEFR-J,B2,,adverb,,
unnatural,CEFR-J,B2,,adjective,,
unnecessary,TSL|BSL|CEFR-J,A2,,adjective,not needed,
unofficial,CEFR-J,B2,,adjective,,
unpack,CEFR-J,B1,,verb,,
unpaid,TSL|BSL,,,,working for no money,
unpleasant,TSL|CEFR-J,A2,,adjective,"not nice, not comfortable",
unplug,TSL,,,,to pull out an electrical cord from its socket,
unpopular,BSL|CEFR-J,B2,,adjective,,
unprecedented,BSL,,,,,
unpredictable,BSL|CEFR-J,B1,,adjective,,
unreal,TSL,,,,not true to life,
unrealistic,CEFR-J,B2,,adjective,,
unreasonable,CEFR-J,B2,,adjective,,
unrelated,BSL|CEFR-J,B1,,adjective,,
unreliable,TSL|CEFR-J,B2,,adjective,not trustworthy,
unrest,CEFR-J,B2,,noun,,
unsafe,CEFR-J,B2,,adjective,,
unsatisfactory,CEFR-J,B2,,adjective,,
unsecured,BSL,,,,,
unselfish,CEFR-J,B2,,adjective,,
unspecified,TSL,,,,not clearly marked or known,
unstable,NAWL,,,adj,likely to move from its position or fall,不安定な
unstoppable,CEFR-J,B2,,adjective,,
unsuccessful,CEFR-J,B2,,adjective,,
unsuitable,CEFR-J,B2,,adjective,,
unsure,TSL|CEFR-J,B2,,adjective,not certain or sure,
untalented,CEFR-J,B2,,adjective,,
unthinkably,CEFR-J,B2,,adverb,,
untidy,CEFR-J,B1,,adjective,,
untie,CEFR-J,B2,,verb,,
unto,CEFR-J,B2,,preposition,,
untreated,CEFR-J,B2,,adjective,,
untrimmed,CEFR-J,B2,,adjective,,
unused,TSL,,,,not yet put into use,
unusually,TSL|BSL|CEFR-J,B1,,adverb,not normal or usual,
unusualness,CEFR-J,B2,,noun,,
unveil,BSL,,,,,
unwanted,CEFR-J,B1,,adjective,,
unwell,CEFR-J,B1,,adjective,,
unwilling,BSL|CEFR-J,B2,,adjective,,
unwise,CEFR-J,B2,,adjective,,
unworldly,CEFR-J,B2,,adjective,,
up-to-date,CEFR-J,B1,,adjective,,
upbringing,CEFR-J,B2,,noun,,
upcoming,TSL,,,,happening soon,
upgrade,TSL|BSL|CEFR-J,B2,,noun,to improve what was old or outdated,
uplift,NAWL,,,n,to make someone feel happier or more hopeful,元気付ける
uplifted,CEFR-J,B1,,adjective,,
upload,CEFR-J,B1,,verb,,
upright,CEFR-J,B2,,adjective,,
upside down,CEFR-J,B2,,adjective,,
upstairs,TSL|CEFR-J,B1,,adjective,on a higher level of the building,
upward,NAWL|BSL|CEFR-J,B1,,adv,moving toward a higher point or position,上向きに
uranium,BSL,,,,,
urgent,TSL|BSL|CEFR-J,B1,,adjective,"very important, needing attention now",
urgently,TSL|CEFR-J,B2,,adverb,to do something right away,
urine,NAWL,,,n,yellow liquid waste from the body,尿
us,CEFR-J,A1,,pronoun,,
usage,NAWL|TSL|BSL|CEFR-J,B1,,n,the way something is used,使用
used,CEFR-J,A2,,adjective,,
used to,CEFR-J,B1,,modal auxiliary,,
useless,CEFR-J,B1,,adjective,,
usher,CEFR-J,B2,,verb,,
utility,NAWL|TSL|BSL|CEFR-J,B2,,n,"being useful; a public service such as gas, water, or electricity that is used by everyone",実用性；公益事業
utilization,BSL,,,,,
utilize,NAWL|BSL|CEFR-J,B2,,verb,to use something practically for a particular purpose,利用する
utter,CEFR-J,B2,,verb,,
utterance,NAWL,,,n,something that is said,発話
utterly,CEFR-J,B2,,adverb,,
vacancy,TSL|CEFR-J,B1,,noun,job or position that needs to be filled,
vacant,TSL|CEFR-J,B2,,adjective,empty,
vacate,TSL,,,,leave empty; move out of,
vacation,TSL|BSL|CEFR-J,A1,,noun,a holiday or break from work,
vaccine,BSL|CEFR-J,B2,,noun,,
vacuum,TSL,,,,a completely empty space,
vague,NAWL|BSL|CEFR-J,B1,,adj,not clearly stated,ぼんやりした
vain,CEFR-J,B1,,adjective,,
valentine,CEFR-J,B2,,noun,,
valid,NAWL|TSL|BSL|CEFR-J,B2,,adj,sound; just; well-founded,正当な；有効な
validate,TSL,,,,to confirm that something is acceptable,
validity,NAWL|BSL,,,n,how true something is; in statistics: the ability of a test to measure what it is intended to measure.,妥当性
valuation,BSL,,,,,
valve,NAWL,,,n,"a device along a pipe that can either open and allow something to flow, or close and block it",弁；バルブ
vanilla,TSL,,,,a flavoring used in ice cream and other sweet foods to make them taste good,
vanish,CEFR-J,B2,,verb,,
vanity,CEFR-J,B2,,noun,,
variability,NAWL|BSL,,,n,(statistics) degree scores depart from the mean,変動
variance,NAWL|BSL,,,n,(statistics) amount of difference in distributions,分散
variant,NAWL,,,n,thing that differs from something of the same kind,変異
varied,CEFR-J,B2,,adjective,,
vase,TSL|CEFR-J,A1,,noun,"a jug or urn to put cut flowers in, to make a room look pretty ",
vector,NAWL|BSL,,,n,a quantity that has both size and direction.,ベクトル
vegetarian,TSL|CEFR-J,B1,,adjective,someone who does not eat meat or fish,
vegetation,NAWL,,,n,plants,植生
vein,NAWL|CEFR-J,B1,,n,one of the little tubes that return blood from the body to the heart,静脈
velocity,NAWL,,,n,speed in a given direction,速度
vend,TSL,,,,To offer something for sale or to sell something,
vendor,TSL|BSL,,,,the person who is selling something,
venue,TSL|CEFR-J,B2,,noun,the place that an event is happening,
verbal,NAWL|TSL|BSL|CEFR-J,B2,,adj,"using speech, rather than being written",言葉による
verbally,CEFR-J,B2,,adverb,,
verdict,BSL,,,,,
verify,TSL|BSL,,,,confirm the truth of,
verse,CEFR-J,B2,,noun,,
vertical,NAWL|BSL,,,adj,a line going up/down; not horizontal,垂直の
vest,BSL,,,,,
vet,CEFR-J,B1,,noun,,
veto,BSL,,,,,
viable,NAWL|BSL,,,adj,able to be done; possible,実行可能な
vibrate,CEFR-J,B2,,verb,,
vibration,CEFR-J,B2,,noun,,
vice president,CEFR-J,B1,,noun,,
video clip,CEFR-J,B1,,noun,,
video game,CEFR-J,A2,,noun,,
videoconference,TSL,,,,meeting carried out over the internet,
viewer,BSL|CEFR-J,B2,,noun,,
viewpoint,CEFR-J,B1,,noun,,
vigor,CEFR-J,B2,,noun,,
vigorous,CEFR-J,B2,,adjective,,
vigorously,CEFR-J,B2,,adverb,,
villa,CEFR-J,B2,,noun,,
villager,CEFR-J,B2,,noun,,
vinegar,CEFR-J,B2,,noun,,
violate,TSL|BSL|CEFR-J,B2,,verb,to break the rule or law,
violation,TSL|BSL,,,,the act of breaking a rule or law,
violently,CEFR-J,B1,,adverb,,
violin,TSL|CEFR-J,A2,,noun,small wooden instrument with four strings for making music ,
virtual,BSL|CEFR-J,B1,,adjective,,
virtual reality,CEFR-J,B2,,noun,,
virtue,NAWL|BSL|CEFR-J,B2,,n,a good quality,美徳
visa,TSL|BSL|CEFR-J,B1,,noun,travel permit that allows you to enter a particular country for a period of time,
visibly,CEFR-J,B2,,adverb,,
visually,CEFR-J,B1,,adverb,,
vitamin,NAWL|TSL|CEFR-J,B2,,n,a substance that is healthy for your body and can be found in foods or taken as a medicine,ビタミン
vivid,CEFR-J,B1,,adjective,,
vividly,CEFR-J,B1,,adverb,,
vocabulary,NAWL|CEFR-J,A2,,n,the words that a person knows,語彙
vocalist,CEFR-J,B2,,noun,,
void,BSL,,,,,
volatile,BSL,,,,,
volatility,BSL,,,,,
volcano,CEFR-J,B1,,noun,,
volition,NAWL,,,n,the act of making a conscious choice,意志選択行為
volleyball,TSL|CEFR-J,A1,,noun,a ballgame for two teams who try to hit a large ball backwards and forwards across a central net,
vomit,CEFR-J,B2,,noun,,
voucher,TSL|BSL,,,,a piece of paper that you can use to buy goods or to get them at a reduced price,
vow,BSL|CEFR-J,B2,,noun,,
vowel,NAWL|CEFR-J,B1,,n,"a speech sound; a, e , i, o, u and sometimes y",母音
voyage,CEFR-J,B1,,noun,,
vulnerable,BSL,,,,,
wagon,CEFR-J,B1,,noun,,
waist,CEFR-J,B2,,noun,,
waistcoat,CEFR-J,B2,,noun,,
waiter,TSL|CEFR-J,A1,,noun,a man whose job it is to bring meals to your table in a restaurant or cafe,
waitress,TSL|CEFR-J,A1,,noun,a woman whose job it is to bring meals to your the table in a restaurant or cafe ,
waive,TSL,,,,to give up or do without,
walkabout,CEFR-J,B2,,noun,,
walker,CEFR-J,B2,,noun,,
walking,CEFR-J,A2,,noun,,
walkway,TSL,,,,a connecting passage or path for pedestrians to move along,
wallboard,CEFR-J,B2,,noun,,
wallet,TSL|CEFR-J,A2,,noun,"a small case that can fit in a pocket, used by men to hold money  and credit cards",
walnut,CEFR-J,B2,,noun,,
ward,TSL|CEFR-J,B1,,noun,"an electoral district, a small area within which the people can all vote for the same thing",
wardrobe,CEFR-J,B1,,noun,,
warehouse,TSL|BSL,,,,a building where a large number of things are stored while they are waiting to be sold,
warmly,CEFR-J,B1,,adverb,,
warmth,CEFR-J,B1,,noun,,
warning,CEFR-J,B1,,noun,,
warrant,BSL,,,,,
warranty,TSL|BSL|CEFR-J,B1,,noun,the promise to repair or replace a product if it ceases to work properly,
warrior,CEFR-J,B1,,noun,,
warship,CEFR-J,B2,,noun,,
wartime,CEFR-J,B2,,noun,,
wary,BSL,,,,,
was,CEFR-J,A1,,be-verb,,
washbowl,CEFR-J,B1,,noun,,
washing machine,CEFR-J,A2,,noun,,
washing-up,CEFR-J,A2,,noun,,
wasp,CEFR-J,B2,,noun,,
wasteful,CEFR-J,B1,,adjective,,
waterfall,CEFR-J,B1,,noun,,
waterproof,CEFR-J,B2,,adjective,,
watershed,NAWL,,,verb,"a period of time during which important, significant changes take place",流域
wavelength,NAWL,,,n,the size of a wave; a shared understanding,波長
wax,CEFR-J,B1,,noun,,
weaken,BSL|CEFR-J,B2,,verb,,
weakly,CEFR-J,B2,,adverb,,
wearisome,CEFR-J,B2,,adjective,,
weary,CEFR-J,B2,,adjective,,
weather forecast,CEFR-J,B1,,noun,,
weave,NAWL|CEFR-J,B2,,verb,to make something by crossing threads over and under each other,織る
web page,CEFR-J,A2,,noun,,
webcam,CEFR-J,B1,,noun,,
webpage,TSL,,,,information shown on the screen of an internet website about a particular subject,
website,TSL|BSL|CEFR-J,A2,,noun,a set of internet pages that give information about a particular person or organization,
wedding,CEFR-J,A2,,noun,,
wednesday,NGSL|CEFR-J,A1,,noun,,
weed,CEFR-J,B2,,noun,,
weekday,TSL|CEFR-J,A2,,noun,"All the working days in a week, usually Monday to Friday",
weep,CEFR-J,A2,,noun,,
well-balanced,CEFR-J,B2,,adjective,,
well-built,CEFR-J,B2,,adjective,,
well-dressed,CEFR-J,B1,,adjective,,
well-known,CEFR-J,A2,,adjective,,
well-organized,CEFR-J,B2,,adjective,,
well-paid,CEFR-J,B2,,adjective,,
wellness,TSL,,,,State of being healthy; not ill,
were,CEFR-J,A1,,be-verb,,
westward,CEFR-J,B1,,adverb,,
wetland,CEFR-J,B1,,noun,,
whale,TSL|CEFR-J,B1,,noun,a large mamal that lives in the sea,
wheat,NAWL|BSL|CEFR-J,B2,,n,a kind of grain that is used to make flour for bread,小麦
wheelchair,TSL|CEFR-J,A2,,noun,"a seat, that has wheels, that allows a person who cannot walk to move about",
whereby,NAWL|BSL,,,adv,by which; by that thing,それによって～する
whichever,NAWL|CEFR-J,B1,,det,whatever one,どちらの～でも
whip,CEFR-J,B2,,verb,,
whiskey,CEFR-J,B2,,noun,,
whistle,CEFR-J,B1,,noun,,
whoever,NAWL|TSL|CEFR-J,B1,,pron,whatever person; any person at all,誰が～しようとも；一体誰が～；～する人は誰でも
wholesale,BSL,,,,,
wholesaler,BSL,,,,,
wholly,BSL,,,,,
whom,CEFR-J,A2,,pronoun,,
whose,CEFR-J,A1,,determiner,,
widen,BSL|CEFR-J,B2,,verb,,
widespread,NAWL|BSL|CEFR-J,B1,,adj,happening or existing in many places; affecting many people,広く行き渡っている
widow,CEFR-J,B2,,noun,,
width,CEFR-J,B2,,noun,,
wilderness,CEFR-J,B2,,noun,,
wildlife,TSL|CEFR-J,B1,,noun,animals and plants that live in the natural world,
wildly,CEFR-J,B1,,adverb,,
willing,CEFR-J,B2,,adjective,,
willingly,CEFR-J,B2,,adverb,,
willingness,TSL|BSL|CEFR-J,B1,,noun,being happy to do something,
winding,CEFR-J,B2,,adjective,,
windscreen,CEFR-J,B1,,noun,,
windshield,CEFR-J,B2,,noun,,
windsurfing,CEFR-J,B1,,noun,,
windy,TSL|CEFR-J,A2,,adjective,weather that is stormy or gusty,
wink,CEFR-J,B2,,noun,,
wireless,TSL|BSL,,,,a means of communication that uses radio waves instead of wires,
wisdom,NAWL|BSL|CEFR-J,A2,,n,knowledge gained from experience in life,知恵
wisely,TSL,,,,to do something that is the right thing to do,
wit,CEFR-J,B2,,noun,,
withdrawal,TSL|BSL|CEFR-J,B2,,noun,"the act of taking something away or out of something, e.g. bank withdrawal",
wither,CEFR-J,B1,,verb,,
withhold,BSL,,,,,
witty,CEFR-J,B2,,adjective,,
wizard,CEFR-J,B1,,adjective,,
woe,BSL,,,,,
wolf,CEFR-J,B2,,noun,,
wondrous,CEFR-J,B2,,adjective,,
woodcarving,CEFR-J,B2,,noun,,
wool,TSL|CEFR-J,A2,,noun,the fur of sheep,
wordlessly,CEFR-J,B2,,adverb,,
workaholic,CEFR-J,B2,,adjective,,
workbench,CEFR-J,B2,,noun,,
workbook,TSL,,,,"a file containing information about a particular subject, and relatated problems to be solved by the student",
workforce,TSL|BSL,,,,all the people that a company employs,
working,CEFR-J,B1,,adjective,,
workman,CEFR-J,B2,,noun,,
workout,CEFR-J,B1,,noun,,
workplace,TSL|BSL|CEFR-J,B1,,noun,the location where you do your job,
worksheet,BSL,,,,,
workshop,NAWL|TSL|BSL|CEFR-J,B1,,n,a brief intensive course for a small group; emphasizes problem solving,作業場；研修会
worktable,CEFR-J,B2,,noun,,
worldly,CEFR-J,B2,,adjective,,
worldview,CEFR-J,B2,,noun,,
worldwide,TSL|BSL|CEFR-J,B2,,adjective,Spanning or reaching across the whole earth,
worm,CEFR-J,B2,,noun,,
worn,CEFR-J,B1,,adjective,,
wornout,CEFR-J,B2,,adjective,,
worried,CEFR-J,A2,,adjective,,
worrying,CEFR-J,B2,,adjective,,
worse,CEFR-J,A2,,adjective,,
worsen,BSL|CEFR-J,B2,,verb,,
worship,CEFR-J,B2,,noun,,
worst,CEFR-J,A2,,adjective,,
worthless,CEFR-J,B2,,adjective,,
worthwhile,TSL|BSL|CEFR-J,B1,,adjective,useful; there is some value to it,
worthy,BSL|CEFR-J,B1,,adjective,,
wrapping,CEFR-J,B1,,noun,,
wreck,CEFR-J,B2,,noun,,
wrinkle,TSL,,,,a crease or fold,
wrist,CEFR-J,B1,,noun,,
wristwatch,TSL|CEFR-J,B1,,noun,a small device for telling the time that you wear on your lower arm,
writing,CEFR-J,A2,,noun,,
written,CEFR-J,B1,,adjective,,
wrongly,CEFR-J,B2,,adverb,,
x-ray,CEFR-J,B2,,noun,,
yacht,CEFR-J,B2,,noun,,
yawn,CEFR-J,B2,,noun,,
yearly,TSL|BSL,,,,happening every 12 months,
yearn,CEFR-J,B2,,verb,,
yeast,NAWL,,,n,a single-celled fungi used to make bread and beer,イースト
yell,CEFR-J,B1,,noun,,
yen,TSL|BSL,,,,the basic unit of money in Japan ,
yoga,TSL|CEFR-J,B1,,noun,a system of exercise to give control over your mind and body,
yogurt,CEFR-J,A1,,noun,,
your,CEFR-J,A1,,determiner,,
yours,CEFR-J,A1,,pronoun,,
youthful,CEFR-J,B2,,adjective,,
yuan,BSL,,,,,
yummy,CEFR-J,B2,,adjective,,
zebra,CEFR-J,B2,,noun,,
zip,CEFR-J,B2,,noun,,
zoo,TSL|CEFR-J,A1,,noun,a park where many different types of live animals are kept ,
zoom,CEFR-J,B2,,noun,,